date,Industrial Production,Manufacturing Production,Real Personal Consumption Expenditure,Real Personal Income excluding transfers,Real Personal Income,Real Retail & Food Services Sales,Housing Starts,Building Permits,Nonfarm Payroll Employment,Unemployment Rate,Average Weekly Hours — Total Private,Average Weekly Hours — Manufacturing,Job Openings,Labor Force Participation Rate,Average Hourly Earnings — Total Private,CPI All Items,Core CPI,PCE Price Index,Core PCE Price Index,Producer Prices — Final Demand,Producer Prices — All Commodities,Commercial & Industrial Loans,Consumer Credit,Federal Funds Rate,Total Bank Reserves,M2 Money Supply,Total Capacity Utilization
1913-01-01,,,,,,,,,,,,,,,,,,,,,,,,,,,
1913-02-01,,,,,,,,,,,,,,,,,,,,,-0.8264462809917328,,,,,,
1913-03-01,,,,,,,,,,,,,,,,,,,,,0.0,,,,,,
1913-04-01,,,,,,,,,,,,,,,,,,,,,0.0,,,,,,
1913-05-01,,,,,,,,,,,,,,,,,,,,,-0.8333333333333304,,,,,,
1913-06-01,,,,,,,,,,,,,,,,,,,,,0.0,,,,,,
1913-07-01,,,,,,,,,,,,,,,,,,,,,0.8403361344537785,,,,,,
1913-08-01,,,,,,,,,,,,,,,,,,,,,0.0,,,,,,
1913-09-01,,,,,,,,,,,,,,,,,,,,,1.6666666666666607,,,,,,
1913-10-01,,,,,,,,,,,,,,,,,,,,,0.0,,,,,,
1913-11-01,,,,,,,,,,,,,,,,,,,,,-0.8196721311475419,,,,,,
1913-12-01,,,,,,,,,,,,,,,,,,,,,-1.6528925619834656,,,,,,
1914-01-01,,,,,,,,,,,,,,,,,,,,,-0.8403361344537785,,,,,,
1914-02-01,,,,,,,,,,,,,,,,,,,,,0.0,,,,,,
1914-03-01,,,,,,,,,,,,,,,,,,,,,-0.8474576271186529,,,,,,
1914-04-01,,,,,,,,,,,,,,,,,,,,,0.0,,,,,,
1914-05-01,,,,,,,,,,,,,,,,,,,,,-0.8547008547008517,,,,,,
1914-06-01,,,,,,,,,,,,,,,,,,,,,0.0,,,,,,
1914-07-01,,,,,,,,,,,,,,,,,,,,,0.0,,,,,,
1914-08-01,,,,,,,,,,,,,,,,,,,,,3.4482758620689724,,,,,,
1914-09-01,,,,,,,,,,,,,,,,,,,,,0.8333333333333304,,,,,,
1914-10-01,,,,,,,,,,,,,,,,,,,,,-3.3057851239669422,,,,,,
1914-11-01,,,,,,,,,,,,,,,,,,,,,0.0,,,,,,
1914-12-01,,,,,,,,,,,,,,,,,,,,,-0.8547008547008517,,,,,,
1915-01-01,,,,,,,,,,,,,,,,,,,,,1.7241379310344973,,,,,,
1915-02-01,,,,,,,,,,,,,,,,,,,,,0.0,,,,,,
1915-03-01,,,,,,,,,,,,,,,,,,,,,0.0,,,,,,
1915-04-01,,,,,,,,,,,,,,,,,,,,,0.0,,,,,,
1915-05-01,,,,,,,,,,,,,,,,,,,,,0.8474576271186418,,,,,,
1915-06-01,,,,,,,,,,,,,,,,,,,,,-0.8403361344537785,,,,,,
1915-07-01,,,,,,,,,,,,,,,,,,,,,0.8474576271186418,,,,,,
1915-08-01,,,,,,,,,,,,,,,,,,,,,-0.8403361344537785,,,,,,
1915-09-01,,,,,,,,,,,,,,,,,,,,,0.0,,,,,,
1915-10-01,,,,,,,,,,,,,,,,,,,,,2.5423728813559254,,,,,,
1915-11-01,,,,,,,,,,,,,,,,,,,,,1.6528925619834878,,,,,,
1915-12-01,,,,,,,,,,,,,,,,,,,,,4.065040650406493,,,,,,
1916-01-01,,,,,,,,,,,,,,,,,,,,,3.90625,,,,,,
1916-02-01,,,,,,,,,,,,,,,,,,,,,1.5037593984962294,,,,,,
1916-03-01,,,,,,,,,,,,,,,,,,,,,2.9629629629629672,,,,,,
1916-04-01,,,,,,,,,,,,,,,,,,,,,1.4388489208633004,,,,,,
1916-05-01,,,,,,,,,,,,,,,,,,,,,0.7092198581560183,,,,,,
1916-06-01,,,,,,,,,,,,,,,,,,,,,0.7042253521126751,,,,,,
1916-07-01,,,,,,,,,,,,,,,,,,,,,0.6993006993006867,,,,,,
1916-08-01,,,,,,,,,,,,,,,,,,,,,2.083333333333326,,,,,,
1916-09-01,,,,,,,,,,,,,,,,,,,,,2.0408163265306145,,,,,,
1916-10-01,,,,,,,,,,,,,,,,,,,,,4.666666666666663,,,,,,
1916-11-01,,,,,,,,,,,,,,,,,,,,,7.006369426751591,,,,,,
1916-12-01,,,,,,,,,,,,,,,,,,,,,1.7857142857142794,,,,,,
1917-01-01,,,,,,,,,,,,,,,,,,,,,2.923976608187129,,,,,,
1917-02-01,,,,,,,,,,,,,,,,,,,,,2.2727272727272707,,,,,,
1917-03-01,,,,,,,,,,,,,,,,,,,,,2.777777777777768,,,,,,
1917-04-01,,,,,,,,,,,,,,,,,,,,,6.486486486486487,,,,,,
1917-05-01,,,,,,,,,,,,,,,,,,,,,5.583756345177671,,,,,,
1917-06-01,,,,,,,,,,,,,,,,,,,,,0.9615384615384581,,,,,,
1917-07-01,,,,,,,,,,,,,,,,,,,,,0.952380952380949,,,,,,
1917-08-01,,,,,,,,,,,,,,,,,,,,,1.4150943396226356,,,,,,
1917-09-01,,,,,,,,,,,,,,,,,,,,,-0.9302325581395321,,,,,,
1917-10-01,,,,,,,,,,,,,,,,,,,,,-0.9389671361502261,,,,,,
1917-11-01,,,,,,,,,,,,,,,,,,,,,0.4739336492890933,,,,,,
1917-12-01,,,,,,,,,,,,,,,,,,,,,0.0,,,,,,
1918-01-01,,,,,,,,,,,,,,,,,,,,,1.8867924528301883,,,,,,
1918-02-01,,,,,,,,,,,,,,,,,,,,,-2.314814814814814,,,,,,
1918-03-01,,,,,,,,,,,,,,,,,,,,,3.3175355450236976,,,,,,
1918-04-01,,,,,,,,,,,,,,,,,,,,,1.3761467889908285,,,,,,
1918-05-01,,,,,,,,,,,,,,,,,,,,,0.0,,,,,,
1918-06-01,,,,,,,,,,,,,,,,,,,,,0.4524886877828038,,,,,,
1918-07-01,,,,,,,,,,,,,,,,,,,,,2.2522522522522515,,,,,,
1918-08-01,,,,,,,,,,,,,,,,,,,,,2.2026431718061623,,,,,,
1918-09-01,,,,,,,,,,,,,,,,,,,,,2.155172413793105,,,,,,
1918-10-01,,,,,,,,,,,,,,,,,,,,,-0.8438818565400852,,,,,,
1918-11-01,,,,,,,,,,,,,,,,,,,,,0.0,,,,,,
1918-12-01,,,,,,,,,,,,,,,,,,,,,0.0,,,,,,
1919-01-01,,,,,,,,,,,,,,,,,,,,,-1.276595744680853,,,,,,
1919-02-01,-4.419458749666583,,,,,,,,,,,,,,,,,,,,-3.4482758620689724,,,,,,
1919-03-01,-2.8914886766126524,,,,,,,,,,,,,,,,,,,,0.8928571428571619,,,,,,
1919-04-01,1.7861090233874277,,,,,,,,,,,,,,,,,,,,1.327433628318575,,,,,,
1919-05-01,0.5841984102853859,,,,,,,,,,,,,,,,,,,,1.7467248908296984,,,,,,
1919-06-01,6.395336284141195,,,,,,,,,,,,,,,,,,,,0.42918454935620964,,,,,,
1919-07-01,6.0109178724354395,,,,,,,,,,,,,,,,,,,,3.8461538461538547,,,,,,
1919-08-01,1.5467371121193008,,,,,,,,,,,,,,,,,,,,2.4691358024691246,,,,,,
1919-09-01,-2.0302750391162583,,,,,,,,,,,,,,,,,,,,-2.409638554216864,,,,,,
1919-10-01,-1.0352126226669256,,,,,,,,,,,,,,,,,,,,0.411522633744843,,,,,,
1919-11-01,-1.571006377352624,,,,,,,,,,,,,,,,,,,,2.049180327868849,,,,,,
1919-12-01,1.596080910240194,,,,,,,,,,,,,,,,,,,,4.417670682730934,,,,,,
1920-01-01,9.424093949292267,,,,,,,,,,,,,,,,,,,,4.615384615384621,,,,,,
1920-02-01,0.0,,,,,,,,,,,,,,,,,,,,-0.367647058823517,,,,,,
1920-03-01,-1.9154569199879234,,,,,,,,,,,,,,,,,,,,0.7380073800737907,,,,,,
1920-04-01,-5.365844821651777,,,,,,,,,,,,,,,,,,,,4.395604395604402,,,,,,
1920-05-01,2.578533279733519,,,,,,,,,,,,,,,,,,,,1.0526315789473717,,,,,,
1920-06-01,1.0039935804127875,,,,,,,,,,,,,,,,,,,,-0.3472222222222321,,,,,,
1920-07-01,-2.4868819747247084,,,,,,,,,,,,,,,,,,,,-0.34843205574912606,,,,,,
1920-08-01,0.5096820644965749,,,,,,,,,,,,,,,,,,,,-2.7972027972028024,,,,,,
1920-09-01,-3.553452598638951,,,,,,,,,,,,,,,,,,,,-3.597122302158273,,,,,,
1920-10-01,-4.210155975137797,,,,,,,,,,,,,,,,,,,,-7.0895522388059735,,,,,,
1920-11-01,-8.241511589944505,,,,,,,,,,,,,,,,,,,,-7.630522088353409,,,,,,
1920-12-01,-5.988569903711449,,,,,,,,,,,,,,,,,,,,-9.565217391304348,,,,,,
1921-01-01,-5.73138423691929,,,,,,,,,,,,,,,,,,,,-5.769230769230771,,,,,,
1921-02-01,-2.0274508819913217,,,,,,,,,,,,,,,,,,,,-7.653061224489798,,,,,,
1921-03-01,-2.758355743373031,,,,,,,,,,,,,,,,,,,,-2.209944751381232,,,,,,
1921-04-01,0.0,,,,,,,,,,,,,,,,,,,,-3.9548022598870025,,,,,,
1921-05-01,2.8365992414664865,,,,,,,,,,,,,,,,,,,,-2.35294117647058,,,,,,
1921-06-01,-0.6889486489947472,,,,,,,,,,,,,,,,,,,,-3.0120481927710885,,,,,,
1921-07-01,-0.6963069940169264,,,,,,,,,,,,,,,,,,,,0.0,,,,,,
1921-08-01,3.4981561315119647,,,,,,,,,,,,,,,,,,,,0.0,,,,,,
1921-09-01,0.6749805535342324,,,,,,,,,,,,,,,,,,,,0.0,,,,,,
1921-10-01,6.039080803549179,,,,,,,,,,,,,,,,,,,,0.6211180124223503,,,,,,
1921-11-01,-1.2645434246092324,,,,,,,,,,,,,,,,,,,,0.0,,,,,,
1921-12-01,-0.6403694622324929,,,,,,,,,,,,,,,,,,,,-1.2345679012345623,,,,,,
1922-01-01,3.8693756289232883,,,,,,,,,,,,,,,,,,,,-1.8750000000000044,,,,,,
1922-02-01,4.348026664821347,,,,,,,,,,,,,,,,,,,,1.9108280254777066,,,,,,
1922-03-01,5.358327070162261,,,,,,,,,,,,,,,,,,,,0.0,,,,,,
1922-04-01,-3.390541731358332,,,,,,,,,,,,,,,,,,,,0.6250000000000089,,,,,,
1922-05-01,5.264300916474851,,,,,,,,,,,,,,,,,,,,3.105590062111796,,,,,,
1922-06-01,4.998968434082918,,,,,,,,,,,,,,,,,,,,0.0,,,,,,
1922-07-01,0.0,,,,,,,,,,,,,,,,,,,,3.0120481927710774,,,,,,
1922-08-01,-2.116204586092374,,,,,,,,,,,,,,,,,,,,-0.5847953216374324,,,,,,
1922-09-01,5.405893688774688,,,,,,,,,,,,,,,,,,,,0.588235294117645,,,,,,
1922-10-01,5.640937744005803,,,,,,,,,,,,,,,,,,,,0.5847953216374213,,,,,,
1922-11-01,4.3680481693136874,,,,,,,,,,,,,,,,,,,,0.5813953488372103,,,,,,
1922-12-01,2.791308253014124,,,,,,,,,,,,,,,,,,,,0.0,,,,,,
1923-01-01,-2.2634851285498137,,,,,,,,,,,,,,,,,,,,1.7341040462427681,,,,,,
1923-02-01,1.389199319154799,,,,,,,,,,,,,,,,,,,,1.1363636363636243,,,,,,
1923-03-01,3.1964864085737066,,,,,,,,,,,,,,,,,,,,1.1235955056179803,,,,,,
1923-04-01,2.213421848297603,,,,,,,,,,,,,,,,,,,,-0.5555555555555647,,,,,,
1923-05-01,1.2973650788547175,,,,,,,,,,,,,,,,,,,,-2.2346368715083775,,,,,,
1923-06-01,-0.8538327249642874,,,,,,,,,,,,,,,,,,,,-1.1428571428571344,,,,,,
1923-07-01,-0.8627865283647118,,,,,,,,,,,,,,,,,,,,-1.7341040462427793,,,,,,
1923-08-01,-1.7389759901829338,,,,,,,,,,,,,,,,,,,,-0.5882352941176561,,,,,,
1923-09-01,-2.211778624950711,,,,,,,,,,,,,,,,,,,,1.775147928994092,,,,,,
1923-10-01,-0.45202486976977374,,,,,,,,,,,,,,,,,,,,-0.5813953488371992,,,,,,
1923-11-01,0.0,,,,,,,,,,,,,,,,,,,,-0.5847953216374324,,,,,,
1923-12-01,-2.273763103256199,,,,,,,,,,,,,,,,,,,,-0.5882352941176561,,,,,,
1924-01-01,2.3249386810377803,,,,,,,,,,,,,,,,,,,,1.775147928994092,,,,,,
1924-02-01,1.819716407832539,,,,,,,,,,,,,,,,,,,,0.0,,,,,,
1924-03-01,-1.785536655724651,,,,,,,,,,,,,,,,,,,,-1.1627906976744096,,,,,,
1924-04-01,-3.1819179284617083,,,,,,,,,,,,,,,,,,,,-1.764705882352946,,,,,,
1924-05-01,-4.226236139200779,,,,,,,,,,,,,,,,,,,,-1.19760479041916,,,,,,
1924-06-01,-4.410908031748351,,,,,,,,,,,,,,,,,,,,-0.60606060606061,,,,,,
1924-07-01,-1.538783827534329,,,,,,,,,,,,,,,,,,,,0.6097560975609762,,,,,,
1924-08-01,3.6459642946945037,,,,,,,,,,,,,,,,,,,,1.2121212121211977,,,,,,
1924-09-01,3.5177098495875914,,,,,,,,,,,,,,,,,,,,0.0,,,,,,
1924-10-01,2.4264931225324915,,,,,,,,,,,,,,,,,,,,1.197604790419149,,,,,,
1924-11-01,1.8955594276360843,,,,,,,,,,,,,,,,,,,,1.183431952662728,,,,,,
1924-12-01,2.791308253014124,,,,,,,,,,,,,,,,,,,,2.3391812865497075,,,,,,
1925-01-01,3.1675348680894055,,,,,,,,,,,,,,,,,,,,1.1428571428571344,,,,,,
1925-02-01,0.0,,,,,,,,,,,,,,,,,,,,1.1299435028248483,,,,,,
1925-03-01,0.0,,,,,,,,,,,,,,,,,,,,0.0,,,,,,
1925-04-01,0.8762928577245699,,,,,,,,,,,,,,,,,,,,-2.2346368715083775,,,,,,
1925-05-01,-0.434340335523864,,,,,,,,,,,,,,,,,,,,0.0,,,,,,
1925-06-01,-0.874091852620662,,,,,,,,,,,,,,,,,,,,1.1428571428571344,,,,,,
1925-07-01,2.6437627811860986,,,,,,,,,,,,,,,,,,,,1.6949152542372836,,,,,,
1925-08-01,-1.716580864187689,,,,,,,,,,,,,,,,,,,,-0.5555555555555647,,,,,,
1925-09-01,-1.3103269330565603,,,,,,,,,,,,,,,,,,,,-0.5586592178770777,,,,,,
1925-10-01,3.9831733929275748,,,,,,,,,,,,,,,,,,,,0.0,,,,,,
1925-11-01,2.1270543615676374,,,,,,,,,,,,,,,,,,,,1.1235955056179803,,,,,,
1925-12-01,1.2502707888465858,,,,,,,,,,,,,,,,,,,,-1.1111111111111072,,,,,,
1926-01-01,-1.645933306843539,,,,,,,,,,,,,,,,,,,,0.0,,,,,,
1926-02-01,0.0,,,,,,,,,,,,,,,,,,,,-1.1235955056179692,,,,,,
1926-03-01,1.2554966825675473,,,,,,,,,,,,,,,,,,,,-1.7045454545454586,,,,,,
1926-04-01,0.0,,,,,,,,,,,,,,,,,,,,0.0,,,,,,
1926-05-01,-0.827131128673364,,,,,,,,,,,,,,,,,,,,0.0,,,,,,
1926-06-01,1.2502707888465858,,,,,,,,,,,,,,,,,,,,0.0,,,,,,
1926-07-01,0.411101262340674,,,,,,,,,,,,,,,,,,,,-1.1560693641618491,,,,,,
1926-08-01,1.2297764181239845,,,,,,,,,,,,,,,,,,,,0.0,,,,,,
1926-09-01,1.619281021184471,,,,,,,,,,,,,,,,,,,,0.5847953216374213,,,,,,
1926-10-01,0.0,,,,,,,,,,,,,,,,,,,,-0.5813953488371992,,,,,,
1926-11-01,-0.3979996449073764,,,,,,,,,,,,,,,,,,,,-0.5847953216374324,,,,,,
1926-12-01,-0.3995900117351736,,,,,,,,,,,,,,,,,,,,-0.5882352941176561,,,,,,
1927-01-01,-0.4026845637583931,,,,,,,,,,,,,,,,,,,,-2.9585798816568087,,,,,,
1927-02-01,0.8071278825995787,,,,,,,,,,,,,,,,,,,,1.2195121951219745,,,,,,
1927-03-01,1.200255499933145,,,,,,,,,,,,,,,,,,,,-0.6024096385542244,,,,,,
1927-04-01,-2.3720404538582485,,,,,,,,,,,,,,,,,,,,-1.2121212121212088,,,,,,
1927-05-01,0.8103922659409735,,,,,,,,,,,,,,,,,,,,-0.613496932515345,,,,,,
1927-06-01,-0.4026845637583931,,,,,,,,,,,,,,,,,,,,0.0,,,,,,
1927-07-01,-1.209943096735544,,,,,,,,,,,,,,,,,,,,0.0,,,,,,
1927-08-01,0.0,,,,,,,,,,,,,,,,,,,,1.2345679012345734,,,,,,
1927-09-01,-1.6325107621415147,,,,,,,,,,,,,,,,,,,,1.2195121951219745,,,,,,
1927-10-01,-2.0741197318745686,,,,,,,,,,,,,,,,,,,,0.6024096385542022,,,,,,
1927-11-01,0.0,,,,,,,,,,,,,,,,,,,,-0.5988023952095634,,,,,,
1927-12-01,0.42329540984122893,,,,,,,,,,,,,,,,,,,,0.0,,,,,,
1928-01-01,2.110689774044938,,,,,,,,,,,,,,,,,,,,0.0,,,,,,
1928-02-01,0.8255965625719286,,,,,,,,,,,,,,,,,,,,-0.6024096385542244,,,,,,
1928-03-01,0.8203582789218178,,,,,,,,,,,,,,,,,,,,0.0,,,,,,
1928-04-01,-0.4075963889979217,,,,,,,,,,,,,,,,,,,,1.2121212121211977,,,,,,
1928-05-01,1.2247620202510134,,,,,,,,,,,,,,,,,,,,0.5988023952095967,,,,,,
1928-06-01,0.8071278825995787,,,,,,,,,,,,,,,,,,,,-0.5952380952381042,,,,,,
1928-07-01,1.200255499933145,,,,,,,,,,,,,,,,,,,,0.5988023952095967,,,,,,
1928-08-01,1.975721813671516,,,,,,,,,,,,,,,,,,,,0.0,,,,,,
1928-09-01,0.7758409741914107,,,,,,,,,,,,,,,,,,,,1.1904761904761862,,,,,,
1928-10-01,1.9225275667028585,,,,,,,,,,,,,,,,,,,,-1.764705882352946,,,,,,
1928-11-01,1.8862636284649348,,,,,,,,,,,,,,,,,,,,-1.19760479041916,,,,,,
1928-12-01,1.852717869718301,,,,,,,,,,,,,,,,,,,,0.0,,,,,,
1929-01-01,1.454403046549002,,,,,,,,,,,,,,,,,,,,0.0,,,,,,
1929-02-01,-0.3593866467894835,,,,,,,,,,,,,,,,,,,,-0.60606060606061,,,,,,
1929-03-01,0.3606828929439754,,,,,,,,,,,,,,,,,,,,1.2195121951219745,,,,,,
1929-04-01,1.7916089873282859,,,,,,,,,,,,,,,,,,,,-0.6024096385542244,,,,,,
1929-05-01,1.761382953683599,,,,,,,,,,,,,,,,,,,,-1.2121212121212088,,,,,,
1929-06-01,0.6913301036995056,,,,,,,,,,,,,,,,,,,,0.6134969325153339,,,,,,
1929-07-01,1.3744432675251161,,,,,,,,,,,,,,,,,,,,1.2195121951219745,,,,,,
1929-08-01,-1.0171710559444103,,,,,,,,,,,,,,,,,,,,0.0,,,,,,
1929-09-01,-0.6842346237981412,,,,,,,,,,,,,,,,,,,,0.0,,,,,,
1929-10-01,-1.7249327698809158,,,,,,,,,,,,,,,,,,,,-1.2048192771084487,,,,,,
1929-11-01,-4.911197112440224,,,,,,,,,,,,,,,,,,,,-1.8292682926829062,,,,,,
1929-12-01,-4.428974703318989,,,,,,,,,,,,,,,,,,,,0.0,,,,,,
1930-01-01,0.0,,,,,,,,,,,,,,,,,,,,-1.2422360248447228,,,,,,
1930-02-01,-0.38570732126981255,,,,,,,,,,,,,,,,,,,,-1.2578616352201366,,,,,,
1930-03-01,-1.5502425402674436,,,,,,,,,,,,,,,,,,,,-1.273885350318471,,,,,,
1930-04-01,-0.7880577811567924,,,,,,,,,,,,,,,,,,,,0.0,,,,,,
1930-05-01,-1.58716123612892,,,,,,,,,,,,,,,,,,,,-1.2903225806451535,,,,,,
1930-06-01,-2.8227014076070756,,,,,,,,,,,,,,,,,,,,-1.9607843137254943,,,,,,
1930-07-01,-4.5642961707373475,,,,,,,,,,,,,,,,,,,,-3.3333333333333326,,,,,,
1930-08-01,-2.173316325706809,,,,,,,,,,,,,,,,,,,,0.0,,,,,,
1930-09-01,-1.777609058048757,,,,,,,,,,,,,,,,,,,,0.0,,,,,,
1930-10-01,-2.7155099983196096,,,,,,,,,,,,,,,,,,,,-1.3793103448275779,,,,,,
1930-11-01,-2.324938681037758,,,,,,,,,,,,,,,,,,,,-2.0979020979021046,,,,,,
1930-12-01,-2.3820471104194607,,,,,,,,,,,,,,,,,,,,-2.1428571428571463,,,,,,
1931-01-01,-0.48731001249977535,,,,,,,,,,,,,,,,,,,,-1.4598540145985384,,,,,,
1931-02-01,0.48969635185320826,,,,,,,,,,,,,,,,,,,,-2.2222222222222254,,,,,,
1931-03-01,1.9528631727686152,,,,,,,,,,,,,,,,,,,,-0.7575757575757569,,,,,,
1931-04-01,0.4779757991435485,,,,,,,,,,,,,,,,,,,,-1.5267175572518998,,,,,,
1931-05-01,-1.428874584423856,,,,,,,,,,,,,,,,,,,,-2.3255813953488413,,,,,,
1931-06-01,-2.4147829207032623,,,,,,,,,,,,,,,,,,,,-1.5873015873015817,,,,,,
1931-07-01,-1.4854579549214986,,,,,,,,,,,,,,,,,,,,0.0,,,,,,
1931-08-01,-3.5177098495875803,,,,,,,,,,,,,,,,,,,,0.0,,,,,,
1931-09-01,-4.688497321134988,,,,,,,,,,,,,,,,,,,,-0.8064516129032251,,,,,,
1931-10-01,-3.825314041033334,,,,,,,,,,,,,,,,,,,,-1.6260162601626105,,,,,,
1931-11-01,-1.135212694125609,,,,,,,,,,,,,,,,,,,,0.0,,,,,,
1931-12-01,-0.5741238741622801,,,,,,,,,,,,,,,,,,,,-2.4793388429751984,,,,,,
1932-01-01,-2.8914886766126524,,,,,,,,,,,,,,,,,,,,-1.6949152542372947,,,,,,
1932-02-01,-2.380741854193369,,,,,,,,,,,,,,,,,,,,-1.724137931034475,,,,,,
1932-03-01,-1.2182695138244104,,,,,,,,,,,,,,,,,,,,0.0,,,,,,
1932-04-01,-6.789996102973217,,,,,,,,,,,,,,,,,,,,-0.877192982456132,,,,,,
1932-05-01,-3.3127566956051124,,,,,,,,,,,,,,,,,,,,-1.7699115044247926,,,,,,
1932-06-01,-3.4237167421274806,,,,,,,,,,,,,,,,,,,,-0.9009009009009028,,,,,,
1932-07-01,-2.8365992414665087,,,,,,,,,,,,,,,,,,,,0.9090909090909038,,,,,,
1932-08-01,2.9194112385134696,,,,,,,,,,,,,,,,,,,,0.9009009009008917,,,,,,
1932-09-01,6.38168984407923,,,,,,,,,,,,,,,,,,,,0.8928571428571619,,,,,,
1932-10-01,3.3349013394072813,,,,,,,,,,,,,,,,,,,,-1.7699115044247926,,,,,,
1932-11-01,0.0,,,,,,,,,,,,,,,,,,,,-0.9009009009009028,,,,,,
1932-12-01,-1.9358857635727644,,,,,,,,,,,,,,,,,,,,-1.8181818181818077,,,,,,
1933-01-01,-1.974102125580257,,,,,,,,,,,,,,,,,,,,-2.777777777777779,,,,,,
1933-02-01,0.6704551119086855,,,,,,,,,,,,,,,,,,,,-1.904761904761898,,,,,,
1933-03-01,-5.9988611324305,,,,,,,,,,,,,,,,,,,,0.9708737864077666,,,,,,
1933-04-01,7.092815002107011,,,,,,,,,,,,,,,,,,,,0.0,,,,,,
1933-05-01,16.55394604166156,,,,,,,,,,,,,,,,,,,,3.8461538461538547,,,,,,
1933-06-01,15.342251856853473,,,,,,,,,,,,,,,,,,,,3.703703703703698,,,,,,
1933-07-01,9.35916433419315,,,,,,,,,,,,,,,,,,,,6.25,,,,,,
1933-08-01,-4.053262851503037,,,,,,,,,,,,,,,,,,,,0.8403361344537785,,,,,,
1933-09-01,-5.634981518934379,,,,,,,,,,,,,,,,,,,,1.6666666666666607,,,,,,
1933-10-01,-4.973763949449406,,,,,,,,,,,,,,,,,,,,0.819672131147553,,,,,,
1933-11-01,-5.759060507077307,,,,,,,,,,,,,,,,,,,,0.0,,,,,,
1933-12-01,0.5549824633793943,,,,,,,,,,,,,,,,,,,,-0.8130081300813163,,,,,,
1934-01-01,3.313568189745375,,,,,,,,,,,,,,,,,,,,1.6393442622950838,,,,,,
1934-02-01,4.81391746435238,,,,,,,,,,,,,,,,,,,,2.4193548387096753,,,,,,
1934-03-01,4.590928038197739,,,,,,,,,,,,,,,,,,,,0.0,,,,,,
1934-04-01,0.0,,,,,,,,,,,,,,,,,,,,0.0,,,,,,
1934-05-01,1.9510516113838472,,,,,,,,,,,,,,,,,,,,0.0,,,,,,
1934-06-01,-1.9137140623334048,,,,,,,,,,,,,,,,,,,,1.5748031496063186,,,,,,
1934-07-01,-6.827774859151104,,,,,,,,,,,,,,,,,,,,0.0,,,,,,
1934-08-01,-1.0479856898429118,,,,,,,,,,,,,,,,,,,,2.325581395348819,,,,,,
1934-09-01,-5.820053838445361,,,,,,,,,,,,,,,,,,,,1.5151515151515138,,,,,,
1934-10-01,4.493960067597169,,,,,,,,,,,,,,,,,,,,-1.4925373134328401,,,,,,
1934-11-01,1.076170510132779,,,,,,,,,,,,,,,,,,,,0.0,,,,,,
1934-12-01,6.382348293299622,,,,,,,,,,,,,,,,,,,,0.7575757575757791,,,,,,
1935-01-01,7.9992572648779126,,,,,,,,,,,,,,,,,,,,2.2556390977443552,,,,,,
1935-02-01,1.8534119629317614,,,,,,,,,,,,,,,,,,,,0.7352941176470562,,,,,,
1935-03-01,-0.45576543272396464,,,,,,,,,,,,,,,,,,,,0.0,,,,,,
1935-04-01,-1.826321412219567,,,,,,,,,,,,,,,,,,,,0.7299270072992803,,,,,,
1935-05-01,0.0,,,,,,,,,,,,,,,,,,,,0.0,,,,,,
1935-06-01,1.395654126507062,,,,,,,,,,,,,,,,,,,,0.0,,,,,,
1935-07-01,0.0,,,,,,,,,,,,,,,,,,,,-0.7246376811594346,,,,,,
1935-08-01,3.6693809410241585,,,,,,,,,,,,,,,,,,,,1.4598540145985384,,,,,,
1935-09-01,2.655448928618376,,,,,,,,,,,,,,,,,,,,0.0,,,,,,
1935-10-01,3.0173517735945676,,,,,,,,,,,,,,,,,,,,0.0,,,,,,
1935-11-01,2.0914585825939636,,,,,,,,,,,,,,,,,,,,0.0,,,,,,
1935-12-01,1.2297764181239845,,,,,,,,,,,,,,,,,,,,0.7194244604316502,,,,,,
1936-01-01,-1.61928102118446,,,,,,,,,,,,,,,,,,,,-0.7142857142857117,,,,,,
1936-02-01,-2.4696640890057187,,,,,,,,,,,,,,,,,,,,0.0,,,,,,
1936-03-01,1.2661004732207104,,,,,,,,,,,,,,,,,,,,-1.4388489208633115,,,,,,
1936-04-01,6.2498065793952895,,,,,,,,,,,,,,,,,,,,0.0,,,,,,
1936-05-01,1.961698099468423,,,,,,,,,,,,,,,,,,,,-1.4598540145985384,,,,,,
1936-06-01,1.9225275667028585,,,,,,,,,,,,,,,,,,,,1.4814814814814836,,,,,,
1936-07-01,1.8862636284649348,,,,,,,,,,,,,,,,,,,,1.4598540145985384,,,,,,
1936-08-01,1.4813490316901268,,,,,,,,,,,,,,,,,,,,0.7194244604316502,,,,,,
1936-09-01,1.825673276317752,,,,,,,,,,,,,,,,,,,,0.0,,,,,,
1936-10-01,1.433553402193577,,,,,,,,,,,,,,,,,,,,0.0,,,,,,
1936-11-01,2.826586182009061,,,,,,,,,,,,,,,,,,,,1.4285714285714235,,,,,,
1936-12-01,3.093454485126168,,,,,,,,,,,,,,,,,,,,2.1126760563380254,,,,,,
1937-01-01,-0.3342287362440244,,,,,,,,,,,,,,,,,,,,2.0689655172413834,,,,,,
1937-02-01,1.3376721771639621,,,,,,,,,,,,,,,,,,,,0.6756756756756799,,,,,,
1937-03-01,2.3103321485476114,,,,,,,,,,,,,,,,,,,,1.342281879194629,,,,,,
1937-04-01,0.0,,,,,,,,,,,,,,,,,,,,0.6622516556291425,,,,,,
1937-05-01,0.32345013477088624,,,,,,,,,,,,,,,,,,,,-0.6578947368421018,,,,,,
1937-06-01,-1.2872410293151781,,,,,,,,,,,,,,,,,,,,-0.6622516556291314,,,,,,
1937-07-01,0.6520134999455696,,,,,,,,,,,,,,,,,,,,1.3333333333333197,,,,,,
1937-08-01,-0.6477898228493206,,,,,,,,,,,,,,,,,,,,-0.6578947368421018,,,,,,
1937-09-01,-3.256438482102897,,,,,,,,,,,,,,,,,,,,0.0,,,,,,
1937-10-01,-7.407314785870578,,,,,,,,,,,,,,,,,,,,-2.6490066225165587,,,,,,
1937-11-01,-9.8189085900258,,,,,,,,,,,,,,,,,,,,-2.0408163265306034,,,,,,
1937-12-01,-8.87091943695717,,,,,,,,,,,,,,,,,,,,-2.083333333333337,,,,,,
1938-01-01,-2.211778624950711,,,,,,,,,,,,,,,,,,,,-0.7092198581560294,,,,,,
1938-02-01,-0.9057301293900144,,,,,,,,,,,,,,,,,,,,-1.4285714285714235,,,,,,
1938-03-01,0.0,,,,,,,,,,,,,,,,,,,,-0.7246376811594346,,,,,,
1938-04-01,-1.826321412219567,,,,,,,,,,,,,,,,,,,,-1.4598540145985384,,,,,,
1938-05-01,-2.324938681037758,,,,,,,,,,,,,,,,,,,,0.0,,,,,,
1938-06-01,0.9514041168564802,,,,,,,,,,,,,,,,,,,,0.0,,,,,,
1938-07-01,5.661633325158522,,,,,,,,,,,,,,,,,,,,0.7407407407407307,,,,,,
1938-08-01,5.356609967173975,,,,,,,,,,,,,,,,,,,,-1.4705882352941124,,,,,,
1938-09-01,2.966215046656906,,,,,,,,,,,,,,,,,,,,0.746268656716409,,,,,,
1938-10-01,2.4696640890057076,,,,,,,,,,,,,,,,,,,,-0.7407407407407418,,,,,,
1938-11-01,4.014914243102163,,,,,,,,,,,,,,,,,,,,0.0,,,,,,
1938-12-01,1.1585558200223778,,,,,,,,,,,,,,,,,,,,-0.7462686567164201,,,,,,
1939-01-01,0.0,,,,,,,,,,,,,,,,,,,,0.0,,,,,,
1939-02-01,0.7639971651311139,,,,,,,,0.5915182301239774,,,0.10000000000000142,,,,,,,,,0.0,,,,,,
1939-03-01,0.3783989084105821,,,,,,,,0.5980066445182786,,,0.09999999999999432,,,,,,,,,-0.7518796992481258,,,,,,
1939-04-01,-0.37697244877938907,,,,,,,,-0.614266842800526,,,0.0,,,,,,,,,-0.7575757575757569,,,,,,
1939-05-01,-0.37980559580245155,,,,,,,,0.6811989100817373,,,-0.29999999999999716,,,,,,,,,0.0,,,,,,
1939-06-01,2.2818735085217146,,,,,,,,0.6699891085514276,,,0.3999999999999986,,,,,,,,,-0.7633587786259555,,,,,,
1939-07-01,2.973700559121961,,,,,,,,-0.27211330404564027,,,-0.10000000000000142,,,,,,,,,0.0,,,,,,
1939-08-01,1.443912641274192,,,,,,,,0.8021302475426539,,,0.8000000000000043,,,,,,,,,-0.7692307692307665,,,,,,
1939-09-01,6.050273570692255,,,,,,,,1.2001434954179269,,,0.0,,,,,,,,,5.426356589147274,,,,,,
1939-10-01,5.033398135686151,,,,,,,,1.2245818697431687,,,1.0,,,,,,,,,0.7352941176470562,,,,,,
1939-11-01,2.5556755217541083,,,,,,,,0.18783228805194785,,,-0.6000000000000014,,,,,,,,,-0.7299270072992692,,,,,,
1939-12-01,0.0,,,,,,,,0.22878932316492406,,,-0.10000000000000142,,,,,,,,,0.7352941176470562,,,,,,
1940-01-01,-1.2459941923019247,,,,,,,,0.19339293640225907,,,-0.5,,,,,,,,,0.0,,,,,,
1940-02-01,-3.1548734770384224,,,,,,,,0.35439673448722786,,,-0.6000000000000014,,,,,,,,,-0.7299270072992692,,,,,,
1940-03-01,-2.279023068455366,,,,,,,,0.3468390351568651,,,0.10000000000000142,,,,,,,,,-0.7352941176470562,,,,,,
1940-04-01,1.9991829964225216,,,,,,,,-0.3896307934014187,,,0.0,,,,,,,,,0.0,,,,,,
1940-05-01,2.941818976188748,,,,,,,,0.5614964827608038,,,0.10000000000000142,,,,,,,,,0.0,,,,,,
1940-06-01,3.1737049350404334,,,,,,,,0.30741240314939855,,,0.10000000000000142,,,,,,,,,-0.7407407407407418,,,,,,
1940-07-01,1.2318029115341522,,,,,,,,-0.109453669825188,,,0.3999999999999986,,,,,,,,,0.0,,,,,,
1940-08-01,0.6072783095539158,,,,,,,,1.2835764823742934,,,0.3999999999999986,,,,,,,,,0.0,,,,,,
1940-09-01,2.1148883653090866,,,,,,,,1.415677546983174,,,0.6000000000000014,,,,,,,,,0.0,,,,,,
1940-10-01,1.4788771081689855,,,,,,,,1.3928680280402395,,,0.29999999999999716,,,,,,,,,1.4925373134328401,,,,,,
1940-11-01,2.333235889607077,,,,,,,,1.2084047254035557,,,-0.6999999999999957,,,,,,,,,0.7352941176470562,,,,,,
1940-12-01,3.4184688306741817,,,,,,,,1.4998960468086464,,,1.0,,,,,,,,,0.7299270072992803,,,,,,
1941-01-01,2.4788484557070722,,,,,,,,0.8983437701176378,,,-0.20000000000000284,,,,,,,,,0.7246376811594235,,,,,,
1941-02-01,2.9569731456523973,,,,,,,,1.0498535425306654,,,0.7000000000000028,,,,,,,,,0.0,,,,,,
1941-03-01,3.1338478842648287,,,,,,,,0.7146342163418806,,,0.29999999999999716,,,,,,,,,0.7194244604316502,,,,,,
1941-04-01,0.2529051182730946,,,,,,,,1.07146928074775,,,0.10000000000000142,,,,,,,,,2.857142857142869,,,,,,
1941-05-01,4.545497172545088,,,,,,,,2.0130822149543315,,,0.29999999999999716,,,,,,,,,1.388888888888884,,,,,,
1941-06-01,0.7247936849659187,,,,,,,,1.2934608368802225,,,0.6000000000000014,,,,,,,,,2.7397260273972712,,,,,,
1941-07-01,1.1987033342832687,,,,,,,,1.3287858117326135,,,-0.29999999999999716,,,,,,,,,2.0000000000000018,,,,,,
1941-08-01,1.185384656000843,,,,,,,,1.095942052400578,,,0.10000000000000142,,,,,,,,,1.9607843137254832,,,,,,
1941-09-01,0.0,,,,,,,,0.7750905604091196,,,0.09999999999999432,,,,,,,,,1.2820512820512997,,,,,,
1941-10-01,0.9366764943773198,,,,,,,,0.30130831240915423,,,-0.09999999999999432,,,,,,,,,0.6329113924050667,,,,,,
1941-11-01,0.4635613227868651,,,,,,,,0.19763366623626322,,,-0.8000000000000043,,,,,,,,,0.0,,,,,,
1941-12-01,1.6166935400871552,,,,,,,,0.2103934357247983,,,0.5,,,,,,,,,1.8867924528301883,,,,,,
1942-01-01,2.0458976544762475,,,,,,,,0.637728322485831,,,1.2000000000000028,,,,,,,,,1.85185185185186,,,,,,
1942-02-01,1.7815640378809672,,,,,,,,0.43028137794351995,,,0.29999999999999716,,,,,,,,,1.2121212121211977,,,,,,
1942-03-01,1.09378428233613,,,,,,,,1.0983589530535909,,,0.30000000000000426,,,,,,,,,0.5988023952095967,,,,,,
1942-04-01,-2.8133917447047962,,,,,,,,1.0710157955567068,,,0.09999999999999432,,,,,,,,,1.1904761904761862,,,,,,
1942-05-01,0.22248873082171272,,,,,,,,1.0647489327098913,,,0.30000000000000426,,,,,,,,,0.0,,,,,,
1942-06-01,0.22199481737006366,,,,,,,,0.648713887003094,,,-0.10000000000000142,,,,,,,,,0.0,,,,,,
1942-07-01,2.43900430654711,,,,,,,,1.1066976442079435,,,0.5,,,,,,,,,0.0,,,,,,
1942-08-01,3.0304248221534547,,,,,,,,1.2749555248072753,,,-0.20000000000000284,,,,,,,,,0.588235294117645,,,,,,
1942-09-01,2.310903062219616,,,,,,,,0.6611691226700467,,,-0.09999999999999432,,,,,,,,,0.5847953216374213,,,,,,
1942-10-01,3.2851140410410373,,,,,,,,0.6204706851838493,,,0.5,,,,,,,,,0.0,,,,,,
1942-11-01,2.386208424083569,,,,,,,,0.38299409851860755,,,0.5,,,,,,,,,0.5813953488372103,,,,,,
1942-12-01,2.329874456470793,,,,,,,,0.5782982195133624,,,0.0,,,,,,,,,0.5780346820809079,,,,,,
1943-01-01,0.9492065281731854,,,,,,,,0.6131456519145928,,,0.3999999999999986,,,,,,,,,0.5747126436781658,,,,,,
1943-02-01,2.6309727409165484,,,,,,,,0.5240443896424196,,,-0.10000000000000142,,,,,,,,,1.1428571428571344,,-1.7451043885293505,,,,
1943-03-01,0.7332136249863952,,,,,,,,0.375061920600106,,,0.20000000000000284,,,,,,,,,0.5649717514124353,,-3.5405939000841657,,,,
1943-04-01,1.2720962579843675,,,,,,,,0.22325625117503023,,,0.3999999999999986,,,,,,,,,0.561797752808979,,-1.739755317834979,,,,
1943-05-01,0.7180670195884975,,,,,,,,-0.11958637184327214,,,0.29999999999999716,,,,,,,,,0.0,,-3.093335509937556,,,,
1943-06-01,-0.5342142020216656,,,,,,,,0.4343130810404716,,,-0.10000000000000142,,,,,,,,,0.0,,-1.9209064293006173,,,,
1943-07-01,3.0461345969545306,,,,,,,,-0.18933638764871974,,,0.10000000000000142,,,,,,,,,-0.5586592178770777,,-1.7838525788228865,,,,
1943-08-01,2.0867644494390714,,,,,,,,-0.360655737704918,,,0.0,,,,,,,,,0.0,,-1.3923548143964126,,,,
1943-09-01,2.5559267132300834,,,,,,,,-0.12692144972500374,,,0.20000000000000284,,,,,,,,,0.0,,0.156772334293942,,,,
1943-10-01,1.4947194393722496,,,,,,,,0.430669302456943,,,0.0,,,,,,,,,0.0,,0.055776003569651955,,,,
1943-11-01,1.3092076072620307,,,,,,,,0.3421206795547693,,,0.10000000000000142,,,,,,,,,-0.5617977528090012,,-1.3072624116487352,,,,
1943-12-01,-1.2922888631577645,,,,,,,,-0.17514770790032497,,,-1.1000000000000014,,,,,,,,,0.5649717514124353,,-2.0504333075721637,,,,
1944-01-01,1.1457086070979283,,,,,,,,-0.21522481635708468,,,0.7999999999999972,,,,,,,,,0.0,,-1.1707050958165932,,,,
1944-02-01,0.80883590125711,,,,,,,,-0.271955736859375,,,0.0,,,,,,,,,0.0,,-0.8189205660017351,,,,
1944-03-01,-0.16035002801655374,,,,,,,,-0.5736047769053565,,,-0.19999999999999574,,,,,,,,,0.561797752808979,,0.29882189468022347,,,,
1944-04-01,0.0,,,,,,,,-0.5461767626613656,,,0.0,,,,,,,,,0.0,,0.16423479990168577,,,,
1944-05-01,-0.6430273032855705,,,,,,,,-0.18543613151701388,,,0.09999999999999432,,,,,,,,,0.0,,0.9540487583609369,,,,
1944-06-01,-0.32329399322166275,,,,,,,,-0.09050851494580847,,,0.20000000000000284,,,,,,,,,0.5586592178770999,,0.6866771015560325,,,,
1944-07-01,-0.16277415387582206,,,,,,,,-0.10251031063007732,,,-0.10000000000000142,,,,,,,,,-0.5555555555555647,,0.5561662024327951,,,,
1944-08-01,1.300693219970528,,,,,,,,-0.12886597938144284,,,0.0,,,,,,,,,0.0,,0.65039467462078,,,,
1944-09-01,-0.6419962088246245,,,,,,,,-0.40860215053762916,,,-0.19999999999999574,,,,,,,,,0.0,,0.275932605223006,,,,
1944-10-01,0.3233721899916775,,,,,,,,0.06957940449627831,,,0.3999999999999986,,,,,,,,,0.0,,0.30094265330506964,,,,
1944-11-01,-0.8055256548259893,,,,,,,,0.007192864678229327,,,-0.20000000000000284,,,,,,,,,0.5586592178770999,,0.07492009421605772,,,,
1944-12-01,-0.32434452864540386,,,,,,,,0.3572199180072344,,,0.0,,,,,,,,,0.0,,0.279887255165967,,,,
1945-01-01,-0.9774095019203455,,,,,,,,0.08361204013378476,,,0.10000000000000142,,,,,,,,,0.5555555555555536,,0.3050652649896346,,,,
1945-02-01,-0.3286118288042261,,,,,,,,0.004773839360305843,,,0.0,,,,,,,,,0.0,,-0.516176935172663,,,,
1945-03-01,-0.6600033092088009,,,,,,,,-0.23629376805022195,,,-0.20000000000000284,,,,,,,,,0.0,,1.6843057083036461,,,,
1945-04-01,-1.827222030301534,,,,,,,,-0.8421455572036884,,,-0.29999999999999716,,,,,,,,,0.5524861878452914,,-1.503963695967847,,,,
1945-05-01,-2.7076447449447594,,,,,,,,-0.34261448631954794,,,-0.7000000000000028,,,,,,,,,0.5494505494505475,,0.40842282510367145,,,,
1945-06-01,-2.2605000226049943,,,,,,,,-0.3752663180321525,,,0.5,,,,,,,,,0.0,,1.7697694126042496,,,,
1945-07-01,-2.3134412190335185,,,,,,,,-0.6683029964276166,,,-0.09999999999999432,,,,,,,,,0.0,,0.7771126050714727,,,,
1945-08-01,-10.382731749553553,,,,,,,,-0.9981895581543276,,,-3.8000000000000043,,,,,,,,,-0.5464480874317057,,0.31711076089189216,,,,
1945-09-01,-8.94303420061443,,,,,,,,-4.841101171353735,,,0.6000000000000014,,,,,,,,,-0.5494505494505364,,-0.1515516706230735,,,,
1945-10-01,-4.017905251378129,,,,,,,,0.24151452982574817,,,0.0,,,,,,,,,0.5524861878452914,,3.0173993230605767,,,,
1945-11-01,3.7214564549003404,,,,,,,,1.0259067357512919,,,-0.29999999999999716,,,,,,,,,1.098901098901095,,2.7567337938847025,,,,
1945-12-01,0.4479712232611899,,,,,,,,0.2923376756590379,,,-0.10000000000000142,,,,,,,,,0.0,,7.735151052817213,,,,
1946-01-01,-5.580470012848671,,,,,,,,1.8384045001278437,,,-0.20000000000000284,,,,,,,,,0.0,,-0.9523301939226902,,,,
1946-02-01,-4.963872768934974,,,,,,,,-1.468779030354772,,,-0.5,,,,,,,,,0.5434782608695787,,4.0193650251902024,,,,
1946-03-01,10.447209673992376,,,,,,,,2.423300377127724,,,0.20000000000000284,,,,,,,,,1.6216216216216273,,3.539783770202254,,,,
1946-04-01,-1.8016360260292186,,,,,,,,1.7862918273417128,,,-0.20000000000000284,,,,,,,,,1.0638297872340496,,4.678785802482355,,,,
1946-05-01,-3.6693809410241585,,,,,,,,1.0656759465206722,,,-0.6000000000000014,,,,,,,,,0.5263157894736858,,2.715723788458546,,,,
1946-06-01,6.190316191554079,,,,,,,,0.933517134634454,,,0.20000000000000284,,,,,,,,,1.5706806282722363,,2.2548016095863543,,,,
1946-07-01,3.3631148155241153,,,,,,,,1.0015574457889143,,,0.20000000000000284,,,,,,,,,10.824742268041243,,3.0047220213419212,,,,
1946-08-01,3.6878907005220007,,,,,,,,1.1600597822219116,,,0.3999999999999986,,,,,,,,,3.2558139534883734,,5.187026383854065,,,,
1946-09-01,1.882468107587365,,,,,,,,0.6402138736457008,,,-0.20000000000000284,,,,,,,,,-3.603603603603611,,3.04895292600742,,,,
1946-10-01,1.8476860077628832,,,,,,,,0.4147733892578387,,,0.0,,,,,,,,,7.943925233644866,,3.436671473091768,,,,
1946-11-01,0.6049715483677831,,,,,,,,0.7008098763140236,,,-0.10000000000000142,,,,,,,,,4.329004329004338,,3.6327702543186735,,,,
1946-12-01,0.6013336508692513,,,,,,,,-0.03687060721281332,,,0.20000000000000284,,,,,,,,,0.8298755186721962,,2.452843697522744,,,,
1947-01-01,1.1954784873054347,,,,,,,,0.35962101477673425,,,0.0,,,,,,,,,0.8230452674897082,,3.4497728281021933,,,,
1947-02-01,0.5906778174162186,,,,,,,,0.050534053060746764,,,-0.10000000000000142,,,,0.6517690875232907,,,,,0.8163265306122325,2.024022534412806,3.262983357556637,,,,
1947-03-01,0.5864825581395339,,,,,,,,0.11479211148610613,,,-0.10000000000000142,,,,1.757631822386685,,,,,2.429149797570851,2.1601159933668512,2.5458420061453158,,,,
1947-04-01,-0.778139833967928,,,,,,,,-0.2476666590226384,,,0.20000000000000284,,,,0.0,,,,,-0.7905138339920903,2.211325180381918,2.900583325681305,,,,
1947-05-01,0.3924852544964663,,,,,,,,0.31954757580634485,,,-0.10000000000000142,,,,-0.2272727272727315,,,,,-0.3984063745020028,2.094471559587263,2.6335861370625713,,,,
1947-06-01,0.0,,,,,,,,0.3941518859709392,,,0.0,,,,0.5922551252847352,,,,,0.0,1.6646577841482824,1.9159258706736404,,,,
1947-07-01,-0.5860635820960525,,,,,,,,-0.15293312029217576,,,0.0,,,,0.6793478260869623,,,,,1.200000000000001,2.377595488336315,2.051698823149084,,,,
1947-08-01,0.5895185355425658,,,,,,,,0.49607937269964264,,,-0.3999999999999986,,,,0.7647323436797082,,,,,1.1857707509881354,2.364632237871689,1.9250060717415751,,,,
1947-09-01,0.781176334056255,,,,,,,,0.5527752502274774,,,0.5,,,,1.9642857142857295,,,,,1.953125,2.0646374463010764,2.3950865415164557,,,,
1947-10-01,0.9687216616527161,,,,,,,,0.4705562970839017,,,0.0,,,,0.3064798598949148,,,,,1.1494252873563093,2.070055346269939,2.907430672074063,,,,
1947-11-01,1.3436261511704295,,,,,,,,0.164373691202635,,,0.0,,,,0.6547359231776406,,,,,1.1363636363636465,1.9891845884053572,2.7016508632026204,,,,
1947-12-01,0.3791049185170481,,,,,,,,0.21805593022210523,,,0.29999999999999716,,,,1.5177797051170838,,,,,1.8726591760299671,2.1978733506956782,2.558861799125167,,,,
1948-01-01,0.5661593654530783,,,,,,,,0.21982458895044577,,,-0.29999999999999716,,,,1.1533532678342562,,,,,1.8382352941176405,1.4051093605907727,2.901376985318471,,,,
1948-02-01,0.18742509963491916,,,,,,,,-0.3267754426016678,0.3999999999999999,,-0.29999999999999716,,0.29999999999999716,,-0.04222972972972583,,,,,-1.8050541516245522,1.101014238210607,2.2350798761169965,,,,
1948-03-01,-1.123837738971989,,,,,,,,0.33682886847954396,0.20000000000000018,,0.19999999999999574,,-0.3999999999999986,,-0.7182087029995898,,,,,0.0,1.249012943317207,2.9351654949468564,,,,
1948-04-01,0.1899041335799767,,,,,,,,-0.6803482308707975,-0.10000000000000009,,-0.29999999999999716,,0.5,,1.3617021276595809,,,,,0.7352941176470562,1.2525940293244053,2.4626398223146717,,,,
1948-05-01,1.700983523696542,,,,,,,,0.9396336104914527,-0.3999999999999999,,0.10000000000000142,,-0.7000000000000028,,0.7976490344248521,,,,,0.36496350364965124,1.1218946959497877,1.6559789737431219,,,,
1948-06-01,1.3011665631255553,,,,,,,,0.5312974372711832,0.10000000000000009,,0.09999999999999432,,0.9000000000000057,,0.5830903790087438,,,,,0.727272727272732,0.7829058923272569,1.896446137591834,,,,
1948-07-01,0.0,,,,,,,,0.2797886041657316,0.0,,-0.09999999999999432,,0.09999999999999432,,1.0351966873705987,,,,,1.0830324909747224,0.35949473573522184,1.8023359302401953,,,,
1948-08-01,-0.36727879799665075,,,,,,,,0.039858281665194895,0.2999999999999998,,0.0,,-0.3999999999999986,,0.12295081967212962,,,,,0.7142857142857117,-0.38309158180805936,1.2507337997296863,,,,
1948-09-01,-0.7365814958691375,,,,,,,,0.25676214086503,-0.10000000000000009,,-0.10000000000000142,,0.0,,-0.2865329512893977,,,,,-0.35460992907800915,-0.42203523534052323,1.8742325850148012,,,,
1948-10-01,0.7427362735033416,,,,,,,,-0.10818209917428101,-0.09999999999999964,,-0.30000000000000426,,-0.19999999999999574,,-0.20525451559935126,,,,,-1.067615658362997,-0.351866277611268,0.41559405844873165,,,,
1948-11-01,-1.28917978073686,,,,,,,,-0.11714001547131758,0.09999999999999964,,0.0,,0.0,,-0.6170300287947295,,,,,0.0,-0.3199841001689352,0.1524427425059205,,,,
1948-12-01,-0.9332649724246744,,,,,,,,-0.3540449637103871,0.20000000000000018,,-0.19999999999999574,,0.3999999999999986,,-0.4552980132450313,,,,,-0.7194244604316502,-0.075766638752639,1.2808771438477695,,,,
1949-01-01,-0.9413574850508866,,,,,,,,-0.8083140877598205,0.2999999999999998,,-0.20000000000000284,,-0.3999999999999986,,-0.16632016632016633,,,,,-1.0869565217391353,-0.727645196477511,0.6231004674360996,,,,
1949-02-01,-0.9510092559252836,,,,,,,,-0.38282439330169504,0.40000000000000036,,0.0,,0.29999999999999716,,-0.4164931278633932,,,,,-1.831501831501836,-0.9245983357229925,0.6764056673185914,,,,
1949-03-01,-1.9188549596555693,,,,,,,,-0.5775670269905886,0.2999999999999998,,-0.29999999999999716,,-0.10000000000000142,,0.0,,,,,0.0,-0.8473430082367339,0.5229473442245336,,,,
1949-04-01,-0.5872093023255864,,,,,,,,-0.009041591320069209,0.2999999999999998,,-0.30000000000000426,,-0.10000000000000142,,0.04182350480970154,,,,,-1.1194029850746245,-1.0039489568342885,1.9898117067193244,,,,
1949-05-01,-1.3780045616702652,,,,,,,,-0.5696717605570112,0.7999999999999998,,0.10000000000000142,,0.20000000000000284,,-0.04180602006689238,,,,,-0.7547169811320753,-1.167076590262428,1.3702385884531765,,,,
1949-06-01,-0.19939662137620218,,,,,,,,-0.5570207348126632,0.10000000000000053,,0.10000000000000142,,-0.3999999999999986,,0.04182350480970154,,,,,-1.1406844106463865,-1.4422641246383816,1.3392755182382698,,,,
1949-07-01,-0.20053773823140997,,,,,,,,-0.47554813781750527,0.5,,0.20000000000000284,,0.29999999999999716,,-0.9197324414715768,,,,,0.0,-0.8303509541255805,1.1871824389283248,,,,
1949-08-01,1.0024708263872473,,,,,,,,0.21364085364452556,0.09999999999999964,,0.0,,0.30000000000000426,,0.0,,,,,0.0,-0.700368014149999,1.7255042171958612,,,,
1949-09-01,0.9917842537670696,,,,,,,,0.3576013203741013,-0.20000000000000018,,0.19999999999999574,,-0.10000000000000142,,0.21097046413502962,,,,,0.38461538461538325,-0.7067442361559984,1.9571328726529558,,,,
1949-10-01,-3.7326445889056648,,,,,,,,-1.914116034719049,1.3000000000000007,,0.20000000000000284,,0.5,,-0.3368421052631465,,,,,-0.3831417624521105,-0.6293129638470507,1.8432158850216762,,,,
1949-11-01,2.653378301565046,,,,,,,,0.6986167388570719,-1.5,,-0.5,,-0.20000000000000284,,0.12674271229402567,,,,,0.0,-0.6027253668763111,2.300996819322898,,,,
1949-12-01,1.7889048033902677,,,,,,,,0.6475186161602142,0.1999999999999993,,0.29999999999999716,,-0.19999999999999574,,-0.37974683544304,,,,,-0.38461538461539435,-0.43281483434396417,1.8237154609000994,,,,
1950-01-01,1.757465420072668,,,,,,,,0.0091907541013736,-0.09999999999999964,,0.20000000000000284,,-0.30000000000000426,,-0.42354934349850826,,,,,0.0,0.39424229719691173,1.4844283118503387,,,,
1950-02-01,0.3841986713426282,,,,,,,,-0.5261223176951657,-0.09999999999999964,,0.10000000000000142,,0.0,,0.42535091450446316,,,,,0.7722007722007929,1.0725824767570558,1.6837026340529526,,,,
1950-03-01,3.250704745404076,,,,,,,,1.5174261496177621,-0.10000000000000053,,0.0,,-0.10000000000000142,,0.12706480304955914,,,,,0.0,1.1409352189450273,1.8749067579754586,,,,
1950-04-01,3.332668541837158,,,,,,,,0.9737452791554801,-0.5,,0.5999999999999943,,0.4000000000000057,,0.04230118443315778,,,,,0.0,1.1380983437372372,2.0955336326687446,,,,
1950-05-01,2.330038933812517,,,,,,,,0.7570636744626213,-0.2999999999999998,,0.0,,-0.10000000000000142,,0.5073995771670337,,,,,1.1494252873563093,0.9920705220416659,2.3490722331026115,,,,
1950-06-01,2.977444782642613,,,,,,,,0.8162261281810412,-0.09999999999999964,,0.30000000000000426,,0.29999999999999716,,0.462768195204033,,,,,0.7575757575757791,0.9549603912460958,2.4108608028055922,,,,
1950-07-01,3.231144289918775,,,,,,,,0.8229266020451265,-0.40000000000000036,,0.29999999999999716,,-0.29999999999999716,,0.7956448911222935,,,,,2.6315789473684292,2.6633305532388185,4.580980773565213,,,,
1950-08-01,3.130009177118387,,,,,,,,1.6236194834337914,-0.5,,0.3999999999999986,,0.3999999999999986,,0.540091400083087,,,,,2.19780219780219,3.563014514731355,2.906644800914937,,,,
1950-09-01,-0.6389188804385326,,,,,,,,0.5325597506061763,-0.09999999999999964,,-0.5,,-0.29999999999999716,,0.5785123966942196,,,,,1.7921146953405076,3.3338780846543514,1.9504792711804608,,,,
1950-10-01,0.6430273032856038,,,,,,,,0.5771135707825392,-0.20000000000000018,,0.30000000000000426,,0.19999999999999574,,0.6573541495480617,,,,,0.7042253521126751,3.181401233591674,0.3045974010392971,,,,
1950-11-01,-0.15958141024881023,,,,,,,,0.14987367790004757,0.0,,-0.10000000000000142,,-0.10000000000000142,,0.40816326530612734,,,,,1.3986013986013957,3.0581714734157384,0.07060448366438266,,,,
1950-12-01,1.7599838380957689,,,,,,,,0.1817171198905454,0.09999999999999964,,-0.10000000000000142,,-0.09999999999999432,,1.5447154471544655,,,,,2.4137931034482696,2.9561192680198856,-0.12640507408885338,,,,
1951-01-01,0.314144074180045,,,,,,,,0.9112054800367142,-0.5999999999999996,,0.10000000000000142,,-0.10000000000000142,,1.601281024819845,,,,,2.6936026936027035,2.5892604341821723,2.4470966664313254,,,,
1951-02-01,0.6274847639947234,,,,,,,,0.6111487058027443,-0.30000000000000027,,-0.10000000000000142,,0.0,,1.773049645390068,,,,,1.3114754098360715,2.433227067398125,1.3103001983393314,,,,
1951-03-01,0.4668112798264623,,,,,,,,0.6221493578830062,0.0,,0.10000000000000142,,0.6999999999999957,,0.19357336430507743,,,,,0.0,2.474953536197777,0.7115061249918009,,,,
1951-04-01,0.15545652399211463,,,,,,,,-0.025066321308464534,-0.2999999999999998,,0.0,,-0.6999999999999957,,0.15455950540959051,,,,,-0.3236245954692518,2.5047890407430717,-0.8435004217296038,,,,
1951-05-01,-0.30985559234730786,,,,,,,,0.19013392950419927,-0.10000000000000009,,0.0,,0.29999999999999716,,0.2700617283950546,,,,,-0.32467532467532756,2.345692583926162,-0.3375539693846408,,,,
1951-06-01,-0.46593969310259054,,,,,,,,0.23356690023357274,0.20000000000000018,,-0.10000000000000142,,-0.3999999999999986,,-0.2308580223162715,,,,,-0.6514657980456029,2.311367077212645,-0.6411784514029795,,,,
1951-07-01,-1.5596303699197622,,,,,,,,-0.006241677762985898,-0.10000000000000009,,-0.29999999999999716,,0.3999999999999986,,-0.07713073659852965,,,,,-0.6557377049180357,1.238807984762369,-0.5639857002822435,,,,
1951-08-01,-0.951074961892262,,,,,,,,-0.10195376708765913,0.0,,-0.20000000000000284,,-0.19999999999999574,,-0.1929756850636899,,,,,-0.660066006600657,0.5742954634115005,0.9851277515051882,,,,
1951-09-01,0.6399401058842402,,,,,,,,-0.1208031325501957,0.19999999999999973,,0.0,,-0.10000000000000142,,0.6573859242072766,,,,,0.0,0.5415570132369707,0.6607321353160112,,,,
1951-10-01,-0.15882012587529193,,,,,,,,0.1084372523668442,0.20000000000000018,,-0.10000000000000142,,0.29999999999999716,,0.49942374183633564,,,,,0.0,0.6240996215358452,0.7872757776589134,,,,
1951-11-01,0.7959551757783734,,,,,,,,0.2937132858392699,0.0,,0.10000000000000142,,-0.19999999999999574,,0.6116207951070374,,,,,0.0,0.6192581520288565,1.4481631059934719,,,,
1951-12-01,0.6318531425453466,,,,,,,,0.3468544249901395,-0.3999999999999999,,0.30000000000000426,,0.3999999999999986,,0.5699088145896702,,,,,0.0,1.1228530499833411,-0.04784953087979549,,,,
1952-01-01,1.0989459446854255,,,,,,,,-0.03725628182307261,0.10000000000000009,,0.09999999999999432,,-0.10000000000000142,,-0.0755572346052169,,,,,-0.33222591362126463,5.562418617074583,0.7063925336863175,,,,
1952-02-01,0.6210607047914651,,,,,,,,0.4679476561205931,-0.10000000000000009,,0.0,,0.0,,-0.15122873345935206,,,,,-0.6666666666666599,1.3541539587653917,1.4111810698526517,,,,
1952-03-01,0.30890022350851254,,,,,,,,-0.03709657474959549,-0.20000000000000018,,-0.19999999999999574,,-0.6000000000000014,,-0.07572889057174681,,,,,0.0,-0.246527220528181,0.17358515771361827,,,,
1952-04-01,-0.9232755714767227,,,,,,,,0.23915553356423924,0.0,,-0.30000000000000426,,-0.10000000000000142,,0.2652519893899141,,,,,-0.6711409395973145,-1.0649660578379794,1.3989358450966272,,,,
1952-05-01,-0.9313027281691699,,,,,,,,0.04524886877828038,0.10000000000000009,,0.20000000000000284,,0.30000000000000426,,0.03779289493575089,,,,,0.0,-0.9427229198662901,2.342331410812193,,,,
1952-06-01,-0.9406395883537644,,,,,,,,-0.7401011471567798,0.0,,0.10000000000000142,,0.0,,0.22667170381565072,,,,,-0.33783783783783994,0.5618054383860649,2.355805582933379,,,,
1952-07-01,-1.5824235230518013,,,,,,,,-0.2878919680212033,0.20000000000000018,,-0.3999999999999986,,-0.20000000000000284,,0.5653976630229929,,,,,0.3389830508474523,0.4244416732796852,1.6730917185023841,,,,
1952-08-01,6.430870086990792,,,,,,,,1.6222503790789933,0.19999999999999973,,0.5,,-0.19999999999999574,,0.03748125937033109,,,,,0.6756756756756799,1.118029811117971,0.9503425003647425,,,,
1952-09-01,3.625603051722215,,,,,,,,0.8094186902133815,-0.2999999999999998,,0.3999999999999986,,0.5,,-0.22480329711502822,,,,,-0.6711409395973145,1.3530591193058772,1.4599847536002741,,,,
1952-10-01,1.0204468312013049,,,,,,,,0.5616382806163722,-0.10000000000000009,,0.10000000000000142,,-0.5,,0.22530980097634767,,,,,-0.33783783783783994,1.6381236038719216,2.2488125147561044,,,,
1952-11-01,2.020277801594794,,,,,,,,0.4415589652599916,-0.20000000000000018,,0.0,,0.3999999999999986,,0.0,,,,,-0.6779661016949157,1.6255933415696644,1.9390059712470542,,,,
1952-12-01,0.5657166269211755,,,,,,,,0.7025855146940652,-0.09999999999999964,,0.0,,0.10000000000000142,,0.07493443237167607,,,,,-0.6825938566552892,-0.9107001940836468,2.191013769440797,,,,
1953-01-01,0.2810059805176346,,,,,,,,-0.043854403380771956,0.19999999999999973,,-0.10000000000000142,,0.29999999999999716,,-0.2620741295395024,,,,,0.0,1.0275505811450536,2.6742613753883093,,,,
1953-02-01,0.5609579515919672,,,,,,,,0.3888800255264835,-0.2999999999999998,,-0.10000000000000142,,0.0,,-0.18768768768768762,,,,,0.0,0.6557670429124807,1.3358508765742183,,,,
1953-03-01,0.8370021235821312,,,,,,,,0.26619519656727597,0.0,,0.20000000000000284,,0.10000000000000142,,0.150432493418573,,,,,0.3436426116838476,0.3204558346667996,2.4370431070292353,,,,
1953-04-01,0.4150272746884731,,,,,,,,-0.07528777762367822,0.10000000000000009,,-0.30000000000000426,,-0.5,,0.22530980097634767,,,,,-0.6849315068493178,0.5253541393264616,1.5108410955604779,,,,
1953-05-01,0.5509120484516128,,,,,,,,0.10905125408942062,-0.20000000000000018,,0.10000000000000142,,-0.5,,0.037467216185826935,,,,,0.34482758620690834,0.25143979716908404,0.9791281036573674,,,,
1953-06-01,-0.41104740780685267,,,,,,,,0.05743711626065018,0.0,,-0.10000000000000142,,0.29999999999999716,,0.26217228464420206,,,,,-0.3436426116838587,-0.5108300150318046,0.21509739508915882,,,,
1953-07-01,1.2382319437278744,,,,,,,,0.03365070567509232,0.10000000000000009,,-0.19999999999999574,,0.0,,0.07471049682479247,,,,,1.379310344827589,0.07365102879965946,0.8944795914537007,,,,
1953-08-01,-0.5439307320863729,,,,,,,,-0.09300300775684223,0.10000000000000009,,0.0,,-0.29999999999999716,,0.22396416573349232,,,,,-0.340136054421758,0.9121800640923272,0.81821037255696,,,,
1953-09-01,-2.049120030034146,,,,,,,,-0.23965616272851875,0.19999999999999973,,-0.6000000000000014,,-0.10000000000000142,,0.14897579143389184,,,,,0.3412969283276279,0.07793257790131847,0.5902189947493364,,,,
1953-10-01,-0.8364841767234732,,,,,,,,-0.2541296060991072,0.20000000000000018,,0.0,,0.0,,0.2231312755671233,,,,,-0.6802721088435382,-0.1303417201775514,0.6812057106532654,,,,
1953-11-01,-2.39116241414431,,,,,,,,-0.660828025477711,0.3999999999999999,,-0.10000000000000142,,0.10000000000000142,,-0.37105751391465214,,,,,-0.3424657534246478,-0.4690920462837478,0.22707533656607382,,,,
1953-12-01,-2.4497396683379913,,,,,,,,-0.4107557906548043,1.0,,-0.29999999999999716,,-0.30000000000000426,,0.07448789571693482,,,,,0.3436426116838476,-2.938416422287393,0.41304225391565197,,,,
1954-01-01,-0.7383474401943979,,,,,,,,-0.47079653139650013,0.40000000000000036,,-0.20000000000000284,,0.30000000000000426,,0.2605135839225836,,,,,0.6849315068493178,-0.6793677649922891,1.0920285889630454,,,,
1954-02-01,0.29786740203257,,,,,,,,-0.17586771513472543,0.2999999999999998,,0.20000000000000284,,0.6999999999999957,,0.18559762435039762,,,,,-0.340136054421758,-0.2572660269781535,-1.0672275568106793,,,,
1954-03-01,-0.5939655742401961,,,,,,,,-0.45563160665829106,0.5,,-0.10000000000000142,,-0.19999999999999574,,-0.22230455724341347,,,,,0.0,-0.10892296967585091,-0.5747247513823495,,,,
1954-04-01,-0.5969603245867705,,,,,,,,0.04475456191386229,0.20000000000000018,,0.10000000000000142,,0.10000000000000142,,-0.25993316004455647,,,,,0.3412969283276279,-0.5596022157281832,0.5934165501261468,,,,
1954-05-01,0.6005453420097284,,,,,,,,-0.43514508225055426,0.0,,0.0,,-0.30000000000000426,,0.2606105733432562,,,,,0.0,-0.5671375999508732,-0.005043537596594039,,,,
1954-06-01,0.298757302648367,,,,,,,,-0.14295925661186315,-0.3000000000000007,,0.0,,-0.3999999999999986,,0.03713330857779695,,,,,-0.6802721088435382,-0.6859466946632864,0.3281135031212079,,,,
1954-07-01,0.1486573861720908,,,,,,,,-0.12271193373555311,0.20000000000000018,,0.0,,-0.10000000000000142,,-0.29695619896066283,,,,,0.34246575342467,-0.3326833644992644,0.7150886031478398,,,,
1954-08-01,-0.14843672401804175,,,,,,,,-0.018429405139752664,0.20000000000000018,,0.09999999999999432,,0.30000000000000426,,-0.03723008190616994,,,,,0.0,0.014260885066175177,-0.13988231563369924,0.41999999999999993,,,
1954-09-01,0.1486573861720908,,,,,,,,0.12288534797033623,0.09999999999999964,,0.10000000000000142,,0.5,,-0.14897579143390294,,,,,-0.34129692832765013,0.17066063041948354,0.3755414653997313,-0.1499999999999999,,,
1954-10-01,1.1891492202933618,,,,,,,,0.11455222354048722,-0.39999999999999947,,-0.19999999999999574,,-0.4000000000000057,,-0.33569563595673424,,,,,-0.3424657534246478,0.4368230243989357,0.6622964688457911,-0.22000000000000008,,,
1954-11-01,1.614706315404879,,,,,,,,0.486289894160441,-0.40000000000000036,,0.3999999999999986,,-0.19999999999999574,,0.22455089820359042,,,,,0.3436426116838476,0.5177445999990926,0.7135214037505389,-0.020000000000000018,,,
1954-12-01,1.300861874657877,,,,,,,,0.30703538023586496,-0.2999999999999998,,0.0,,-0.5,,-0.037341299477222645,,,,,-0.6849315068493178,-0.6935264985283407,1.2127346529297922,0.45000000000000007,,,
1955-01-01,2.2822390099702217,,,,,,,,0.33447527923617937,-0.09999999999999964,,0.29999999999999716,,0.5,,0.0,,,,,0.6896551724137945,1.1775563265921773,0.9827490766743718,0.10999999999999988,,,
1955-02-01,1.2555031853731746,,,,,,,,0.2990140617423531,-0.20000000000000018,,0.20000000000000284,,-0.20000000000000284,,0.18677624206200338,,,,,0.34246575342467,0.817853321405404,1.5630782209122396,-0.09999999999999987,,,
1955-03-01,2.341248324756773,,,,,,,,0.6405607928450463,-0.10000000000000053,,0.10000000000000142,,0.10000000000000142,,-0.11185682326622093,,,,,-0.34129692832765013,0.8590654238128437,1.6837942837673925,0.06000000000000005,,,
1955-04-01,1.2115698926880913,,,,,,,,0.5724350506384868,0.10000000000000053,,0.09999999999999432,,0.5,,0.0,,,,,0.34246575342467,0.7965464299884317,1.9296025876586853,0.07999999999999985,,,
1955-05-01,1.5955949529617985,,,,,,,,0.5253940455341555,-0.40000000000000036,,0.30000000000000426,,-0.20000000000000284,,-0.0746547219111604,,,,,-0.6825938566552892,1.4384549231355237,1.3470314790758442,0.0,,,
1955-06-01,0.13124252646723455,,,,,,,,0.5503642698764688,-0.09999999999999964,,-0.30000000000000426,,0.0,,-0.22413149047441072,,,,,0.6872852233676952,1.6943290381086884,2.119656208081344,0.20999999999999996,,,
1955-07-01,0.7839958057437979,,,,,,,,0.38787162827327304,-0.20000000000000018,,-0.09999999999999432,,0.5,,0.18719580681392234,,,,,0.0,1.7258255841925862,1.2786782044219125,0.040000000000000036,,,
1955-08-01,-0.1295692424775119,,,,,,,,0.24319924686684313,0.20000000000000018,,0.0,,0.4000000000000057,,-0.1494768310911887,,,,,0.3412969283276279,1.7805376269555584,1.802076023144572,0.28,,,
1955-09-01,0.64916900579719,,,,,,,,0.3032615288294016,-0.10000000000000053,,0.0,,0.0,,0.48652694610780145,,,,,0.6802721088435382,1.6191964106878176,1.6646712524699625,0.2200000000000002,,,
1955-10-01,1.6776240128804742,,,,,,,,0.3179495181991898,0.20000000000000018,,0.29999999999999716,,0.09999999999999432,,-0.11173184357542443,,,,,0.0,1.5271689425714996,1.0879534903410537,0.06000000000000005,,,
1955-11-01,0.2535475448774305,,,,,,,,0.3169418032627602,-0.09999999999999964,,0.10000000000000142,,0.10000000000000142,,0.22371364653244186,,,,,-0.33783783783783994,2.6628252816972564,1.3056875136835622,0.10999999999999988,,,
1955-12-01,0.37982954679001146,,,,,,,,0.4128547061559962,0.0,,-0.20000000000000284,,0.30000000000000426,,-0.037202380952372494,,,,,0.0,1.0427225004160379,1.2140406248292601,0.1299999999999999,,,
1956-01-01,0.6308099374809695,,,,,,,,0.3281536531222873,-0.20000000000000018,,-0.10000000000000142,,0.0,,-0.14886490509863348,,,,,0.6779661016949046,1.7124505448025795,0.5997272924641361,-0.029999999999999805,,,
1956-02-01,-0.8772256401187506,,,,,,,,0.36940836940837496,-0.10000000000000009,,-0.09999999999999432,,-0.30000000000000426,,0.1118151323145744,,,,,0.33670033670034627,1.7767244678658756,1.046862865807885,0.04999999999999982,,,
1956-03-01,0.0,,,,,,,,0.2434489236490478,0.30000000000000027,,-0.10000000000000142,,-0.10000000000000142,,0.11169024571855424,,,,,0.3355704697986406,3.1547851491878776,1.5135427751229003,0.0,,,
1956-04-01,0.7582266416897854,,,,,,,,0.15489348682449222,-0.20000000000000018,,-0.10000000000000142,,0.10000000000000142,,0.14875418371140814,,,,,0.6688963210702337,2.650294964054001,0.41365343332118165,0.1200000000000001,,,
1956-05-01,-0.8778633068048491,,,,,,,,0.2501193317422379,0.2999999999999998,,-0.10000000000000142,,0.30000000000000426,,0.3713330857779473,,,,,0.6644518272425293,1.1777360423425032,0.95804971283171,0.1299999999999999,,,
1956-06-01,-0.8861080816817801,,,,,,,,0.15236353940502045,0.0,,-0.10000000000000142,,-0.10000000000000142,,0.443951165371792,,,,,0.0,2.1366930026763598,0.579959501922489,-0.040000000000000036,,,
1956-07-01,-3.0653140014133773,,,,,,,,-1.1999391473015653,0.10000000000000053,,0.0,,0.0,,0.5156537753222779,,,,,-0.330033003300334,1.527277533621918,0.2719185683449865,0.040000000000000036,,,
1956-08-01,4.084059105587645,,,,,,,,1.3011259744009296,-0.3000000000000007,,0.0,,-0.10000000000000142,,0.07328691828507594,,,,,0.6622516556291425,1.1726530665382207,0.7367326324291934,-0.020000000000000018,,,
1956-09-01,2.278507194667334,,,,,,,,-0.05130056430621144,-0.19999999999999973,,0.20000000000000284,,0.0,,0.1464664957890882,,,,,0.657894736842124,1.15680944491805,0.6294992725656368,0.2200000000000002,,,
1956-10-01,0.8663719010543636,,,,,,,,0.32887232910043807,0.0,,0.10000000000000142,,-0.20000000000000284,,0.5850091407678226,,,,,0.0,1.4132567554245412,0.3465241950575848,0.009999999999999787,,,
1956-11-01,-0.8589303696818096,,,,,,,,0.08336964965800497,0.3999999999999999,,-0.20000000000000284,,0.0,,0.0,,,,,0.32679738562091387,1.1646466705341751,1.0384974457066543,-0.08000000000000007,,,
1956-12-01,1.485471609659239,,,,,,,,0.20446413358323756,-0.09999999999999964,,0.20000000000000284,,0.0,,0.4362050163576825,,,,,0.32573289902280145,0.6574522099507485,0.10451359987346809,0.06000000000000005,,,
1957-01-01,-0.3659320851788439,,,,,,,,-0.0793515841976955,0.0,,-0.20000000000000284,,-0.29999999999999716,,0.1447701773434673,,,,,0.6493506493506551,0.6590090228805412,0.5550489963967786,-0.10000000000000009,,,
1957-02-01,0.9790998099982628,,,,,,,,0.3970730047081483,-0.30000000000000027,,0.10000000000000142,,0.3999999999999986,,0.46982291290205147,0.35087719298245723,,,,0.0,0.007648300547624665,0.7477817529348618,0.16000000000000014,,,
1957-03-01,-0.12108826389137795,,,,,,,,0.11111738892970457,-0.19999999999999973,,-0.10000000000000142,,-0.10000000000000142,,0.21582733812948174,0.34965034965033226,,,,0.0,1.0743510913290066,0.4410298021990444,-0.040000000000000036,,,
1957-04-01,-1.3349377825250364,,,,,,,,0.15426292422304755,0.19999999999999973,,-0.3999999999999986,,-0.29999999999999716,,0.2512562814070307,0.34843205574912606,,,,0.3225806451612856,1.0438640827827417,0.5884273645105464,0.040000000000000036,,,
1957-05-01,-0.3690829111871352,,,,,,,,-0.16529546564484354,0.19999999999999973,,0.0,,0.0,,0.25062656641603454,0.0,,,,-0.3215434083601365,0.7506230230998057,0.6892471680501666,0.0,,,
1957-06-01,0.24711961231105306,,,,,,,,-0.15616180620884323,0.20000000000000018,,0.0,,0.29999999999999716,,0.39285714285715034,0.3472222222222099,,,,0.3225806451612856,1.2587628804680673,0.34640646790515817,0.0,,,
1957-07-01,0.6155900700656636,,,,,,,,0.10552697533305899,-0.09999999999999964,,0.0,,0.20000000000000284,,0.28459622909997595,0.34602076124568004,,,,0.6430868167202508,0.9257301906070436,0.7833568686490988,-0.009999999999999787,,,
1957-08-01,0.0,,,,,,,,0.009412119044482914,-0.10000000000000053,,0.0,,-0.7000000000000028,,0.3192621496984849,0.0,,,,0.31948881789136685,0.6434927810699209,0.5863393941159645,0.25,,,
1957-09-01,-0.8568259711452031,,,,,,,,-0.36515585002259154,0.3000000000000007,,-0.29999999999999716,,0.30000000000000426,,0.14144271570013522,0.34482758620690834,,,,-0.31847133757960666,-0.14076731192242953,0.19995294484074222,0.22999999999999998,,,
1957-10-01,-1.4813422400315468,,,,,,,,-0.3230437903804728,0.09999999999999964,,-0.30000000000000426,,-0.10000000000000142,,0.0,0.3436426116838476,,,,-0.31948881789137795,-0.3696370783329739,0.2880513968146703,0.029999999999999805,,,
1957-11-01,-2.3813069498608397,,,,,,,,-0.3885298409870508,0.5999999999999996,,-0.19999999999999574,,0.0,,0.3177966101694851,0.34246575342467,,,,0.3205128205128194,-0.25334328887234303,0.16848722822113693,-0.2200000000000002,,,
1957-12-01,-1.9254880461468837,,,,,,,,-0.33106282583050817,0.10000000000000053,,-0.10000000000000142,,0.10000000000000142,,0.21119324181626542,0.0,,,,0.31948881789136685,-1.3025558872788223,0.24729110938419563,-0.2999999999999998,,,
1958-01-01,-1.8325345362278145,,,,,,,,-0.5879657910812464,0.5999999999999996,,-0.20000000000000284,,-0.30000000000000426,,0.5971197752019819,0.0,,,,0.31847133757962887,2.4007460462206254,0.4455235182131201,-0.2599999999999998,,,
1958-02-01,-2.133137911228178,,,,,,,,-0.9601351870343389,0.6000000000000005,,-0.19999999999999574,,0.0,,0.20949720670391248,0.3412969283276279,,,,0.0,0.4711978512225157,-0.4036861233231659,-1.0500000000000003,,,
1958-03-01,-1.2259167813486571,,,,,,,,-0.5370715061268849,0.2999999999999998,,0.09999999999999432,,0.0,,0.5923344947735165,0.3401360544217802,,,,0.6349206349206327,-0.31409287396413355,-0.6737977342698653,-0.47,,,
1958-04-01,-1.6555256755026226,,,,,,,,-0.53022476071658,0.7000000000000002,,0.10000000000000142,,0.30000000000000426,,0.24246622791825878,0.0,,,,-0.3154574132492094,-0.5208213438917086,-0.23222108351419468,0.06000000000000005,,,
1958-05-01,0.9818066283666438,,,,,,,,-0.22145138848060908,0.0,,0.0,,0.19999999999999574,,0.0,0.0,,,,0.31645569620253333,-0.3884669007688468,-0.09277734067663079,-0.63,,,
1958-06-01,2.638772836526071,,,,,,,,0.0,-0.10000000000000053,,0.20000000000000284,,-0.29999999999999716,,-0.10366275051831852,0.3389830508474523,,,,-0.3154574132492094,-0.481161524500906,-0.23293575492436824,0.30000000000000004,,,
1958-07-01,1.4884870900630176,,,,,,,,0.2455120399104338,0.20000000000000018,,0.19999999999999574,,0.10000000000000142,,-0.06918021445866396,0.0,,,,0.0,-0.25881336842533686,0.09455377019476074,-0.25,,,
1958-08-01,1.999940581116677,,,,,,,,0.3801014910166822,-0.09999999999999964,,0.20000000000000284,,0.19999999999999574,,0.1730702665282191,0.0,,,,0.0,0.5210176958789337,0.08559000746126699,0.85,,,
1958-09-01,0.9155562028204667,,,,,,,,0.5328596802841812,-0.3000000000000007,,0.0,,-0.09999999999999432,,-0.10366275051831852,0.33783783783782884,,,,0.0,0.4729171274577171,0.2520119563851564,0.22999999999999998,,,
1958-10-01,1.1655706870757898,,,,,,,,-0.04077194889915425,-0.39999999999999947,,0.10000000000000142,,-0.10000000000000142,,0.0,0.0,,,,-0.31645569620253333,0.6607055443072607,0.23106948809672456,0.040000000000000036,,,
1958-11-01,2.944784692635416,,,,,,,,0.8915218024667437,-0.5,,0.29999999999999716,,-0.3999999999999986,,0.13836042891732792,0.33670033670034627,,,,0.31746031746031633,0.47134249161193686,0.34357822787574044,0.47,,,
1958-12-01,0.12471304452255083,,,,,,,,0.27144617280148164,0.0,,0.0,,0.0,,0.0690846286701241,0.3355704697986406,,,,0.0,0.09537284193885665,0.8478669853053233,0.1499999999999999,,,
1959-01-01,1.490540534306417,,,,,,,,0.7545358548526337,-0.20000000000000018,,0.30000000000000426,,0.09999999999999432,,0.1380738695202055,0.0,,,,0.31645569620253333,0.7556747136533648,1.1712317656916715,0.06000000000000005,,,
1959-02-01,1.9581996199965257,,,0.36273701566365,0.38845623867842516,,0.6035003017501595,,0.4001676893174322,-0.09999999999999964,,0.09999999999999432,,-0.29999999999999716,,-0.03447087211306821,0.0,0.09891849116328011,0.07741436036385885,,0.0,0.020163007980000813,1.1285476079406553,-0.04999999999999982,-1.5873015873015706,0.38381018841588954,
1959-03-01,1.4408887858550434,,,0.7351733201905519,0.6477493025128123,,-2.8194361127774403,,0.6187367142423295,-0.3000000000000007,,0.10000000000000142,,0.29999999999999716,,-0.1034482758620725,0.33444816053511683,0.06588049278608565,0.11603171533551837,,0.0,-0.2546841150365853,0.9977438572064345,0.36999999999999966,-1.0752688172043112,0.5213764337852034,
1959-04-01,2.129754150954999,,,0.7053451298568936,0.653157605206256,,-1.851851851851849,,0.5790923152374949,-0.39999999999999947,,0.10000000000000142,,0.10000000000000142,,0.034518467380051376,0.0,0.19751135690302402,0.25111068186207675,,0.3154574132492094,1.2174640766971168,0.9112591193401354,0.16000000000000014,1.6304347826086918,0.3112033195020958,
1959-05-01,1.5065581107132964,,,0.6639676113360471,0.581324982511533,,-5.786163522012577,,0.42947431593556296,-0.10000000000000053,,0.20000000000000284,,-0.19999999999999574,,0.20703933747412417,0.33333333333334103,0.052565871607868075,0.12202954399487265,,0.0,2.1044431507869943,1.077631861330075,-0.06000000000000005,-0.5347593582887611,0.7238883143743324,
1959-06-01,0.11446255590648047,,,0.30164092664093367,0.3072970273052089,,0.33377837116155273,,0.2446311858076644,-0.09999999999999964,,-0.10000000000000142,,0.0,,0.24104683195591559,0.33222591362125353,0.2889603992907386,0.2950798640066754,,-0.3144654088050314,2.2971156600489318,1.3100101083689308,0.4900000000000002,-0.5376344086021612,0.6502395619438772,
1959-07-01,-2.394613707099147,,,-0.07618589358033834,-0.057981599047240984,,2.9274783765801837,,0.22913135001210172,0.09999999999999964,,-0.30000000000000426,,0.19999999999999574,,0.13740982480248132,0.0,0.20954750834916158,0.23664854493123944,,0.0,1.4111318133353423,1.3186341519298095,0.08000000000000007,1.08108108108107,0.37402244134647766,
1959-08-01,-3.387852494577004,,,-0.5738362760834725,-0.5637329653373047,,-7.563025210084029,,-0.8698238049215656,0.10000000000000053,,0.10000000000000142,,-0.19999999999999574,,0.10291595197255976,0.0,0.14376266091615797,0.1595201633486365,,-0.3154574132492094,1.1270559810962588,1.301988183017122,0.029999999999999805,-0.5347593582887611,0.40650406504063596,
1959-09-01,-0.12124423528566686,,,0.0,0.07637502567028331,,7.692307692307687,,0.1724913754312274,0.2999999999999998,,0.0,,0.09999999999999432,,0.23989033584648212,0.33112582781458233,0.2610114192495905,0.26119640695674295,,0.31645569620253333,0.4502612302764719,1.2165118452566404,0.2599999999999998,0.0,0.10121457489880026,
1959-10-01,-0.7261005030999801,,,0.11704403277232878,0.1272198517589196,,-12.012987012987008,,-0.13101744403682947,0.20000000000000018,,-0.29999999999999716,,0.10000000000000142,,0.34188034188034067,0.3300330033003229,0.2408070289619202,0.17155928326344494,,-0.3154574132492094,0.39414017067209706,1.2707756071436815,0.2200000000000002,0.0,-0.06740815638691666,
1959-11-01,0.6095848844687168,,,0.6691929371926086,0.7587882874606544,,4.50184501845019,,0.5172607668953111,0.09999999999999964,,-0.20000000000000284,,-0.29999999999999716,,0.0,0.0,0.06492663290482703,0.18395179194417022,,-0.31645569620253333,0.7458742609596669,0.7888393378576053,0.020000000000000018,0.0,0.2023608768971341,
1959-12-01,6.181803449890166,,,1.1452827166426482,1.0244138109945844,,13.064971751412436,,1.0068240295335151,-0.5,,0.3999999999999986,,0.3999999999999986,,0.20442930153321548,0.328947368421062,0.11679211004411716,0.1519564391541106,,0.0,1.5385887569836054,2.218951028391203,-0.009999999999999787,2.1505376344086002,0.23561090541903695,
1960-01-01,2.625431884180851,,,0.46717871565442604,0.3231098335251037,,-8.806995627732672,,0.1845903939158955,-0.09999999999999964,,0.30000000000000426,,-0.3999999999999986,,-0.13600816048963127,0.0,-0.058327932598833954,0.02528764698443986,,0.31746031746031633,0.8548552930278008,0.008748331568186885,0.0,-1.0526315789473606,0.1343183344526544,
1960-02-01,-0.88979585092408,,,0.09063682219421221,0.11481273467983666,,2.945205479452051,-0.366300366300365,0.44035818255518944,-0.40000000000000036,,-0.30000000000000426,,0.0,,0.13619339462036528,0.3278688524590123,0.1037546203229267,0.18960940462646736,,0.0,0.3989492569853814,0.6231302077029266,-0.020000000000000018,-3.191489361702138,0.06706908115359234,
1960-03-01,-0.8977842983611484,,,0.09055474624983795,0.1878620373804596,,-26.2142381902861,-12.224264705882348,-0.10823106414983297,0.6000000000000005,,-0.29999999999999716,,-0.6000000000000014,,0.0,0.0,0.058301483448852665,0.006308352258388439,,0.6329113924050667,0.5800860578276446,0.8839763518362576,-0.13000000000000034,-1.098901098901095,0.3016085790884748,
1960-04-01,-0.7927829414980936,,,0.36189127527339604,0.34705951752662667,,16.230838593327324,6.387434554973814,0.6592720461306767,-0.20000000000000018,,0.0,,1.0,,0.44202652159128775,0.0,0.3625534118865792,0.1829306755819049,,0.0,1.2424409015942883,1.4922212874198593,0.08000000000000007,0.5555555555555536,0.26729034413632835,
1960-05-01,-0.11403862051423408,,,0.24300384102844408,0.24081882824353862,,-1.3964313421256813,3.543307086614167,-0.6166420374728587,-0.10000000000000053,,0.10000000000000142,,0.0,,0.10155721056195333,0.0,0.1032124887111241,0.16370734164463663,,-0.3144654088050314,0.9315022510070436,0.4152212561123081,-0.06999999999999984,0.5524861878452914,0.2665778073975167,
1960-06-01,-1.2571302458237121,,,-0.023459493274946563,0.07640332277241146,,-1.8882769472856054,-8.935361216730042,-0.2331344653510814,0.3000000000000007,,-0.20000000000000284,,0.20000000000000284,,0.1352722353736846,0.32679738562091387,0.04510890578681703,0.05657530802112287,,0.0,1.1341905381413664,0.7524111305700742,-0.5300000000000002,0.5494505494505475,0.4652708541043715,
1960-07-01,-0.34729684424080753,,,0.19163081736410792,0.17925275225902926,,-4.009623095429027,4.279749478079342,-0.07727975270479526,0.09999999999999964,,0.0,,-0.20000000000000284,,-0.20263424518742745,-0.32573289902279035,0.1803542673108005,0.17591254633411157,,0.0,0.09526941416564405,0.6159755260840338,-0.08999999999999986,1.0928961748633892,0.5954349983460228,
1960-08-01,-0.11602529265115624,,,-0.2537179437136494,-0.15956818670248563,,12.280701754385959,-0.5005005005005003,-0.06260818325783957,0.09999999999999964,,-0.19999999999999574,,0.0,,0.20304568527917954,0.0,0.16717032083841676,0.14424584509249438,,-0.3154574132492094,-0.17127341421110387,0.34119357492530256,-0.25,0.0,0.9207497533705977,
1960-09-01,-1.0467360748260823,,,0.02739297174609856,0.1302902640811343,,-18.377976190476186,-1.0060362173038184,-0.08291568396225912,-0.09999999999999964,,-0.30000000000000426,,0.20000000000000284,,0.0,0.0,0.05777007510108234,0.08141282565130581,,0.0,0.18318253643685445,0.7082615529334424,-0.3799999999999999,0.5405405405405572,0.4887585532746819,
1960-10-01,-0.11738881882409347,,,0.3129768005946554,0.295348743364654,,13.582497721057418,-1.2195121951219523,-0.15674848322790869,0.5999999999999996,,0.30000000000000426,,-0.30000000000000426,,0.47281323877068626,0.6535947712418277,0.11547344110856006,0.05631687629059634,,0.31645569620253333,0.29975410984384165,0.4452818301800665,-0.1299999999999999,1.0752688172043001,0.3566796368352776,
1960-11-01,-1.4116320931126691,,,-0.5733005733005614,-0.42959332928795835,,0.0,0.7201646090535085,-0.33430608400133455,0.0,,-0.4000000000000057,,0.3999999999999986,,0.10084033613446675,0.0,0.3396129693707506,0.26891807379612054,,0.0,0.38049642742752354,0.4109075132750162,-0.03000000000000025,1.0638297872340496,0.4523424878836835,
1960-12-01,-1.909569117184351,,,-0.5844512434298288,-0.45705074798805256,,-14.68699839486356,-2.860061287027582,-0.4058486684827889,0.5,,-0.8999999999999986,,-0.09999999999999432,,0.1007387508394908,-0.32467532467532756,0.019158311514155812,-0.031185679535972177,,0.0,1.013370055202767,0.25269728885704,-0.45999999999999996,1.5789473684210575,0.48247024766805424,
1961-01-01,0.12153028769699148,,,0.8719668573683226,0.8951233931435487,,11.288805268109115,1.8927444794952786,-0.10978378177216586,0.0,,0.8999999999999986,,-0.10000000000000142,,0.10063737001007045,0.32573289902280145,0.019154641808194484,0.02495632642876,,0.3154574132492094,-0.16458813777903147,1.077112304792771,-0.53,0.0,0.544174135723452,
1961-02-01,-0.12138277086634064,,,0.007822889775499497,0.38964174027540377,,3.6348267117497945,-0.8255933952528327,-0.23471117485982518,0.3000000000000007,,0.10000000000000142,,0.0,,0.0,0.0,0.0893712097031596,0.09980039920158834,,0.0,-0.20339805594279392,-0.5961908199601629,1.09,-1.5544041450777257,0.7640878701050458,
1961-03-01,0.6085550093971381,,,0.49280350438047904,0.4103904866938235,,7.014681892332786,4.058272632674287,0.190451294882088,0.0,,0.10000000000000142,,0.10000000000000142,,0.0,0.32467532467532756,-0.05740162000127391,0.031156530408793515,,0.0,0.24195297769027402,0.24097112707268664,-0.52,-1.0526315789473606,0.5687203791469253,
1961-04-01,2.055314314453649,,,0.34638436989180565,0.2142986472624564,,-11.12804878048781,0.20000000000000018,-0.059635848599493,0.09999999999999964,,0.0,,-0.4000000000000057,,-0.10053619302949901,0.0,-0.05743458838545212,0.13704603500901413,,-0.6289308176100628,0.3826233359808473,-0.6278837345708665,-0.53,0.5319148936170137,0.5026704366949408,
1961-05-01,1.5404720418184636,,,0.5972927898227454,0.7746192529489937,,5.317324185248706,2.4950099800399306,0.2964924385104428,0.09999999999999964,,0.20000000000000284,,0.10000000000000142,,0.10063737001007045,0.0,0.057467594661897436,0.13063763608087697,,-0.31645569620253333,-0.1859629921800776,0.1728148090073489,0.49,0.0,0.7189746795873697,
1961-06-01,1.4001014001014056,,,0.801943169988828,0.9452201315935493,,12.540716612377857,4.186952288218104,0.35511099542631097,-0.1999999999999993,,0.29999999999999716,,0.30000000000000426,,0.0,0.3236245954692629,0.04467134652201832,0.14910536779324524,,-0.6349206349206327,0.7540193002359086,0.2576616795467057,-0.25,0.5291005291005346,0.6517690875232907,
1961-07-01,1.1508547008546977,,,0.2371390323197442,0.2851320929321943,,-3.400868306801741,1.2149532710280297,0.27048557719029365,0.09999999999999964,,0.0,,-0.4000000000000057,,0.2680965147453085,0.0,0.216878229253048,0.15508684863523303,,0.6389776357827559,0.3048155677366493,0.1014838049382849,-0.56,0.5263157894736858,0.4008633980882026,
1961-08-01,0.9100395871445288,,,0.4273667340786824,0.056608742377339816,,-1.7228464419475675,7.017543859649122,0.32333758291298587,-0.40000000000000036,,0.10000000000000142,,0.0,,0.06684491978610207,0.3225806451612856,0.08274457386543421,0.10529575720037432,,0.0,0.17707303440712696,0.37005774225371546,0.8300000000000001,0.5235602094240788,0.6142506142506221,
1961-09-01,-0.11262439972031801,,,0.19377635928417014,0.12223408145841663,,8.917682926829261,-5.263157894736848,0.16575196139820836,0.10000000000000053,,-0.6000000000000014,,-0.29999999999999716,,0.13360053440214514,0.0,0.11447468837446628,0.1979952976116861,,0.0,0.2672499279128493,0.43486021325156443,-0.1200000000000001,1.041666666666674,0.5799755799755779,
1961-10-01,1.9188693006060964,,,1.0693970420932786,0.9854295307173189,,-0.9797060881735487,2.2768670309653904,0.2463778774729697,-0.20000000000000018,,0.7999999999999972,,0.10000000000000142,,0.0,0.0,-0.00635243298183763,0.030875632950499998,,0.0,0.48420998487284095,0.4518988770116694,0.3799999999999999,1.546391752577314,0.48558421851290223,
1961-11-01,1.5504449818223742,,,0.919255590574819,0.8944226895337692,,-2.1201413427561877,2.582368655387346,0.40350684127508085,-0.40000000000000036,,0.4000000000000057,,0.0,,0.0,0.3215434083601254,0.006352836541534401,0.018519661707516732,,0.0,0.3627454174015332,0.9648253333730095,0.3500000000000001,0.5076142131979822,0.6946541830262554,
1961-12-01,0.872326121996081,,,0.5502472394690816,0.6006390265155259,,-1.4440433212996373,0.78125,0.23747762230097447,-0.09999999999999964,,-0.30000000000000426,,-0.30000000000000426,,0.10006671114075605,0.0,0.025409731927328316,0.08640908529811142,,0.31746031746031633,1.5440363335396778,0.8101276974633587,-0.2799999999999998,1.5151515151515138,0.6298740251949653,
1962-01-01,-0.8651838766661424,,,-0.1368090220003615,-0.09988901604479627,,-0.293040293040292,-3.3591731266149893,0.03462603878117143,-0.20000000000000018,,-0.3999999999999986,,0.0,,0.09996667777407708,0.0,0.19052457767052555,0.11716822890970313,,0.31645569620253333,0.42374719461548693,0.05505350889412064,-0.18000000000000016,0.0,0.5961251862891315,
1962-02-01,1.6357193479801468,,,0.4850414691943028,0.4238975532475431,,-6.098457016899339,6.417112299465244,0.5410723069355639,-0.2999999999999998,,0.3999999999999986,,0.20000000000000284,,0.23302263648468102,0.0,0.2662271805273786,0.16630736064060514,,0.0,-0.26486121499683657,0.5740750255287086,0.2200000000000002,-2.487562189054726,0.7703703703703768,
1962-03-01,0.5367303677021429,,,0.6632521463576513,0.6878724497196176,,12.910798122065724,-5.025125628140703,0.157642965862137,0.09999999999999964,,0.20000000000000284,,-0.10000000000000142,,0.19926934573231136,0.3205128205128194,0.13276014666836478,0.23367359488377648,,0.0,0.5297614705667808,0.7794017753732341,0.48,-0.5102040816326592,0.8820935019111964,
1962-04-01,0.21362524820558448,,,0.6259379918737817,0.5120547578663537,,5.613305613305619,8.906525573192248,0.5915875169606455,0.0,,0.0,,-0.19999999999999574,,0.13258203513424327,0.0,0.11364353810214833,0.018404907975466678,,-0.3154574132492094,0.9945307610677245,1.1695813797144572,-0.07000000000000028,1.025641025641022,0.6995045176333425,
1962-05-01,-0.10678267747676884,,,0.14186977082575325,0.14209342353235233,,-2.69028871391076,-7.530364372469633,0.046760907881004954,-0.09999999999999964,,0.0,,0.19999999999999574,,0.09930486593843213,0.31948881789136685,0.0630636312038968,0.1410783291418749,,-0.31645569620253333,0.6769226624277591,1.1494684806263589,-0.41999999999999993,0.5076142131979822,0.5788712011577379,
1962-06-01,-0.21300182120516098,,,0.12350612081803991,0.13805045963561913,,-5.327039784221177,1.050788091068311,0.028762493708200942,0.0,,-0.10000000000000142,,-0.10000000000000142,,-0.09920634920633775,0.0,0.06302388605281539,0.18375597206909955,,0.0,1.5623989491830192,0.8302962305250849,0.3200000000000003,0.5050505050504972,0.5179856115107961,
1962-07-01,0.9613477118892932,,,0.4752748249464922,0.48439457806681574,,3.276353276353272,3.0329289428076223,0.1833081733879638,-0.09999999999999964,,0.0,,-0.29999999999999716,,0.033101621979469975,0.0,-0.056685771871267665,0.0855955001222819,,0.31746031746031633,0.4059997496810519,0.5753374941777079,0.029999999999999805,1.005025125628145,0.4294302891497237,
1962-08-01,0.10571198396636117,,,0.11193760381309481,0.16097929465057614,,4.620689655172416,0.925147182506314,0.1650342625479917,0.2999999999999998,,0.0,,0.5,,0.19854401058903015,0.31847133757962887,0.14494580287369718,0.0122174709834999,,0.0,0.42994480261029366,0.8287619187760109,0.2200000000000002,-0.9950248756219082,0.5701254275940704,
1962-09-01,0.6343872431634479,,,0.11902614968439806,0.04698504742184362,,-12.722478576137108,1.9166666666666776,0.2507253125112019,-0.10000000000000053,,0.0,,0.0,,0.4623513870541718,0.0,0.49084387389086714,0.1954556559980558,,0.9493670886075778,0.9803281115945195,0.5801367100688237,-0.03000000000000025,1.005025125628145,0.5952380952380931,
1962-10-01,0.10493465964500626,,,0.33143598241947014,0.5284262580044441,,15.785498489425986,-3.4341782502044116,0.11254421379827129,-0.1999999999999993,,-0.20000000000000284,,-0.29999999999999716,,-0.13149243918475495,0.0,-0.1001941261193573,-0.006096074128270068,,-0.6269592476489061,1.0245053219935407,0.8888694222145554,0.0,0.4975124378109319,0.6480698788391193,
1962-11-01,0.41968833172914,,,0.4775583482944379,0.3684973036782502,,5.8056099151989615,4.657070279424214,0.026766117663856726,0.2999999999999998,,0.20000000000000284,,-0.20000000000000284,,0.0,0.0,0.06895254811007945,0.07315734926538475,,0.0,0.7494338156661895,0.9148593859840792,0.040000000000000036,-2.970297029702962,0.7278835386338223,
1962-12-01,0.0,,,0.5253189436443595,0.4691215131641391,,-3.5758323057953123,0.0,-0.04995004995005381,-0.20000000000000018,,-0.20000000000000284,,-0.10000000000000142,,0.0,0.31746031746031633,-0.03758456527186427,0.03045994517212325,,-0.3154574132492094,0.5038156941342908,0.716447301310863,-0.009999999999999787,2.5510204081632626,0.8060033351862117,
1963-01-01,0.7314820563765201,,,-0.23817987913259397,0.616056308424584,,-20.46035805626598,0.9708737864077666,0.15527950310558758,0.20000000000000018,,0.20000000000000284,,0.20000000000000284,,0.19749835418039208,-0.31645569620253333,0.2443915277603681,0.18879415347137218,,0.0,0.4736748908039212,0.7775803678791604,-0.010000000000000231,-0.4975124378109541,0.6892748828232653,
1963-02-01,1.1414548830615434,,,0.26369240637136304,-0.5272044085526728,,17.041800643086823,-2.8846153846153855,0.2049362915441444,0.20000000000000018,,0.0,,0.0,,0.13140604467805073,0.31746031746031633,0.10626992561104665,0.11549449881465002,,-0.31645569620253333,0.3505915576881513,1.0491219617207115,0.08000000000000007,-1.9999999999999907,0.7393209200438067,
1963-03-01,0.6151349868974254,,,0.4478089348544767,0.4521436199800499,,5.35714285714286,3.7953795379537913,0.16005690912324066,-0.20000000000000018,,0.0,,0.0,,0.09842519685039353,0.31645569620253333,-0.08117896840263983,0.06071645415908211,,0.0,0.30211543527620677,1.004169264198751,-0.020000000000000018,-0.5102040816326592,0.7610763794509312,
1963-04-01,0.9172505952854237,,,0.28305558504051476,0.27439184743613954,,10.104302477183836,2.38473767885532,0.4616477272727293,0.0,,0.0,,0.19999999999999574,,-0.0983284169124965,0.0,-0.006249609399422429,0.12135922330096527,,-0.31746031746032743,0.8708902132201102,1.0391958947052693,-0.08000000000000007,0.512820512820511,0.7013757755597538,
1963-05-01,1.2123849322159819,,,0.42338496277740667,0.42789600916293136,,-2.841918294849022,4.813664596273282,0.06362672322375307,0.20000000000000018,,0.0,,0.0,,0.09842519685039353,0.0,0.16249999999999876,0.1818181818181941,,0.31847133757962887,0.5317027506783312,0.7535563103720389,0.10000000000000009,0.0,0.7500669702652063,
1963-06-01,0.2994655577545968,,,0.5164599655693269,0.47133755869548377,,-3.229737964655699,-0.37037037037036535,0.075950261410207,-0.3000000000000007,,0.20000000000000284,,-0.29999999999999716,,0.32776138970829205,0.3154574132492094,0.21839510794958716,0.16938898971565752,,0.31746031746031633,1.2290077904992813,0.7576209985709736,-0.009999999999999787,1.0204081632652962,0.611539484179735,
1963-07-01,-0.3979720791362218,,,0.05941978329255804,0.056331784073049285,,1.6372795969773257,-1.7843866171003753,0.23826753031293002,0.0,,-0.10000000000000142,,0.20000000000000284,,0.2613524991832872,0.0,0.19924039599028553,0.09059065104481956,,0.31645569620253333,0.44571333424032744,1.1698825707030736,0.029999999999999805,1.0101010101010166,0.7135306553911258,
1963-08-01,0.19959561483240407,,,0.3563069829182419,0.3498903896794525,,1.5489467162329573,-0.832702498107496,0.2042469274923464,-0.1999999999999993,,0.0,,-0.20000000000000284,,0.19550342130987275,0.3144654088050203,0.13670539986327945,0.09050865866169211,,-0.3154574132492094,0.021024372099032185,1.1822771876239813,0.4700000000000002,-1.5000000000000013,0.6559958016268741,
1963-09-01,0.9971008912075252,,,0.6996414772529436,0.6772502967182792,,7.565588773642462,7.862595419847329,0.2952029520295163,0.09999999999999964,,0.0,,0.20000000000000284,,-0.09756097560975618,0.0,-0.018616196090603943,0.18085362912947378,,0.0,0.6987113152022717,0.8067966580479258,-0.010000000000000231,1.522842639593902,0.6256517205422307,
1963-10-01,0.6910432002815492,,,0.5496024887659878,0.5548702510500103,,0.9075439591605283,0.07077140835103357,0.3591576439258448,0.0,,0.10000000000000142,,0.09999999999999432,,0.09765625,0.31347962382446415,0.1924031777557289,0.22265013840414571,,0.0,1.1813939485172398,1.2716501615145814,0.020000000000000018,0.0,0.5958549222798037,
1963-11-01,0.4900586541227048,,,0.23720306645123035,0.20671909425706847,,-8.825182686902755,-4.0311173974540315,-0.04888012150201515,0.20000000000000018,,0.0,,0.0,,0.09756097560975618,0.0,0.14247661525119693,0.09006304413090582,,0.31645569620253333,1.6407100817082076,0.6576362664493907,-0.020000000000000018,0.5000000000000115,0.8241050733968525,
1963-12-01,-0.19492259254293431,,,0.7133548254338429,0.7897025078342779,,-8.076448828606663,4.8636698599852535,0.18513666928652306,-0.20000000000000018,,-0.10000000000000142,,-0.29999999999999716,,0.32488628979856493,0.31250000000000444,0.14845973029815607,0.1439712057588416,,-0.3154574132492094,1.8265668973539428,1.288942863960063,-0.10000000000000009,2.985074626865658,0.43422733077904674,
1964-01-01,0.8795908069510583,,,-0.01021589593406258,0.35989528929198933,,7.511737089201875,-8.92480674631061,0.21966144244347507,0.09999999999999964,,-0.5,,0.10000000000000142,,0.19430051813471572,0.31152647975078995,0.2100061766522554,0.13777405055708236,,0.6329113924050667,0.4686233207664259,1.148985818367243,0.10000000000000009,0.0,0.508646998982698,
1964-02-01,0.6783210743741996,,,0.899090692367932,0.4138820409211208,,13.53711790393013,11.265432098765427,0.4627133090959745,-0.1999999999999993,,0.6000000000000014,,0.19999999999999574,,-0.09696186166774368,0.0,0.14176528599605387,0.1914219058443578,,-0.6289308176100628,0.24724048333988335,1.1294276268839054,0.0,-2.898550724637672,0.6072874493927127,
1964-03-01,0.0,,,0.5096702332332059,0.5057160481654943,,-16.648351648351646,-8.945908460471564,0.24933769674302386,0.0,,-0.10000000000000142,,-0.09999999999999432,,0.09705596894209467,0.0,0.061549824583018165,0.09552809122934658,,0.0,0.31532954506530153,1.154229658486261,-0.04999999999999982,0.4975124378109319,0.5533199195171035,
1964-04-01,1.6363031986189158,,,0.611189468735307,0.608471755522122,,-4.548450889914301,-3.7319116527037344,0.043180130231279534,-0.10000000000000053,,0.10000000000000142,,0.3999999999999986,,0.03232062055591456,0.0,0.07381435689239879,0.0894721145243027,,0.0,0.9771616215077827,0.8426887240992276,0.040000000000000036,0.4950495049504955,0.47523761880940985,
1964-05-01,0.5679520317912523,,,0.6308411214953402,0.6004164662622102,,1.3121546961325947,2.7689873417721556,0.28831877352302193,-0.20000000000000018,,0.09999999999999432,,0.0,,0.09693053311794486,0.0,0.01229331858136895,0.08343265792609689,,-0.31645569620253333,0.9684570440925189,1.1592808544208744,0.029999999999999805,-0.49261083743843415,0.6223549912870219,
1964-06-01,0.28254712032731444,,,0.38807257288797636,0.3520668433058649,,5.657805044308106,-1.4626635873749017,0.22379452219869478,0.10000000000000053,,0.0,,-0.3999999999999986,,0.09683666881858954,0.31055900621115295,0.1413557863683801,0.07145409074669207,,0.0,1.0218720055075403,0.7344139607682321,0.0,1.4851485148514865,0.7174666006927399,
1964-07-01,0.657302861446829,,,0.5418621555540959,0.543722549193193,,0.7741935483871032,1.8750000000000044,0.3315068963740453,-0.2999999999999998,,0.0,,-0.10000000000000142,,0.032247662044504466,0.0,0.12888179698049562,0.10115434963702263,,0.31746031746031633,0.7776224497501483,1.063906868604958,-0.08000000000000007,0.4878048780487809,0.736919675755332,
1964-08-01,0.6530106040607997,,,0.6079526782780231,0.5659985812318746,,0.4481434058898781,0.15337423312884457,0.3543792371430543,0.09999999999999964,,0.10000000000000142,,0.0,,0.09671179883945502,0.0,0.07355194606191162,0.13077334601436785,,0.0,0.7103967950815138,0.8245386994270687,0.08000000000000007,0.0,0.8046817849304944,
1964-09-01,0.3706788551289364,,,0.42136207741303444,0.4131010562197668,,-7.265774378585088,-3.1393568147013773,0.4844845527900432,0.09999999999999964,,0.0,,0.10000000000000142,,0.09661835748790981,0.0,0.15312059778280762,0.041555357672917737,,0.31645569620253333,1.2164138747037478,1.1436484497074684,-0.04999999999999982,1.4563106796116276,0.8466376390904751,
1964-10-01,-1.3849978568366894,,,0.0650533437418721,0.05552228757923494,,4.742268041237119,-2.766798418972327,-0.18674770385209705,0.0,,-0.19999999999999574,,-0.10000000000000142,,0.12870012870014325,0.3095975232198178,0.061154598825829964,0.04153809636839867,,0.0,0.9249680411798078,0.724732748766499,-0.0900000000000003,0.4784688995215447,0.5277044854881341,
1964-11-01,3.0898583380275735,,,0.7378754388245978,0.6725713336695582,,-2.493438320209973,1.9512195121951237,0.7228751722143878,-0.2999999999999998,,0.29999999999999716,,-0.10000000000000142,,0.2892030848329119,0.30864197530864335,0.14056961251682765,0.14235719793580515,,0.0,1.0161518400875424,0.4895884523137273,0.16000000000000014,0.952380952380949,0.7158196134574135,
1964-12-01,1.1808872338703091,,,0.9615694879158587,0.9887833357952625,,-0.1345895020188448,-7.177033492822971,0.342801175318308,0.20000000000000018,,0.20000000000000284,,0.10000000000000142,,0.1281640499839698,0.0,0.1464754348489361,0.1421548303026876,,0.0,2.6120767883396567,1.1955401692149703,0.33000000000000007,1.8867924528301883,0.6396588486140775,
1965-01-01,1.0770969387244866,,,0.17897663715682466,0.6264683085145828,,-8.28840970350404,8.59106529209621,0.2709479813533866,-0.09999999999999964,,0.09999999999999432,,0.0,,0.09600000000000719,0.3076923076923199,0.1096958985922436,0.13603832732005383,,0.3154574132492094,1.530298330194113,1.4227851535320468,0.04999999999999982,0.0,0.6355932203389703,
1965-02-01,0.6216936452025701,,,0.5455415536768093,0.0563561014564673,,5.29022777369581,-6.25,0.3658823134503608,0.1999999999999993,,0.0,,0.10000000000000142,,0.0,0.0,0.042612771656425075,0.11813349084466296,,0.3144654088050203,1.3981870663898333,1.1119765999151765,0.08000000000000007,-1.85185185185186,0.6783625730994114,
1965-03-01,1.323875983729339,,,0.49498667343570446,0.4840560683394335,,-0.6978367062107416,2.1940928270042237,0.33946488294314126,-0.39999999999999947,,0.0,,0.0,,0.09590792838873874,0.0,0.1277838627236072,0.05899705014749124,,0.0,1.7972575009197689,0.8667184559767671,0.06999999999999984,0.4716981132075526,0.6505576208178487,
1965-04-01,0.43541833803473207,,,0.3662541045718726,0.4111839425249064,,1.054111033028815,-4.046242774566478,0.42664533439995544,0.09999999999999964,,-0.09999999999999432,,0.09999999999999432,,0.2235707441711865,0.30674846625766694,0.15800668489822645,0.1179245283018826,,0.31347962382446415,1.6095138260868058,1.272368425640047,0.040000000000000036,0.9389671361502261,0.5309325946445176,
1965-05-01,0.7807417046193921,,,0.6417516043790039,0.5499735339989265,,2.781641168289295,3.872633390705671,0.3850047295839598,-0.20000000000000018,,0.09999999999999432,,0.20000000000000284,,0.31867431485022024,0.0,0.2245009404769016,0.18256772673732602,,0.31250000000000444,1.2745219536768548,0.9311428279836109,0.009999999999999787,0.0,0.36739380022963175,
1965-06-01,0.7743737575823362,,,0.29694923730931855,0.2907367423986784,,0.6765899864682012,2.8169014084507005,0.3289745581987358,0.0,,-0.09999999999999432,,-0.20000000000000284,,0.41296060991105055,0.0,0.2905920813657703,-0.02351419669623933,,0.9345794392523255,1.9485101311084607,1.038896250990784,-0.04999999999999982,0.9302325581395321,0.6863417982155173,
1965-07-01,0.9393602075345342,,,0.6762863464954805,0.6737956148425317,,2.7553763440860246,-0.3223207091055613,0.4531224254407551,-0.1999999999999993,,0.0,,0.30000000000000426,,-0.0949066751028238,0.0,0.07243752263672576,0.09995884047744319,,0.0,1.1524354219958788,0.941456117488304,0.040000000000000036,0.9216589861751112,0.6362190411270063,
1965-08-01,0.42320827691080254,,,0.5324418028727074,0.4173701062330615,,-6.344015696533678,0.9700889248181133,0.43139506274092465,0.0,,-0.10000000000000142,,-0.20000000000000284,,-0.09499683343887622,0.0,0.024128362890585286,0.1879699248120259,,0.0,0.9073761295969929,0.6391632395533531,0.03000000000000025,-1.3698630136986134,0.6547753443215232,
1965-09-01,0.25279229108656764,,,0.6497105554871263,2.4466657713956286,,3.4916201117318524,-1.7614091273018384,0.42790879989547115,-0.10000000000000053,,0.0,,-0.19999999999999574,,0.22187004754359307,0.3058103975535076,0.048245085031961565,0.11726078799250139,,0.0,1.3883798213783827,0.8997814274428029,-0.10000000000000053,0.92592592592593,0.8299685957828595,
1965-10-01,1.00830737927462,,,1.119711200171336,-0.4284791293344803,,-2.0242914979757054,4.237978810105947,0.3724182793950259,-0.09999999999999964,,0.10000000000000142,,0.19999999999999574,,0.0948766603415585,0.0,0.030138637733578832,-0.035137034434296055,,0.30864197530864335,0.9967117699956063,0.7203605191652862,0.0600000000000005,0.917431192660545,0.6896551724137945,
1965-11-01,0.4158569402692214,,,0.7049284482497642,0.7436668726497064,,0.5509641873278293,2.111024237685699,0.4488083086245709,-0.10000000000000053,,0.09999999999999432,,-0.10000000000000142,,0.3159557661927437,0.3048780487804992,0.16872551973488026,0.1874633860574182,,0.3076923076923199,1.0499627143922607,0.6336617037181691,0.019999999999999574,-0.454545454545463,0.6849315068493178,
1965-12-01,1.242711874836555,,,0.5377636243465655,0.5335457941129995,,13.424657534246576,0.6891271056661541,0.5258403767985032,-0.09999999999999964,,0.0,,0.20000000000000284,,0.31496062992126816,0.3039513677811634,0.360945677675506,0.3040580049117114,,0.6134969325153339,2.071759600909173,0.5759115822427718,0.22000000000000064,3.65296803652968,0.7680491551459223,
1966-01-01,0.982209606933826,,,0.21216196025697354,0.24268023412494788,,-17.27053140096618,0.7604562737642651,0.33214595167034844,0.0,,0.20000000000000284,,0.0,,0.09419152276295417,0.0,0.11988251513517234,0.02914772064823712,,0.3048780487804992,1.1935041217391307,1.121362242524393,0.09999999999999964,0.4405286343612369,0.6097560975609762,
1966-02-01,0.648236759899623,,,0.5098998091602969,0.4970124757537109,,0.5839416058394109,-12.528301886792448,0.42700187113180466,-0.20000000000000018,,0.20000000000000284,,-0.20000000000000284,,0.6273525721455453,0.3030303030303161,0.41309944321379355,0.24476950871263892,,0.911854103343468,1.0000985952322905,0.7499068336295878,0.17999999999999972,-2.6315789473684292,0.5627705627705648,
1966-03-01,1.3688554000717668,,,0.551814163230202,0.5349864272116589,,1.1611030478954953,6.471095772217428,0.6306134148671871,0.0,,-0.10000000000000142,,0.0,,0.31172069825435855,0.0,0.24445504412116126,0.12789954072436327,,0.0,1.1855750321859482,0.7038068150897692,0.0600000000000005,0.0,0.5596211795092509,
1966-04-01,0.1586936386858362,,,-0.038356002714434734,-0.08098677741499305,,-3.012912482065999,-7.212317666126422,0.3877073047221069,0.0,,0.19999999999999574,,0.20000000000000284,,0.3107520198881275,0.6042296072507503,0.34497115327425387,0.35998374266970057,,0.0,1.1909788733379,0.3643607449699271,0.009999999999999787,1.3513513513513598,0.44948630136987244,
1966-05-01,0.9515367126482932,,,0.3423848878394198,0.3274761334120635,,-6.4349112426035475,-5.851528384279481,0.43350095370209285,0.10000000000000009,,-0.29999999999999716,,0.0,,0.21685254027261625,0.30030030030030463,0.12447394938059908,0.26612669945038636,,0.0,1.3188656511838648,0.506401036626758,0.23000000000000043,0.0,0.17046665246112092,
1966-06-01,0.47142978000915825,,,0.5794799388163296,0.4900798966533504,,-5.612648221343875,-11.317254174397029,0.6262556504269101,-0.10000000000000009,,-0.10000000000000142,,0.10000000000000142,,0.09273570324574987,0.29940119760478723,0.24863840871418574,0.32312042005655517,,0.30120481927709,2.8155952830664965,0.48660979700607676,0.2699999999999996,0.4444444444444473,0.23399276749627163,
1966-07-01,0.5473239199426105,,,0.4474600064340528,0.4016672940573063,,-9.045226130653262,-2.5104602510460206,0.29636099889254197,0.0,,-0.19999999999999574,,0.0,,0.21618282890674134,0.29850746268658135,0.19487421755046697,0.2933225973428266,,0.6006006006006093,1.844627871163862,0.2733476656217704,0.1299999999999999,2.212389380530966,-0.0848896434634927,
1966-08-01,0.07768100540592737,,,0.2765969836371118,0.5016274245234431,,3.038674033149169,-5.901287553648071,0.3203682679896014,0.0,,0.19999999999999574,,0.19999999999999574,,0.6163328197226425,0.29761904761904656,0.3830965992809743,0.1835072829452944,,0.29850746268658135,0.27519255664694153,0.5249374784132677,0.23000000000000043,-1.7316017316017396,0.38232795242141293,
1966-09-01,0.9326027175904583,,,0.27002700270026825,0.6012722034937745,,-6.523681858802499,-11.74458380843786,0.21082983242128872,-0.09999999999999964,,-0.19999999999999574,,0.0,,0.3062787136294043,0.2967359050444873,0.317050258337237,0.30910131654264816,,0.0,0.6421287920211904,0.08524983919344642,-0.1299999999999999,2.2026431718061623,0.5924672027084021,
1966-10-01,0.692703315427301,,,0.43725024613423535,0.4160785991759175,,-19.40726577437859,-4.52196382428941,0.3264081184350953,0.0,,0.09999999999999432,,0.0,,0.3053435114503955,0.591715976331364,0.2633735221819089,0.3252682036064769,,-0.5952380952381042,0.6737791382699143,0.27874557537836964,0.1299999999999999,0.8620689655172376,0.06310475389146308,
1966-11-01,-0.6882218663759376,,,0.40074960357503464,0.621249011116709,,13.997627520759192,-0.4059539918809252,0.2544176149505084,-0.10000000000000009,,-0.09999999999999432,,0.30000000000000426,,0.09132420091324533,0.0,0.14593427120423996,0.25027017803309626,,-0.29940119760479833,0.46429706808324145,0.4797080465210213,0.22999999999999954,-0.8547008547008517,0.33634643682993737,
1966-12-01,0.23099706107700957,,,-0.12634964392372883,-0.032498256631829925,,3.017689906347565,0.9510869565217295,0.27684215383194655,0.19999999999999973,,-0.30000000000000426,,-0.10000000000000142,,0.12165450121655041,0.2941176470588225,0.20983912333878418,0.30638297872338516,,0.0,0.7699119335073723,0.34589823176571777,-0.35999999999999943,2.586206896551735,0.6075843285145544,
1967-01-01,0.47176807493525263,,,0.8683151236342779,0.9325800784121263,,7.777777777777772,33.916554508748305,0.3190232979033425,0.10000000000000009,,0.20000000000000284,,0.0,,-0.060753341433783525,0.2932551319648091,0.005816658911128592,0.09050285649641054,,0.30030030030030463,0.37732982171798657,0.40312130421378267,-0.45999999999999996,1.2605042016806678,0.291545189504383,
1967-02-01,-1.13413768630235,,,-0.01710278775439722,0.1208480214751173,,5.248359887535137,-8.84422110552764,0.033635543596255424,-0.10000000000000009,,-0.7000000000000028,,-0.20000000000000284,,0.3039513677811634,0.0,0.1163264119118157,0.1808420457756421,,0.0,0.3582511289956347,0.1605110835721124,0.05999999999999961,-1.6597510373444035,0.7267441860465018,-1.4151999999999987
1967-03-01,-0.5636674276033427,,,0.3848785494355189,0.6096850031480638,,-5.96616206589492,5.292171995589867,0.15436580109737807,0.0,,0.10000000000000142,,-0.19999999999999574,,0.0,0.29239766081869956,0.05228606285947457,0.15231003553901612,,-0.29940119760479833,0.7102994042082367,0.3610401026390653,-0.46999999999999975,-1.2658227848101333,0.9482580911152283,-0.8914999999999935
1967-04-01,0.9431346955748543,,,0.031240237425800288,-0.08351857899894233,,3.3143939393939448,8.37696335078535,-0.09766519151533926,0.0,,-0.10000000000000142,,0.29999999999999716,,0.3030303030303161,0.291545189504383,0.16838926953897104,0.27599414216514795,,-0.6006006006005871,1.3253356397842975,0.14969022358723993,-0.4800000000000004,0.0,0.4900959771288571,0.4253999999999962
1967-05-01,-0.8725304527432032,,,0.15331327011527396,0.18425823145311604,,19.523373052245653,3.961352657004835,0.23523661137079266,0.0,,0.0,,-0.10000000000000142,,0.0,0.29069767441860517,0.19129325836182431,0.21906420266246673,,0.6042296072507503,0.5138880335037177,0.2580138743933258,-0.10999999999999988,-0.42735042735041473,1.0363747205852425,-1.1522999999999968
1967-06-01,-0.01240952589837141,,,0.39120081641910165,0.39586073595627713,,-4.294478527607359,8.643122676579917,0.1981103322157951,0.10000000000000009,,0.0,,0.30000000000000426,,0.6042296072507503,0.28985507246377384,0.31821337653321624,0.2522138773680238,,0.6006006006006093,1.3366061209133973,0.5716257850111539,0.040000000000000036,0.8583690987124415,0.9654062751407899,-0.39629999999999654
1967-07-01,-0.22772863059762338,,,0.45744620771446254,0.5116856377882284,,9.294871794871785,0.6843455945252375,0.20988593155892854,-0.10000000000000009,,0.10000000000000142,,0.0,,0.30030030030030463,0.28901734104047616,0.3402733721667994,0.34102979817745016,,0.0,1.2603258562706277,0.3404727772152727,-0.18999999999999995,2.127659574468077,0.8565737051792865,-0.5769999999999982
1967-08-01,1.9159559819021288,,,0.43006521250281704,0.4725762864953298,,3.152492668621698,4.418011894647411,0.38702039825158074,0.0,,0.10000000000000142,,0.10000000000000142,,0.29940119760478723,0.5763688760806795,0.310380503506158,0.3064408290617271,,-0.29850746268657025,-0.26607718865805374,0.5603287405404167,0.10999999999999988,-0.8333333333333304,0.888801106063597,1.2505999999999915
1967-09-01,-0.16236208447938383,,,0.13994234375436232,0.07824519006185415,,0.995024875621886,4.068348250610243,0.031749391469992894,0.0,,0.0,,0.0,,0.29850746268658135,0.2865329512893977,0.30369012147604124,0.3554963061711991,,0.0,0.2684634478993031,0.472661178828071,0.0900000000000003,1.680672268907557,0.7635082223962586,-0.5216999999999956
1967-10-01,0.8142678838986006,,,0.03353922692082012,0.12932128754938876,,4.92610837438423,0.07818608287724071,0.09219515144187618,0.20000000000000018,,0.0,,0.19999999999999574,,0.29761904761904656,0.28571428571428914,0.27992002285062156,0.37084186638622896,,0.0,0.4392349811611185,0.2552288250070589,-0.11000000000000032,2.066115702479343,0.6800077715173991,0.32030000000000314
1967-11-01,1.4303803537032644,,,0.6286496605291791,0.6339876424206192,,3.15224681421864,1.3281249999999911,0.7217818044545021,-0.10000000000000009,,0.0,,-0.10000000000000142,,0.5934718100890191,0.2849002849002913,0.33040902358436597,0.3198411823094771,,0.0,0.5845123257669504,0.8117262476963427,0.25,0.0,0.5789270551910475,0.8530999999999977
1967-12-01,1.0768413765108065,,,0.26932474455798605,0.2786589166478448,,-14.954486345903772,1.3878180416345476,0.2953390402230749,-0.10000000000000009,,0.10000000000000142,,0.10000000000000142,,0.2949852507374784,0.5681818181818121,0.15898251192369983,0.24736147757253857,,0.8982035928143839,1.8249111363553228,0.5136852435839723,0.3799999999999999,2.429149797570851,0.6907137375287586,0.5561000000000007
1968-01-01,-0.10755468509308086,,,0.49566638052778167,0.5464789397477077,,5.504587155963292,-10.34220532319392,-0.14349775784753271,-0.09999999999999964,,-0.30000000000000426,,-0.6999999999999957,,0.2941176470588225,0.28248587570622874,0.4648526077097648,0.444151998684017,,0.2967359050444873,0.47736409576535355,-0.06574154288961909,0.10000000000000053,1.976284584980248,0.4954268292682862,-0.4561000000000064
1968-02-01,0.3582590976056288,,,0.8183621734817681,0.7622752736431648,,10.144927536231885,13.825275657336732,0.6152326208011427,0.09999999999999964,,0.3999999999999986,,0.3999999999999986,,0.2932551319648091,0.5633802816901401,0.4062746868299216,0.43126978927829906,,0.591715976331364,0.05453438381346487,1.0826955280578199,0.09999999999999964,-0.7751937984496138,0.5688282138794021,-0.03359999999999275
1968-03-01,0.3122547647662399,,,0.48921807100494874,0.8538047455494135,,-3.552631578947374,2.086438152011927,0.11902105184855571,-0.09999999999999964,,0.0,,0.0,,0.29239766081869956,0.28011204481790397,0.32595256828145125,0.39680382671087866,,0.2941176470588225,0.5957405531991977,0.7047541324147977,0.33999999999999986,0.0,0.52790346907996,-0.07260000000000844
1968-04-01,0.14469998687032248,,,0.3046127067014792,0.44732480427343013,,6.002728512960442,-6.13138686131387,0.387844564975115,-0.20000000000000018,,-0.5,,-0.10000000000000142,,0.291545189504383,0.27932960893854997,0.31369034281873986,0.36816459122903655,,0.0,1.500332897123302,0.8358983724671365,0.71,0.0,0.46886721680419186,-0.2166999999999888
1968-05-01,1.121784804145154,,,0.6127982646420893,0.5249475089998068,,-9.39510939510939,0.8553654743390426,0.14210432826100572,0.0,,0.6000000000000014,,0.3999999999999986,,0.29069767441860517,0.278551532033422,0.3685503685503688,0.37760276189449105,,0.2932551319648091,0.6238337046629017,0.711174462063835,0.3600000000000003,-0.7812500000000111,0.5973492626469845,0.6323999999999899
1968-06-01,0.36734914375236016,,,0.48509674985177664,0.4610657394277018,,-0.21306818181817677,0.23130300693909867,0.3739726837344026,0.20000000000000018,,0.0,,0.10000000000000142,,0.5797101449275477,0.5555555555555536,0.3226883275842862,0.39230438521067335,,0.0,1.0754996482063017,0.6258912068736189,-0.04999999999999982,1.1811023622047223,0.6865837817777054,-0.020699999999990837
1968-07-01,-0.15339899886970265,,,0.6088075953440963,0.6107526839122857,,7.615658362989319,3.384615384615386,0.32545467933142724,0.0,,-0.10000000000000142,,-0.20000000000000284,,0.5763688760806795,0.5524861878452914,0.3050133096716978,0.3318880145602332,,0.29239766081869956,1.2301858678186672,0.9506351297877691,-0.040000000000000036,1.1673151750972721,0.5528934758569859,-0.4742000000000104
1968-08-01,0.2789682218808265,,,0.37586969850451624,0.4601996232761474,,-1.1243386243386277,0.9672619047619069,0.299445145759325,-0.20000000000000018,,-0.09999999999999432,,-0.19999999999999574,,0.2865329512893977,0.27472527472527375,0.4091336318903238,0.389478738729121,,-0.2915451895043608,0.22222026938854,0.6432627535480906,0.0,0.0,0.6964809384164106,-0.0946999999999889
1968-09-01,0.37871762824388533,,,0.520529027460559,0.4707808671598368,,4.080267558528439,7.885040530582166,0.22537684765111532,-0.10000000000000009,,0.19999999999999574,,-0.10000000000000142,,0.28571428571428914,0.5479452054794498,0.3468971972908852,0.4039115646258473,,0.5847953216374213,0.665401844185709,0.8057870556015256,-0.25,0.38461538461538325,0.7462686567164312,-0.006700000000009254
1968-10-01,0.19868578191692965,,,0.14531043593131177,0.1703576266673723,,0.8354755784061751,-2.9371584699453557,0.34606623444892737,0.0,,0.10000000000000142,,0.0,,0.5698005698005604,0.5449591280653809,0.4389815627743543,0.4075799280118586,,0.0,1.0531851419562477,1.295793457896588,0.1299999999999999,1.9157088122605304,0.7407407407407529,-0.16190000000000282
1968-11-01,1.2934398016012816,,,0.4590423426988455,0.45295457383347504,,3.8878266411727314,1.0555946516537684,0.3827068872688022,0.0,,-0.10000000000000142,,0.10000000000000142,,0.28328611898016387,0.5420054200542035,0.3387237762237927,0.37956666139489226,,0.29069767441860517,1.7858585858585796,0.8398894507302357,-0.08999999999999986,0.7518796992481258,0.8608321377331363,0.7880000000000109
1968-12-01,0.3158011376228176,,,0.4044223850416362,0.4065454348083142,,-5.030674846625772,-3.2729805013927527,0.3826974370868541,0.0,,-0.19999999999999574,,0.10000000000000142,,0.5649717514124353,0.26954177897573484,0.20690406185341903,0.2993540255238569,,0.28985507246377384,1.8381496771461947,1.035353611417933,0.1999999999999993,1.4925373134328401,0.8001422475106601,-0.058100000000010255
1969-01-01,0.6048922634279696,,,0.026155415478767985,0.09098047998115089,,14.27648578811369,5.039596832253412,0.27582024029575436,0.0,,0.09999999999999432,,-0.10000000000000142,,0.2808988764045006,0.2688172043010528,0.3912193001521347,0.3770028275212223,,0.5780346820809079,0.9787280485206162,0.7043410643131853,0.28000000000000025,3.308823529411775,0.42335508908095676,0.2044000000000068
1969-02-01,0.6399447890770071,,,0.41314750411838297,0.46673719884384735,,-3.617863199547766,2.4674434544208257,0.37442935526146304,0.0,,-0.3999999999999986,,0.3999999999999986,,0.28011204481790397,0.8042895442359255,0.2543840658151053,0.34428794992173994,,0.5747126436781658,1.1819068000300526,1.0345103504322717,0.3100000000000005,-2.8469750889679735,0.456701212014754,0.24540000000000362
1969-03-01,0.7841945446658283,,,0.49477878180255175,0.45067357448294043,,-8.445747800586512,-3.8127090301003363,0.2955566076988214,0.0,,0.3999999999999986,,-0.10000000000000142,,0.8379888268156499,0.5319148936170137,0.46968633590671605,0.4678727386151049,,0.5714285714285783,0.9583270173953551,0.8224762626807269,0.17999999999999972,-1.831501831501836,0.4371393600279827,0.37359999999999616
1969-04-01,-0.36778350515462854,,,0.2513539426291178,0.240774856396353,,-2.37027546444587,0.20862308762170656,0.23889564408841046,0.0,,0.20000000000000284,,0.10000000000000142,,0.5540166204986097,0.793650793650813,0.4406233207952859,0.38290386008486,,0.28409090909089496,1.5449680214191686,0.9069140394189379,0.6200000000000001,1.1194029850746245,0.226323119777172,-0.6394999999999982
1969-05-01,-0.3781950627695152,,,0.4006410256410353,0.39294702162746553,,3.8713910761154935,-7.841776544066626,0.36533850896220965,0.0,,-0.29999999999999716,,-0.20000000000000284,,0.27548209366392573,0.0,0.4012411726942,0.40206185567011055,,0.56657223796035,1.164912698530829,0.8567218457569803,1.2599999999999998,2.952029520295185,0.13896126454751023,-0.6426000000000016
1969-06-01,0.9771208820314126,,,0.38874443271632586,0.34202883136629225,,-3.474415666456099,1.5813253012048278,0.4379479012626586,0.10000000000000009,,0.0,,0.30000000000000426,,0.5494505494505475,0.5249343832020914,0.48489369638196056,0.34397782113153585,,0.5633802816901401,0.5836457554730279,0.6656478315431702,0.23000000000000043,-2.150537634408589,0.3469210754553309,0.5405999999999977
1969-07-01,0.5279344980636536,,,0.5462378827511882,0.5483571407446819,,-10.471204188481675,-5.263157894736848,0.13166090945126996,0.0,,-0.10000000000000142,,0.0,,0.5464480874316724,0.5221932114882533,0.4401315091738134,0.46559222307493986,,0.28011204481790397,0.5025336355231724,0.5052007340534459,-0.2900000000000009,-0.73260073260073,0.17286084701815252,0.1524000000000001
1969-08-01,0.22971040629067296,,,0.6248884127834309,0.6246643961295151,,-0.7309941520467822,3.0516431924882736,0.3944633742877679,0.0,,0.0,,0.19999999999999574,,0.27173913043478937,0.5194805194805197,0.2745367192862114,0.28009777958850623,,-0.27932960893852776,0.2435576101079473,0.48764563847063513,0.5800000000000001,-0.3690036900369065,0.10353753235547991,-0.1075000000000017
1969-09-01,-0.02245900593377259,,,0.26868092872351923,0.25867860644674945,,10.972017673048606,-4.100227790432798,-0.13237945020279085,0.20000000000000018,,0.0,,0.0,,0.5420054200542035,0.5167958656330685,0.41594271573737185,0.40119851708901866,,0.28011204481790397,0.4945468202933512,0.5701528978559134,-0.03999999999999915,0.0,0.3447681434235461,-0.32689999999999486
1969-10-01,0.02935643046229064,,,0.14662015268718243,0.18638287768539819,,-8.360982083609825,-3.7212984956452866,0.29190286826297207,0.0,,-0.10000000000000142,,0.10000000000000142,,0.5390835579514697,0.5141388174807249,0.34081375838925787,0.42994436014163195,,0.27932960893854997,0.5004931726412476,0.5590367121893758,-0.15000000000000036,1.4814814814814836,0.22332932485826795,-0.27949999999999875
1969-11-01,-0.9427028572011831,,,0.10601777059775497,0.0963821314047042,,-11.006517016654593,-2.055921052631582,-0.04921190646925977,-0.20000000000000018,,0.0,,-0.19999999999999574,,0.536193029490617,0.2557544757033181,0.4337147933322738,0.382775119617218,,0.5571030640668662,0.8129411178371626,0.436050802207788,-0.15000000000000036,1.0948905109489093,0.34281796366129047,-1.1221000000000032
1969-12-01,-0.26844738482784125,,,0.17650915326037353,0.21002236982450295,,7.9739625711960915,-3.0226700251889116,0.2180457474045605,0.0,,0.10000000000000142,,0.0,,0.5333333333333412,0.5102040816326481,0.4578563995837781,0.37128091917113526,,0.5540166204986097,1.3428669758350331,0.4637383035355436,0.120000000000001,1.4440433212996373,0.42705842159207474,-0.5283000000000015
1970-01-01,-1.8516413684786959,,,0.16864679822794493,0.17943300007519092,,-18.23662396382818,-8.051948051948054,-0.09123959517693958,0.3999999999999999,,-0.20000000000000284,,0.19999999999999574,,0.5305039787798282,0.5076142131979822,0.3573648228713422,0.3299175206198601,,0.5509641873278293,-0.2814314353284608,0.5086736641506606,0.009999999999999787,2.8469750889679624,0.28916482394965026,-1.8602999999999952
1970-02-01,-0.06579847768641844,,,0.17590149516271136,0.2450245036087706,,20.276497695852534,5.2730696798493515,0.18124086770821002,0.30000000000000027,,-0.19999999999999574,,0.0,,0.5277044854881341,0.5050505050504972,0.39737833513959764,0.383638084798954,,0.5479452054794498,-0.5668973705030833,0.30371746388717646,0.0,-3.460207612456745,-0.5597014925373234,-0.3158000000000101
1970-03-01,-0.1298400307612968,,,0.37877837702244843,0.388108842424284,,1.072796934865905,1.2522361359570633,0.2047542248089229,0.20000000000000018,,-0.10000000000000142,,0.20000000000000284,,0.5249343832020914,0.7537688442211143,0.24673588979129413,0.37224538415723263,,0.0,-0.2672777313655339,0.06931055693002453,-1.2200000000000006,-1.4336917562723928,0.17056114617091112,-0.36719999999999686
1970-04-01,-0.2571168629105558,,,-0.5897640943622551,0.9949185850128828,,-4.169825625473845,8.127208480565361,-0.14415473541308232,0.1999999999999993,,-0.30000000000000426,,0.0,,0.5221932114882533,0.7481296758104605,0.5076402420264525,0.39558918063591353,,0.27247956403269047,0.2502542385744322,0.0738384783286472,0.33999999999999986,2.181818181818196,0.18729780350759118,-0.46999999999999886
1970-05-01,-0.11659572217962433,,,0.21116138763197512,-0.5724331234351121,,2.0569620253164667,8.496732026143782,-0.31395414027022284,0.20000000000000018,,0.0,,-0.30000000000000426,,0.25974025974027093,0.24752475247524774,0.31631039232693503,0.35462739496625595,,0.0,0.31719415651148,0.12410543134970808,-0.14999999999999947,-0.7117437722420017,0.52685248130524,-0.3511000000000024
1970-06-01,-0.32346097954149,,,0.3236002408187888,0.312533243339419,,7.364341085271309,-0.45180722891565717,-0.13356954052078374,0.10000000000000053,,0.0,,-0.09999999999999432,,0.5181347150258864,0.7407407407407307,0.2593703910898526,0.3582822085889559,,0.27173913043478937,0.7772719640643855,0.5067840394653356,-0.33999999999999986,-1.075268817204289,0.6255283178360216,-0.5181999999999931
1970-07-01,0.24537466108287553,,,0.5275923286575113,0.5605420111678638,,9.53068592057762,0.1512859304084735,0.03378901575412652,0.09999999999999964,,0.20000000000000284,,0.19999999999999574,,0.2577319587628857,0.2450980392156854,0.36522268438674566,0.3814553990610259,,0.5420054200542035,0.7873765161116486,0.5197799782839407,-0.40000000000000036,1.8115942028985588,0.6552419354838745,-0.05110000000000525
1970-08-01,-0.17828239613658647,,,0.1964978609093615,0.254458362329979,,-7.778510217534606,5.287009063444104,-0.16325841273415742,0.09999999999999964,,-0.20000000000000284,,-0.10000000000000142,,0.25706940874037354,0.4889975550122383,0.26281208935610145,0.34590275747832244,,-0.5390835579514919,0.8021211586503929,0.25234698715685955,-0.5899999999999999,1.0676156583629748,0.9681188449340627,-0.39509999999999934
1970-09-01,-0.6891921298876391,,,-0.2755504803515274,-0.07041279672101997,,9.649749821300935,2.295552367288378,0.009867910963246018,0.3000000000000007,,-0.19999999999999574,,-0.09999999999999432,,0.512820512820511,0.48661800486617945,0.4486339348724666,0.41753653444676075,,0.5420054200542035,0.9104418895400368,0.5117579191394439,-0.33000000000000007,1.4084507042253502,1.0414944618945432,-0.8061000000000007
1970-10-01,-2.000422210405095,,,-0.5700487902021267,-0.34618686286644884,,2.998696219035213,9.677419354838701,-0.5962449255751068,0.09999999999999964,,-0.10000000000000142,,0.19999999999999574,,0.5102040816326481,0.4842615012106588,0.4968133687961007,0.49315863269352445,,0.0,0.22377655577661137,0.20041141504414384,-0.08999999999999986,-0.694444444444442,0.8507853403141308,-1.848399999999998
1970-11-01,-0.6056144082239201,,,-0.040057081340916234,-0.10148507864298217,,4.2405063291139244,-3.9641943734015306,-0.15881794075524036,0.40000000000000036,,0.0,,0.0,,0.5076142131979822,0.7228915662650603,0.3944871666833105,0.5147943228289709,,0.0,0.3647493942099178,-0.23311177138939376,-0.6000000000000005,0.34965034965033226,0.7624918883841758,-0.7128000000000014
1970-12-01,2.2964824396319417,,,0.2554662258622109,0.3425467595012721,,14.936247723132979,17.643142476697736,0.5439645499865087,0.1999999999999993,,0.0,,0.0,,0.5050505050504972,0.4784688995215447,0.44267595125588866,0.5025847214244816,,0.0,1.0741152209587712,0.5688667685008308,-0.6999999999999993,1.7421602787456525,0.8855256802447364,1.5465000000000089
1971-01-01,0.7691379379701546,,,0.9667990706737628,0.8607788000830396,,-3.433703116745901,-7.017543859649122,0.10311899649677603,-0.1999999999999993,,0.3999999999999986,,0.0,,0.2512562814070307,0.23809523809523725,0.2129345350103895,0.3952945658903584,,0.5390835579514697,0.17071098746563873,1.9859211084932271,-0.7600000000000007,4.109589041095885,1.0213852537503953,0.38809999999999434
1971-02-01,-0.1905507075126378,,,0.10391923990500374,0.1991110142412822,,-4.759299781181614,-3.3475349969567914,-0.08184576307063152,0.0,,-0.19999999999999574,,-0.29999999999999716,,0.0,0.23752969121140222,0.291545189504383,0.379506641366234,,1.0723860589812562,0.3112564198877843,0.5730744880559024,-0.4199999999999995,-1.6447368421052655,1.2638230647709303,-0.35370000000000346
1971-03-01,-0.10825598540945558,,,0.2743585940975901,0.31379182954749396,,9.707064905226881,10.768261964735526,0.07485135650429076,0.09999999999999964,,0.09999999999999432,,-0.10000000000000142,,0.25062656641603454,0.0,0.3301143082380831,0.32136105860114395,,0.2652519893899141,0.08275608136549817,0.595384728945314,-0.010000000000000231,-0.6688963210702337,1.3884555382215336,-0.2867999999999995
1971-04-01,0.5616193000579139,,,0.2760728635164744,0.2659021587581467,,3.9790575916230475,-0.7959067652074991,0.24837708156928429,-0.09999999999999964,,0.10000000000000142,,0.10000000000000142,,0.24999999999999467,0.4739336492890933,0.39286942002652037,0.3721499905784631,,0.2645502645502784,0.14456944825191886,0.9255004685924328,0.4500000000000002,0.6734006734006703,1.3078935220803167,0.24349999999999739
1971-05-01,0.5072531089492793,,,0.4080528993879229,0.3863118135765786,,3.1722054380664666,13.008595988538673,0.29703249056816095,0.0,,0.10000000000000142,,0.10000000000000142,,0.4987531172069737,0.4716981132075526,0.41579024604998516,0.43647627540244205,,0.5277044854881341,0.8131103454671162,0.6193038408736529,0.46999999999999975,1.3377926421404673,1.2606318347509138,0.20190000000000907
1971-06-01,0.41938908637619843,,,0.044066883736881834,1.8742729305492034,,-1.1224987798926334,-3.498985801217036,0.009824975086680787,0.0,,-0.10000000000000142,,-0.4000000000000057,,0.496277915632759,0.46948356807510194,0.44329696024942855,0.3971962616822422,,0.2624671916010568,0.9419652136226642,0.6732397989479555,0.28000000000000025,-0.660066006600657,0.9449527523623713,0.13299999999999557
1971-07-01,-0.2900845268966057,,,0.12724825645418214,-1.2474483464935626,,2.8134254689042404,8.723068838675774,0.08560922895557432,0.09999999999999964,,0.10000000000000142,,0.30000000000000426,,0.24691358024691024,0.23364485981309802,0.30069353508899166,0.3816616243891069,,0.2617801047120283,0.21966852571488893,0.8208537746886124,0.39999999999999947,1.661129568106312,0.980683506686475,-0.430499999999995
1971-08-01,-0.580538125344543,,,0.3788156511963292,0.342143691944119,,3.6005760921747454,-3.141614306428231,0.08132931360864681,0.09999999999999964,,-0.20000000000000284,,0.10000000000000142,,0.24630541871921707,0.2331002331002363,0.29012136743871153,0.1391014049241912,,0.5221932114882533,1.1392130599455097,0.9606811675270777,0.2600000000000007,-0.326797385620925,0.8681577398469642,-0.6572000000000031
1971-09-01,1.6252354548589976,,,0.43825477210752695,0.589577689791132,,-5.421686746987953,-0.39920159680638667,0.3376627015818201,-0.09999999999999964,,-0.09999999999999432,,-0.10000000000000142,,0.24570024570023108,0.0,0.1494624174340542,0.1666898180302745,,-0.5194805194805308,0.859524793352695,1.0721823655848173,-0.020000000000000462,0.9836065573770592,1.0211524434719177,1.0785999999999945
1971-10-01,0.748715592498228,,,0.40725298167361146,0.2769734605638785,,4.262616364527183,1.503006012024044,0.03909850029324424,-0.20000000000000018,,0.19999999999999574,,0.0,,0.2450980392156854,0.23255813953488857,0.15405353360293805,0.15716729071326707,,0.0,0.5086801314768907,0.8126482271024749,-0.34999999999999964,0.0,0.8519855595667813,0.39679999999999893
1971-11-01,0.4241767809206154,,,0.4152583293095091,0.508462202918003,,2.537593984962405,2.615992102665343,0.28614499874375365,0.20000000000000018,,0.10000000000000142,,0.29999999999999716,,0.24449877750611915,0.23201856148491462,0.2066910209575168,0.2261503669174214,,0.0,0.46253027253810863,1.1867702712129224,-0.29000000000000004,0.32467532467532756,0.8877434135166062,0.14030000000001053
1971-12-01,1.1543989204279903,,,0.6082900557799586,0.5234176613718944,,5.178735105407872,2.5974025974025983,0.36466379946273886,0.0,,0.20000000000000284,,0.0,,0.24390243902439046,0.23148148148146586,0.39334196766920293,0.31313317369681126,,0.783289817232391,-0.012138147396156818,0.8894437622206208,-0.7700000000000005,1.2944983818770295,0.8089696281578185,0.7253999999999934
1972-01-01,2.3908579591108037,,,0.5663759111004918,0.48194699837751376,,8.671023965141611,4.922644163150491,0.4604140953279101,-0.20000000000000018,,0.0,,-0.19999999999999574,,0.24330900243310083,0.46189376443419583,0.41091308710403673,0.42691883951524456,,0.5181347150258864,0.312743800516313,0.4970387976112267,-0.6299999999999999,5.111821086261981,1.0418133183162093,1.7271999999999963
1972-02-01,1.0091976243622458,0.7609036493960275,,0.5631861603536015,0.8126545552876729,,-4.170008019246197,-3.0831099195710476,0.28574978258169015,-0.09999999999999964,,0.19999999999999574,,0.0,,0.4854368932038833,0.22988505747125743,0.3949559838210659,0.26968962837683463,,1.030927835051565,0.6209140647148725,0.8560584389269099,-0.20999999999999996,-3.039513677811545,1.1146718684687196,0.6358000000000033
1972-03-01,0.691561908848981,0.6659267480577213,,0.6521893239443299,0.6338034786367297,,-2.3430962343096273,-2.9506685108344866,0.4074441140843543,0.09999999999999964,,0.0,,0.29999999999999716,,0.0,0.0,0.14219357285050194,0.1960247994164721,,0.0,0.6667889000842697,1.239903107976681,0.5300000000000002,0.0,1.0748243075651143,0.3731999999999971
1972-04-01,1.0005805081528152,1.1506862806788032,,0.32398168799154803,0.13600860064997278,,-3.6418166238217697,1.6152019002375395,0.29885939899101377,-0.09999999999999964,,0.10000000000000142,,-0.10000000000000142,,0.24154589371980784,0.4587155963302614,0.15145778114351582,0.23203967423450766,,0.25510204081631294,1.2873983841725778,1.028639050491531,0.33999999999999986,2.1943573667711602,0.6680299931833611,0.6287000000000091
1972-05-01,0.013823275485758124,0.1855423055389327,,0.4188800224650624,0.41993289974529,,-1.2449977767896803,-3.3660589060308554,0.4196167409310947,0.0,,0.0,,0.0,,0.24096385542169418,0.22831050228311334,0.2221172022684348,0.231502496595537,,0.5089058524173184,1.2043859743186447,1.2326128965654437,0.09999999999999964,0.6134969325153339,0.6635969664138708,-0.1991000000000014
1972-06-01,0.26478825426461405,0.30155529098601086,,0.30294556301266873,0.28097938007261014,,1.4858171994597047,5.611998064828261,0.3933631871946064,0.0,,0.10000000000000142,,0.0,,0.24038461538462563,0.2277904328018332,0.15089357287687566,0.2037951179747477,,0.5063291139240533,0.8763407557135006,1.2668783794291594,0.1900000000000004,-0.9146341463414531,0.8610251580788431,0.0075999999999964984
1972-07-01,-0.1117299520915438,-0.030414771350895098,,0.6505273918498311,0.6055886896168428,,-0.08873114463177068,0.5497022446175004,-0.06643347162341717,-0.10000000000000053,,-0.10000000000000142,,0.0,,0.23980815347719453,0.2272727272727204,0.3578322896558239,0.2847328934285409,,0.7556675062972307,0.7388872011324432,0.7216703667767943,0.08999999999999986,1.846153846153853,1.3071895424836555,-0.3131000000000057
1972-08-01,1.3933443897006237,1.3486189377438285,,0.9994921748765151,0.9283516674769121,,5.772646536412074,3.0979498861047894,0.5860885373563551,0.0,,0.10000000000000142,,0.20000000000000284,,0.23923444976077235,0.45351473922901064,0.29087497067792345,0.21181666591554293,,0.24999999999999467,1.0639893424616353,1.055087006656641,0.2599999999999998,0.0,1.2113232389730166,0.9393000000000029
1972-09-01,0.7980133241003884,0.736665373805212,,0.4776596960347268,0.3788475440714256,,4.156171284634769,5.744586831639409,0.1659001092512824,-0.09999999999999964,,0.0,,-0.20000000000000284,,0.4773269689737569,0.0,0.4490807877625569,0.33279366792586806,,0.24937655860348684,0.7532043524117071,1.015437585755996,0.0600000000000005,-0.30211480362538623,1.2488617145830494,0.43789999999999907
1972-10-01,1.2702187941212806,1.4841811291696594,,1.696842871440274,2.306090529456406,,0.16122531237403592,-1.629753447555371,0.5520844554562032,0.09999999999999964,,0.10000000000000142,,-0.10000000000000142,,0.23752969121140222,0.22573363431150906,0.11176826712615551,0.05826983415508913,,-0.24875621890547706,1.6804061834914563,1.0412368379371095,0.17999999999999972,2.4242424242424176,1.104972375690605,0.8316999999999979
1972-11-01,1.1822388150477092,1.2953872779196907,,0.7403265488705069,1.017485246312555,,-2.575452716297788,-5.097706032285476,0.4004071028738343,-0.2999999999999998,,0.0,,0.0,,0.4739336492890933,0.0,0.29771596036656245,0.2643013931819205,,0.4987531172069737,1.9360791009119138,1.1567635401269483,0.009999999999999787,-5.917159763313595,0.8895666539585623,0.754400000000004
1972-12-01,1.1140960078418916,1.4247893856525584,,0.5927932328323005,0.3686708310707054,,-2.271788517141682,8.281110116383172,0.3934749843276908,-0.09999999999999964,,-0.10000000000000142,,0.20000000000000284,,0.2358490566037874,0.45045045045044585,0.3200222624182514,0.29934769010813156,,1.985111662531036,1.1544941450762458,1.272083957260861,0.27000000000000046,-1.2578616352201366,1.058067766721238,0.6937000000000069
1973-01-01,0.722962637784752,0.7582847285805938,,-0.5341220093581622,-0.3964981405254364,,4.860524091293317,-6.118230673832159,0.46367646277303276,-0.2999999999999998,,-0.20000000000000284,,-0.5,,0.47058823529413374,0.0,0.30050855293575207,0.062363579669466596,,1.2165450121654597,1.7310586112315285,1.8686965631319996,0.6100000000000003,4.777070063694278,0.9971332419294487,0.3533999999999935
1973-02-01,1.4296448133948036,1.5819702583566908,,0.381662450627962,0.36650057995784024,,-7.738814993954046,-1.9815059445178362,0.5250142163799154,0.09999999999999964,,0.5,,0.5,,0.7025761124121788,0.4484304932735439,0.5254666973957267,0.3160753238659053,,1.9230769230769162,3.976560682649821,1.3628072283669468,0.6399999999999997,-3.6474164133738607,0.4689621127977439,0.9652999999999992
1973-03-01,0.048788457277670894,0.1850909144825552,,0.04421061939077209,0.11883354363497745,,3.320227173438184,-7.367475292003589,0.3551977267345574,-0.09999999999999964,,0.0,,0.29999999999999716,,0.9302325581395321,0.44642857142858094,0.7107157595487967,0.40383420608858245,,2.358490566037741,2.95408396266148,1.344455359246477,0.5099999999999998,0.6309148264984188,0.14740203906153937,-0.25310000000000343
1973-04-01,-0.14718876175776607,-0.14750317575817906,,0.3004993592292893,0.19450613639018233,,-11.88160676532769,-7.468477206595536,0.22416234072675234,0.09999999999999964,,-0.10000000000000142,,0.0,,0.691244239631339,0.22222222222223476,0.7421234747769123,0.5790055248618753,,0.4608294930875667,1.7775542641434328,1.0659256505157089,0.03000000000000025,1.2539184952978122,0.5396786458972347,-0.4294999999999902
1973-05-01,0.6814714586222292,0.6773430957691895,,0.36789002951933547,0.43659072958786016,,8.733205374280239,1.2054507337526221,0.25243607350728947,-0.09999999999999964,,-0.09999999999999432,,-0.19999999999999574,,0.4576659038901587,0.44345898004434225,0.49261083743843415,0.38671119704694057,,2.064220183486243,1.6481591060519607,1.3457179874590164,0.7199999999999998,0.3095975232198178,0.866170550201284,0.2956999999999965
1973-06-01,0.13483776080316368,0.03582303421099109,,0.3819055771383306,0.2811916613272958,,-8.781994704324802,6.21439668565511,0.31181505062101156,0.0,,0.0,,0.29999999999999716,,0.6833712984054774,0.22075055187638082,0.5711458895484745,0.4333741901593413,,2.2471910112359605,1.9093007143623941,1.2919477263394041,0.6500000000000004,-0.6172839506172756,0.7740686985970191,-0.18949999999999534
1973-07-01,0.3557501083249148,0.44149568928515404,,0.39357166284028633,0.2958344320455719,,2.7092404450895113,-11.311555338859092,0.03381585963817546,-0.10000000000000053,,0.0,,0.0,,0.0,0.22026431718062955,0.3622054286097631,0.4271455345857156,,-1.318681318681325,1.6357476189105435,1.0469088524273307,1.9100000000000001,4.0372670807453215,0.3960633701392213,0.006699999999995043
1973-08-01,-0.1366144417185522,-0.2625120572398276,,-0.4007404987476759,-0.2969464543371103,,-3.391427225624122,-0.5497526113249052,0.33154343218961824,0.0,,-0.10000000000000142,,-0.19999999999999574,,1.8099547511312153,0.439560439560438,1.1539832471930245,0.4643895664250719,,5.790645879732748,1.7633527780692493,1.1015411516787754,0.09999999999999964,0.5970149253731405,0.27495517035265316,-0.42329999999999757
1973-09-01,0.7993011380895254,0.8407805499106136,,0.6232096389757524,0.5947551261612727,,-8.62993661628474,-5.8043117744610235,0.13995438523739523,0.0,,0.10000000000000142,,0.09999999999999432,,0.4444444444444473,0.6564551422319376,0.3964233801700301,0.5054432348367,,-1.684210526315788,0.2774120774526878,0.5528233567705376,0.27999999999999936,0.8902077151335286,0.05960896518837355,0.40149999999999864
1973-10-01,0.8459738157246433,1.0287376415515803,,0.9257649513212618,0.8718508036226646,,-10.512273212379942,-17.194835680751176,0.4283347999378906,-0.20000000000000018,,-0.10000000000000142,,0.10000000000000142,,0.8849557522123908,0.6521739130434634,0.5659632343263388,0.3868471953578423,,-0.8565310492505529,0.4181529349566615,1.1495180001932503,-0.7699999999999996,2.6470588235294024,0.3931847968545288,0.4492999999999938
1973-11-01,0.4543372521648159,0.689496059850847,,0.23039490116705252,0.22879561831141704,,2.802623732856291,-0.6378454996456395,0.40331413403429384,0.20000000000000018,,0.0,,0.30000000000000426,,0.6578947368421018,0.4319654427645814,0.8201727597940689,0.48383643759366546,,0.4319654427645814,0.48118545398803114,0.9775699930588466,0.019999999999999574,-0.2865329512893977,0.7476857346309096,0.11180000000000234
1973-12-01,-0.28726335514045465,0.01002458409911089,,-0.2341618509527521,-0.264955973087766,,-11.484918793503486,-8.131241084165474,0.14245379876796083,0.10000000000000053,,0.0,,0.0,,0.8714596949890963,0.43010752688172893,0.8221549112938265,0.5539457985341611,,1.9354838709677358,0.7978226195217486,0.410709908889606,-0.08000000000000007,0.8620689655172598,0.7774767345977152,-0.5349999999999966
1974-01-01,-0.6589290769331346,-0.8345823031321475,,-1.1843238587424643,-0.8524508496238536,,-4.914809960681521,3.3385093167701774,0.08842639463801927,0.1999999999999993,,-0.10000000000000142,,0.09999999999999432,,1.0799136069114423,0.4282655246252487,0.9570815450643755,0.4915670819561013,,3.3755274261603407,1.1235564752595018,0.6450543439977308,-0.29999999999999893,4.2735042735042805,0.49094097019286576,-0.8534000000000077
1974-02-01,-0.3167442635312101,-0.42958737951698245,,-0.6471998256700751,-0.6004781955788907,,20.744314266023434,2.1788129226145703,0.19718309859155791,0.10000000000000053,,-0.10000000000000142,,0.10000000000000142,,1.0683760683760646,0.6396588486140775,1.1648174127449673,0.6367546596947049,,2.0408163265306145,1.0731027477171695,0.6287567140814021,-0.6799999999999997,-3.825136612021851,0.5234384087472455,-0.5370999999999952
1974-03-01,0.003958140465609716,-0.053658182872884375,,-0.6908955322088906,-0.6543985745297354,,-11.24429223744292,5.882352941176472,0.05367137782095188,-0.10000000000000053,,0.0,,-0.10000000000000142,,1.0570824524312794,0.8474576271186418,1.159810060091604,0.7793840351979942,,1.200000000000001,2.4547860073313554,0.43769494548382415,0.379999999999999,-0.8522727272727404,0.6827123351076159,-0.24639999999999418
1974-04-01,-0.2915714734913921,-0.4256265900538847,,-0.4947214982994108,-0.05889943001703424,,3.3440514469453397,-12.916666666666664,0.1098395831204746,0.0,,-0.8999999999999986,,-0.19999999999999574,,0.6276150627615218,0.6302521008403339,0.7061853528849582,0.7484096295372389,,0.7905138339920903,3.6572781855834346,0.6441730181411254,1.1600000000000001,3.151862464183375,0.32180209171359664,-0.4882000000000062
1974-05-01,0.7923678633413367,0.6967854124367401,,0.06658676255160145,0.09080385137001379,,-11.263223397635347,-9.250398724082931,0.21305912071649669,0.0,,0.7999999999999972,,0.10000000000000142,,1.039501039501034,1.2526096033403045,0.985851586024844,0.9615781437002147,,1.5686274509803866,1.5086498783650981,0.6507332471581417,0.8000000000000007,1.388888888888884,0.19475312177799076,0.455600000000004
1974-06-01,-0.17635063582499555,0.07018525530790853,,-0.0421435542542703,-0.06923637437080687,,6.100981767180924,-4.569420035149385,0.0700199875237173,0.3000000000000007,,-0.09999999999999432,,0.0,,0.8230452674897082,1.0309278350515427,0.8496037905399989,1.025997383911048,,0.38610038610038533,1.3946334787472203,0.5196816866705811,0.6199999999999992,0.0,0.3658815458495335,-0.368700000000004
1974-07-01,0.21545772162774313,-0.011809847002219875,,0.07766559414179586,0.39561559139944524,,-13.02048909451421,-7.734806629834257,0.04071039641748708,0.09999999999999964,,-0.10000000000000142,,0.19999999999999574,,0.6122448979591688,1.0204081632652962,0.7371405427298416,0.8861015577584563,,3.8461538461538547,2.153760905944302,0.7139802466176182,0.9900000000000002,2.191780821917799,0.41011619958988277,-0.017600000000001614
1974-08-01,-1.0618497400600502,-0.9427299395698308,,-0.14190687361418375,-0.16780232150932495,,-13.221884498480241,-8.483033932135731,-0.021618597080219626,0.0,,0.10000000000000142,,-0.19999999999999574,,1.2170385395537497,1.4141414141414232,1.0453522032808138,0.9625411085264934,,3.518518518518521,1.3015028754702174,0.516032947921552,-0.9100000000000001,-0.8042895442359144,0.30633083730429167,-1.105099999999993
1974-09-01,-0.00022105993819909742,0.11655975938560381,,-0.12434496846968068,-0.1047605748461633,,0.7005253940455258,-8.3969465648855,-0.01144761444434872,0.40000000000000036,,-0.20000000000000284,,0.19999999999999574,,1.4028056112224574,0.9960159362549792,1.038516632182085,0.8977516485262571,,0.0,0.8649981570098886,0.15067470479157574,-0.6699999999999999,0.2702702702702675,0.42981563171586856,-0.18090000000000828
1974-10-01,-0.2723464459009839,-0.6647594834563564,,0.21787461093820681,0.32268132037216457,,-6.956521739130439,-1.904761904761909,0.02544205571810565,0.09999999999999964,,0.0,,-0.10000000000000142,,0.7905138339920903,0.9861932938856066,0.7167329579017778,0.7834645669291485,,1.7889087656529412,0.6575206349560991,-0.0412539766128317,-1.2799999999999994,-0.5390835579514919,0.6081765964635721,-0.4030999999999949
1974-11-01,-3.292820520777695,-3.0707721217934303,,-0.7830870934824152,-0.5954771485718324,,-4.112149532710285,-4.975728155339809,-0.4641994149815587,0.5999999999999996,,-0.5,,0.0,,0.9803921568627416,0.78125,0.7507331378299176,0.7304972850501912,,0.8787346221441172,0.6206725987712325,-0.1403715252233928,-0.6100000000000012,-0.27100271002710175,0.5933057203627135,-2.936099999999996
1974-12-01,-3.608937420635472,-4.639750392535991,,-0.36892118501956617,-0.06165609340551548,,-4.970760233918126,10.983397190293731,-0.7832364402989844,0.6000000000000005,,-0.20000000000000284,,-0.09999999999999432,,0.7766990291262044,0.7751937984496138,0.7917103271626535,0.7058093539129784,,-0.17421602787456303,0.45765677002722605,-0.16904998166166196,-0.9199999999999999,0.27173913043478937,0.38949476964167395,-3.08420000000001
1975-01-01,-1.3927563354124484,-2.129912484580243,,-0.30969479353680773,-0.09290925332394728,,5.8461538461538565,-16.455696202531644,-0.4623190645443809,0.8999999999999995,,-0.09999999999999432,,0.19999999999999574,,0.7707129094412402,0.5769230769230749,0.61992222093874,0.5814849044978532,,0.17452006980802626,0.16248762913924075,0.07327648440180745,-1.3999999999999995,2.168021680216814,0.4655803126039082,-1.2250999999999976
1975-02-01,-2.2935978932949963,-2.811076610154828,,-0.45923191211560965,-0.04858873617510362,,-12.4031007751938,0.4132231404958775,-0.4851668327015335,0.0,,-0.30000000000000426,,-0.3999999999999986,,0.5736137667304186,0.9560229445506607,0.5433950711770885,0.7082966422910397,,-0.34843205574912606,-0.6296881467365512,0.22311964618342284,-0.8899999999999997,-5.835543766578255,0.8606421714664192,-1.8969999999999914
1975-03-01,-1.117322572285362,-1.40681225526893,,-0.004523044913828933,0.07367561213713625,,9.845132743362829,-2.7434842249657088,-0.35102316752905205,0.5,,-0.10000000000000142,,0.20000000000000284,,0.3802281368821214,0.37878787878788955,0.33873791581029433,0.5208333333333259,,-0.5244755244755317,-1.1878317369688696,-0.19939576282124172,-0.7000000000000002,-2.2535211267605604,1.1924297122853034,-0.9617000000000075
1975-04-01,0.233377762468856,0.05532534691250479,,-0.1153428623122954,0.12195903721243795,,1.2084592145015005,22.1438645980254,-0.2452771109487495,0.20000000000000107,,0.20000000000000284,,0.09999999999999432,,0.37878787878788955,0.5660377358490454,0.3375943557258454,0.4878786732725793,,1.0544815465729274,-0.37646363394254756,-0.18436045935226186,-0.04999999999999982,1.4409221902017322,1.091891891891894,0.057699999999996976
1975-05-01,-0.32870735831342923,-0.24149137853208824,,0.5298313143892175,0.6105834733842297,,11.542288557213931,5.542725173210172,0.2144912372482377,0.1999999999999993,,0.0,,0.20000000000000284,,0.18867924528302993,0.37523452157599557,0.40072584303643133,0.42529168234850534,,0.6956521739130306,-0.7133523183550095,-0.0028428694243354258,-0.27000000000000046,-1.4204545454545414,1.3688375574804734,-0.3596999999999895
1975-06-01,0.6293519349011678,0.8509422863736349,,0.20495957116151153,1.7442677433297638,,-3.0330062444246186,3.5010940919037115,-0.13442263520567765,-0.1999999999999993,,0.20000000000000284,,-0.29999999999999716,,0.7532956685499137,0.5607476635513864,0.6250470667972019,0.48720158902670896,,0.17271157167531026,-0.7717359760095466,-1.3554834547591765,0.33000000000000007,-0.2881844380403509,1.5929950416710748,0.349899999999991
1975-07-01,1.0482357264159248,1.465718123364823,,-0.042706226118216506,-1.102584105011406,,12.787488500459986,7.822410147991543,0.32540087034931275,-0.20000000000000107,,0.19999999999999574,,0.09999999999999432,,0.9345794392523255,0.3717472118959231,0.8569076485555938,0.615373139894837,,1.206896551724146,-0.534559516459232,0.78350013996904,0.5499999999999998,0.8670520231213841,1.2564901349948032,0.6616000000000071
1975-08-01,0.9837982869526529,1.0487945081305794,,0.8454948168469256,0.745974624292356,,2.7732463295269127,-2.5490196078431393,0.49889279666537334,-0.1999999999999993,,0.30000000000000426,,0.0,,0.37037037037037646,0.37037037037037646,0.4340889696879735,0.3447253317518051,,0.5110732538330387,-0.3935725914914756,0.319987877276251,0.040000000000000036,-1.1461318051575908,0.8204286739821542,0.6152999999999906
1975-09-01,1.2910038491671383,1.7377796132250767,,0.2854148549512825,0.23568490552134946,,0.31746031746031633,7.042253521126751,0.09720944098090545,0.0,,0.09999999999999432,,-0.09999999999999432,,0.7380073800737907,0.5535055350553542,0.49501292944218456,0.543016512134753,,0.6779661016949046,-0.058055564970305173,0.6141770014558734,0.10000000000000053,0.28985507246377384,0.8544400366188531,0.8481000000000023
1975-10-01,0.43982282178407495,0.5572685507522879,,0.4313507504168923,0.46911392725126344,,6.329113924050622,3.007518796992481,0.40399854974879634,0.0,,0.10000000000000142,,0.0,,0.5494505494505475,0.5504587155963359,0.5807969416262271,0.4996693364685001,,0.6734006734006703,-0.05896445723162502,0.5040993043337272,-0.41999999999999993,0.0,0.6354009077155887,0.20190000000000907
1975-11-01,0.13440635201551476,0.21787598979861045,,0.2191768690916529,-0.006194930456093761,,1.1904761904761862,1.2773722627737127,0.1870002579313912,-0.09999999999999964,,0.0,,-0.10000000000000142,,0.7285974499089187,0.7299270072992803,0.6432278342226594,0.6616948161146441,,-0.5016722408026753,-0.05215796035558107,0.5281531682105545,-0.6000000000000005,0.0,0.9220284626177744,-0.03700000000000614
1975-12-01,1.365426549509552,1.4057794340070373,,0.041972254130939746,0.1467515063325875,,-2.8676470588235303,-1.7117117117117164,0.4273669305528749,-0.10000000000000142,,0.30000000000000426,,0.0,,0.5424954792043524,0.5434782608695565,0.5519645580652321,0.6065008171418196,,0.3361344537815114,0.40505117487839026,1.2452648450903103,-0.019999999999999574,1.156069364161838,0.9235352532274144,0.9010999999999996
1976-01-01,1.3189951321115556,1.2163587627021855,,0.5476185218716179,0.657925515400426,,3.482210446631351,9.532538955087077,0.6229411538510865,-0.29999999999999893,,0.09999999999999432,,0.19999999999999574,,0.3597122302158251,0.7207207207207134,0.3791982665222182,0.5125983683488489,,0.3350083752093669,-0.387492051095506,0.7444976029646888,-0.33000000000000007,1.7142857142857126,1.0233198858604853,0.870900000000006
1976-02-01,0.9806703068751643,1.5629913585861743,,0.6566377511804111,0.5818537157225245,,12.509144111192395,-0.4184100418409997,0.3987108772913084,-0.20000000000000018,,0.10000000000000142,,0.0,,0.17921146953405742,0.5366726296959001,0.1295196977873614,0.39864961930755616,,0.0,-0.33052629619471086,0.5782869947123181,-0.10000000000000053,-3.93258426966292,1.324632317132557,0.6073999999999984
1976-03-01,0.21624534519806282,0.31039768263694256,,0.40144870620064665,0.26232059976671884,,-7.607282184655395,-2.1848739495798353,0.29435647584246105,-0.10000000000000053,,-0.19999999999999574,,0.0,,0.17889087656530744,0.5338078291814874,0.1509108548022109,0.32910033983188924,,0.16694490818029983,-1.4044375987396496,0.7881987306908256,0.07000000000000028,-1.1695906432748648,0.9228107276747277,0.0036999999999949296
1976-04-01,0.4961302301639714,0.5288238325314554,,0.53891955321832,0.3857858198334174,,-1.8296973961998586,-2.7491408934707917,0.3086732112134394,0.10000000000000053,,-0.6000000000000014,,0.30000000000000426,,0.17857142857142794,0.3539823008849696,0.22602518566354757,0.39219880914178606,,1.0000000000000009,-1.1210796060119876,1.0374891216734294,-0.019999999999999574,0.887573964497057,1.0381941137250994,0.220799999999997
1976-05-01,0.4250823754307298,0.5105627101440025,,0.30692084900358907,0.11487170225255028,,4.587813620071679,5.477031802120136,0.025223225546078254,-0.2999999999999998,,0.6999999999999957,,-0.10000000000000142,,0.5347593582887722,0.5291005291005346,0.4760882016036527,0.47235145789679134,,0.3300330033003229,0.5392857042239685,0.4310497583706274,0.46999999999999975,0.0,1.0652337858220173,0.16089999999999804
1976-06-01,0.10268997645646039,0.10275520277112093,,0.07110842958111263,0.147806970917852,,2.4674434544208257,-0.5025125628140725,0.08069396812588892,0.1999999999999993,,-0.09999999999999432,,0.0,,0.5319148936170359,0.35087719298245723,0.438205849869977,0.40650406504065817,,0.657894736842124,0.3751556610170903,0.8668948327357651,0.1900000000000004,-0.5865102639296293,0.5130118459099053,-0.09889999999998622
1976-07-01,0.5695607967482141,0.717539231362907,,0.34236988867595297,0.6156724572574213,,-6.287625418060205,4.797979797979801,0.21543035678290856,0.20000000000000018,,0.09999999999999432,,0.29999999999999716,,0.5291005291005346,0.6993006993006867,0.5072360953461974,0.5491990846681949,,0.6535947712418277,0.02250114459916297,0.9531978272379282,-0.17000000000000082,1.179941002949847,0.807349665924284,0.269299999999987
1976-08-01,0.6877896417658569,0.6260345220476804,,0.38626609442060644,0.2832162762475887,,10.635260528194145,5.140562248995995,0.1973675940010411,0.0,,-0.09999999999999432,,0.0,,0.5263157894736858,0.5208333333333259,0.5505558496559093,0.5777108644655193,,-0.32467532467532756,0.3642914040960843,0.5746943295642959,-0.019999999999999574,-0.5830903790087327,1.1414894596336378,0.36230000000000473
1976-09-01,0.345701308678259,0.2739903294602941,,0.16246259085079817,0.08658145041648968,,10.967741935483865,13.139801375095495,0.23587272909766366,-0.20000000000000018,,0.0,,-0.19999999999999574,,0.523560209424101,0.5181347150259086,0.5615808500930131,0.5848360370396044,,0.6514657980456029,0.7665957154513237,1.0156211823332262,-0.040000000000000036,-0.5865102639296293,1.1013015381814872,0.08920000000000528
1976-10-01,-0.030444057924305934,-0.15386906239142073,,0.08323373740821705,-0.03198325404033531,,-5.29069767441861,-3.781228899392297,0.023782105842884427,0.10000000000000053,,-0.20000000000000284,,0.0,,0.5208333333333259,0.5154639175257714,0.5235419357090487,0.4914515124247343,,0.16181229773462036,0.6982820858714156,0.9868465271490212,-0.23000000000000043,1.179941002949847,1.2783579402232625,-0.21340000000000714
1976-11-01,1.524233908438477,1.3419665937562275,,0.8252478942317953,0.8767752214850821,,0.7366482504604033,7.438596491228067,0.41170802517800364,0.09999999999999964,,0.10000000000000142,,0.29999999999999716,,0.3454231433505983,0.34188034188034067,0.4548453178709,0.45460807273729475,,0.1615508885298933,0.8014764443650346,0.877364713893547,-0.0699999999999994,1.1661807580175099,1.1822222222222178,1.0238000000000085
1976-12-01,1.0811836115326212,1.1081161290006136,,0.33628019119327224,0.30645227517682727,,9.932967702620354,-1.3063357282821708,0.25922233300099684,0.0,,-0.20000000000000284,,-0.10000000000000142,,0.5163511187607606,0.34071550255536653,0.5599336374948249,0.5416895227646767,,0.8064516129032251,0.7326244354963762,1.3090734849604546,-0.2999999999999998,1.4409221902017322,1.2123341825529321,0.6775999999999982
1977-01-01,-0.6997691438247133,-0.3762398814274204,,-0.3794186463185856,-0.4850395509318317,,-15.354767184035477,-2.978160158835208,0.30081543357198814,-0.2999999999999998,,-0.5,,-0.19999999999999574,,0.5136986301369939,0.679117147707986,0.5808757819481647,0.6103798676941885,,0.47999999999999154,0.29128551054316,0.005121353256454242,-0.040000000000000036,2.556818181818188,1.1370540751670877,-0.7656000000000063
1977-02-01,1.5799176860688213,1.8495882499038219,,0.3618205285541798,0.32407335884698796,,27.24296005239031,6.4120054570259155,0.3693146610484588,0.09999999999999964,,0.8000000000000043,,0.29999999999999716,,1.0221465076660996,0.6745362563237878,0.7825581792707537,0.6134553465514392,,1.1146496815286566,0.8740635801997465,1.2382142365886528,0.0699999999999994,-4.709141274238238,1.0556127703398532,1.0708000000000055
1977-03-01,1.2780216190725557,1.476276770217222,,0.4680384550514338,0.4431572776050219,,6.1760164693772435,6.41025641025641,0.49760458339507263,-0.1999999999999993,,0.09999999999999432,,0.10000000000000142,,0.5059021922428464,0.5025125628140614,0.501831005018305,0.42444249814728163,,0.9448818897637601,0.9302534052108902,1.6715923167647473,0.010000000000000675,-0.8720930232558044,0.9256900212314401,0.8353999999999928
1977-04-01,0.9609449256170022,1.0116454670320074,,0.5015318756033116,0.43137540299447164,,-8.28889966068832,0.0,0.4140506935656374,-0.20000000000000018,,0.10000000000000142,,0.10000000000000142,,0.6711409395973034,0.49999999999998934,0.580296896086363,0.4930900308600439,,1.2480499219968966,0.6027341641524186,1.396946058604187,0.040000000000000036,2.052785923753664,0.9424436216761922,0.5808999999999997
1977-05-01,0.7884760220358666,0.8312517055353741,,0.5240849393439495,0.24999999999999467,,4.175475687103591,0.48192771084336616,0.4404855129209073,-0.20000000000000018,,0.10000000000000142,,0.10000000000000142,,0.33333333333334103,0.4975124378109541,0.5065074466657604,0.5106979538702872,,0.46224961479197635,0.7803155945406814,1.4533643782599803,0.6199999999999992,-0.2873563218390607,0.783594531510512,0.4375
1977-06-01,0.7776898518296216,0.9104472433295374,,0.3177966101694851,0.1537207521914663,,-3.95738203957382,5.035971223021574,0.48728194133125236,0.20000000000000018,,0.0,,0.19999999999999574,,0.4983388704318914,0.660066006600668,0.560691519540768,0.5977683315621762,,-0.30674846625767804,0.9255932718635007,1.418507695379878,0.040000000000000036,-0.8645533141210526,0.7278742762613755,0.42620000000000857
1977-07-01,0.12788576094109327,0.005730645889623354,,0.3809760440607102,0.5557253004668139,,8.71632329635499,-3.7100456621004585,0.4194549510231793,-0.2999999999999998,,-0.10000000000000142,,-0.29999999999999716,,0.49586776859502635,0.3278688524590123,0.5177392054694474,0.6173247061930454,,0.15384615384614886,0.8414671193894385,1.2674798887069239,0.03000000000000025,2.6162790697674465,0.7390376088027617,-0.11939999999999884
1977-08-01,0.09880806273792064,0.5349824423071636,,0.2784596027309627,0.3923118821169913,,-1.8464528668610258,5.512744516893897,0.29094333244803483,0.09999999999999964,,0.0,,0.19999999999999574,,0.49342105263159297,0.4901960784313708,0.4655462739789451,0.4921421306473439,,-0.1536098310291778,1.1807350518870718,1.2194301262997698,0.4800000000000004,-0.28328611898015277,0.8395826540593454,-0.14570000000000505
1977-09-01,0.4122982928273844,0.001823943822532037,,0.8022050353792887,0.6234569626165198,,-3.514851485148518,-5.9550561797752755,0.5501053265121847,-0.20000000000000018,,0.0,,0.0,,0.3273322422258529,0.4878048780487809,0.3779413697909684,0.42116947990464837,,0.4615384615384466,0.7651093914013085,1.1217528009812572,0.23999999999999932,0.0,0.7436747231428287,0.11440000000000339
1977-10-01,0.1411455972714526,0.21978122192887195,,1.1427172182997936,0.8640306704379652,,4.771677783478712,5.017921146953408,0.3208351290523437,0.0,,0.20000000000000284,,0.10000000000000142,,0.4893964110930016,0.3236245954692629,0.4649183118881517,0.48442681578777513,,0.45941807044409533,1.1333719599736947,1.653192009290727,0.33000000000000007,1.4204545454545414,0.6178287731685828,-0.11450000000000671
1977-11-01,0.18393332107111693,0.2668444112816193,,0.6254287213008913,0.7897278878604919,,0.0,0.7394766780432382,0.44510739856802317,0.0,,-0.10000000000000142,,0.3999999999999986,,0.6493506493506551,0.4838709677419395,0.5735701482809219,0.5176820784935421,,0.3048780487804992,0.8373477363238901,1.314433994723263,0.040000000000000036,0.5602240896358524,0.6698564593301537,-0.08029999999999404
1977-12-01,0.17905730865312997,1.1341901963676015,,0.5353276124789419,0.44214704733009924,,4.897159647404514,-0.9599096555618303,0.28156297149917187,-0.39999999999999947,,-0.10000000000000142,,-0.09999999999999432,,0.4838709677419395,0.6420545746388617,0.4860503548167472,0.5150159333054294,,0.6079027355623268,0.8562642006467946,0.6916450412062014,0.04999999999999982,1.671309192200554,0.6337135614702172,-0.08389999999999986
1978-01-01,-1.471905508114213,-1.5645400826464817,,-0.38091059569631547,-0.3517049344829215,,-19.79458450046685,-0.7981755986317007,0.21798365122616126,0.0,,-0.8999999999999986,,0.09999999999999432,,0.6420545746388617,0.6379585326953707,0.5901131856437924,0.5988407467896417,,0.9063444108761143,1.277962295788404,0.8453320448398749,0.14000000000000057,4.383561643835621,0.7320528967254436,-1.4609999999999985
1978-02-01,0.5356534533241586,0.3630520990017816,,0.526505445227432,0.44818770112973194,,1.1641443538998875,-0.22988505747126853,0.41846939499254887,-0.10000000000000053,,0.3999999999999986,,-0.09999999999999432,,0.4784688995215225,0.47543581616480424,0.4648329807014129,0.3851785827974741,,1.0479041916167775,1.4307760364430822,1.1313136756402997,0.08000000000000007,-3.4120734908136607,0.4454168945846826,0.21159999999999002
1978-03-01,1.9168724690464822,1.755557220810533,,0.6233197251817257,0.568669522217724,,16.915995397008054,3.629032258064524,0.6027216650186018,0.0,,0.6000000000000014,,0.09999999999999432,,0.6349206349206327,0.6309148264984188,0.6477551932097425,0.5422546377041426,,0.8888888888888724,1.5917511259922357,1.7027258651208355,0.009999999999999787,-1.90217391304347,0.5212385249727669,1.3497000000000128
1978-04-01,2.0276789083454982,1.623283880527726,,0.7995566814439359,0.5727170877586119,,8.120078740157478,8.282379099499714,0.8214369295576951,-0.20000000000000018,,-0.10000000000000142,,0.20000000000000284,,0.7886435331230235,0.7836990595611271,0.7577198655760453,0.6465653188670872,,1.3215859030837107,1.588018677395464,1.4334824684165692,0.09999999999999964,2.4930747922437657,0.6346258029564344,1.4668999999999954
1978-05-01,0.4666077576038541,0.4888246687367426,,0.03926804366607417,0.11514710343369927,,-5.553026854802001,-9.342915811088293,0.40272974164945463,-0.09999999999999964,,0.0,,0.10000000000000142,,0.9389671361502261,0.6220839813374957,0.714263239042201,0.5891385415687234,,0.7246376811594235,1.5680336076985046,1.8675298750281843,0.47000000000000064,0.2702702702702675,0.784434361301245,0.1647999999999996
1978-06-01,0.6489035698650891,0.7513046214631114,,0.5829015544041471,0.3647329241289965,,-0.24096385542168308,12.287655719139302,0.5097735495728672,-0.09999999999999964,,0.20000000000000284,,0.19999999999999574,,0.7751937984496138,0.7727975270479082,0.652961759560089,0.5576497710209072,,0.7194244604316502,1.3953688852792911,2.0927708164574232,0.23999999999999932,0.5390835579514697,0.6104540251812285,0.3201999999999998
1978-07-01,-0.08244349062180856,-0.08090369207144343,,0.22049210716306167,0.5500328894773032,,1.0628019323671412,-9.93444276348966,0.2921219091431837,0.2999999999999998,,0.0,,-0.09999999999999432,,0.7692307692307665,0.6134969325153339,0.5462954340875958,0.5886362228143094,,0.5714285714285783,1.2305129993883002,1.2994598366044219,0.20999999999999996,2.4128686327077986,0.4323094425483509,-0.3027000000000015
1978-08-01,0.41038101720671794,0.5567989163586029,,0.45753670028425564,0.4525815779459652,,-4.588910133843216,-5.319148936170215,0.319939452318696,-0.2999999999999998,,-0.10000000000000142,,0.0,,0.6106870229007688,0.7621951219512146,0.5062822214676022,0.5359122828631158,,0.0,0.94441040765465,1.3876361236006884,0.22999999999999954,-1.5706806282722585,0.7023108291798863,0.11950000000000216
1978-09-01,0.2534199874669296,0.5232776523312221,,0.263581215962172,0.1313831653202202,,-1.3026052104208374,3.548196333530451,0.1577449333013181,0.09999999999999964,,0.0,,0.09999999999999432,,0.9104704097116834,0.9077155824508409,0.5682341739103647,0.5759451014030859,,0.8522727272727293,0.9365819139148579,1.1496445633871977,0.41000000000000014,0.5319148936170137,0.8698912635920486,-0.014300000000005753
1978-10-01,0.7498859937414393,0.6880586181274628,,0.43685848491290535,0.3650007784417486,,0.5583756345177715,1.7133066818960652,0.38232843724677057,-0.20000000000000018,,0.0,,0.0,,0.9022556390977376,0.7496251874062887,0.7971412864211214,0.734084678647573,,1.1267605633802802,1.051535111979951,0.8890118023730409,0.5100000000000016,1.5873015873015817,0.5427105791391051,0.40910000000000935
1978-11-01,0.7716184868473697,0.9497464072584227,,0.12894782424606177,0.17427725818601747,,5.704189803129722,0.7860752386299907,0.4945654645504671,0.10000000000000053,,0.10000000000000142,,0.20000000000000284,,0.5961251862891315,0.5952380952380931,0.5666151561979138,0.5382359166641537,,0.41782729805013297,1.2370081515544307,1.311093120638973,0.7999999999999989,3.125,0.5028098195799968,0.4303999999999917
1978-12-01,0.498728011244598,0.7001679642521408,,0.6439088148233685,0.568702254236042,,-2.387774594078318,1.2813370473537589,0.3167743322283867,0.09999999999999964,,-0.10000000000000142,,0.10000000000000142,,0.5925925925926112,0.591715976331364,0.4670081349804178,0.3879815934313857,,0.8321775312066793,0.6077872422353581,1.1132652110691366,0.2699999999999996,5.303030303030298,0.507651559741018,0.1980999999999966
1979-01-01,-0.5417172359321043,-0.7156509570336644,,0.24063711541031374,0.3325351561538348,,-20.25440313111546,-19.636963696369637,0.1545037272614458,-0.09999999999999964,,-0.10000000000000142,,0.0,,0.8836524300441795,0.7352941176470562,0.7557354925776139,0.512313499910122,,1.5130674002751032,1.0612065280893646,1.242304852992837,0.040000000000000924,3.3573141486810565,0.4026059585681807,-0.6987999999999914
1979-02-01,0.47919919113346143,0.2846468223947518,,0.5677596357193337,0.39474844135278797,,-6.748466257668717,2.121834360027375,0.27812809656788673,0.0,,0.10000000000000142,,0.19999999999999574,,1.0218978102189746,1.0218978102189746,0.5327856653867924,0.3278786252943533,,1.4905149051490652,1.7182397177141873,1.1683297510844515,-0.009999999999999787,-5.56844547563805,0.444736074657337,0.18330000000000268
1979-03-01,0.32655295786812033,0.49519033219895814,,0.2993274604527807,0.30304598205792566,,21.513157894736846,15.281501340482585,0.47611026893492614,-0.10000000000000053,,0.10000000000000142,,0.0,,1.0115606936416333,0.8670520231213841,0.7816200852676314,0.573397902492645,,1.2016021361815676,1.6470214854561682,1.1727850436097587,0.02999999999999936,-1.2285012285012331,0.7258474268708737,0.054099999999991155
1979-04-01,-1.201469508844344,-1.7017707557950512,,-0.9746330959711447,-0.7981141928862567,,-5.360043313481322,-7.151162790697674,-0.06929000100581728,0.0,,-1.3000000000000043,,-0.29999999999999716,,1.0014306151645114,0.7163323782235054,1.0428907168037682,0.9246130213872217,,1.451187335092352,2.3669861186244257,1.1803660987676157,-0.08000000000000007,1.243781094527363,1.037688261151537,-1.2556999999999903
1979-05-01,0.9068579307769609,1.4279040697612544,,-0.28992694603925395,-0.3457203325595515,,7.322654462242562,5.447714464621156,0.4160282720288011,-0.20000000000000018,,0.9000000000000057,,-0.20000000000000284,,1.1331444759207,0.7112375533428139,1.0350341619421277,0.869310698082848,,0.7802340702210531,1.9601128463841322,1.3187685473832422,0.23000000000000043,-1.2285012285012331,0.5777048712645394,0.5515999999999934
1979-06-01,0.02100775552369427,0.12639513094829802,,0.1587757054041239,-0.05275776604852789,,1.9722814498933872,-2.6128266033254133,0.35527737250664604,0.10000000000000053,,0.0,,0.20000000000000284,,1.1204481792717047,0.7062146892655274,0.8258755143736751,0.5600371423597039,,0.6451612903225712,1.8345418418620696,0.9211433796181057,0.049999999999998934,-0.24875621890547706,0.9076726705431915,-0.19660000000000366
1979-07-01,-0.1672559806538132,0.06049225573101502,,0.11459566828373458,0.757976936903848,,-7.997909043387352,-6.463414634146336,0.12096595196875448,0.0,,0.0,,0.10000000000000142,,1.1080332409972193,0.8415147265077305,0.7620297962212641,0.502092050209213,,1.538461538461533,1.6629630543320895,1.1631831455592545,0.1800000000000015,1.995012468827917,0.829234012649338,-0.34899999999998954
1979-08-01,-0.6587569509184488,-1.320578863181232,,0.17360448700827202,0.1590221169350814,,1.0227272727272751,3.715775749674055,0.0920003990378726,0.2999999999999998,,-0.10000000000000142,,0.0,,0.9589041095890538,1.112656467315709,0.7647641977057251,0.663240403112364,,0.5050505050504972,1.0386275675895673,1.1432483250473968,0.46999999999999886,-0.4889975550122161,0.8224142737663698,-0.7557000000000045
1979-09-01,-0.01690357578632007,0.10934053193956128,,0.0742729817745591,-0.0061000434080416,,3.0371203599550034,2.9541169076052753,0.02990033222591837,-0.09999999999999964,,0.0,,0.19999999999999574,,0.9497964721845387,0.8253094910591452,0.8826423049894672,0.6816885339418155,,1.633165829145744,1.3785206609982392,1.091259282042767,0.4900000000000002,0.9828009828009687,0.5253698327111866,-0.20279999999999632
1979-10-01,0.726199336568234,0.5667173106957968,,-0.022836263987213723,0.001634641732017883,,-8.242358078602619,-9.584859584859585,0.1704916580867355,0.09999999999999964,,0.10000000000000142,,-0.09999999999999432,,1.0752688172043001,0.9549795361528002,0.8164061411574552,0.7308988923198978,,1.4833127317676054,0.6467400039580573,1.1199153924844607,2.34,2.9197080291970767,0.4263512584238738,0.4275999999999982
1979-11-01,-0.15491941489462757,-0.3670193884277917,,0.31597380843610967,0.3219011954428197,,-9.33967876264129,-13.841998649561106,0.10167880549507569,-0.09999999999999964,,-0.10000000000000142,,0.0,,1.0638297872340496,1.08108108108107,0.6937151069592584,0.6384115645301724,,0.6090133982947554,0.3938430696873496,0.9142310604504544,-0.5899999999999999,1.654846335697413,0.37660914817858604,-0.30510000000001014
1979-12-01,0.06704912362736071,0.3212911024632392,,0.24477249440248983,0.25463526383449064,,-1.7060367454068248,-1.7241379310344862,0.1093040972475201,0.09999999999999964,,0.0,,0.19999999999999574,,1.1842105263157876,1.2032085561497485,0.8398978947657287,0.718198077353005,,0.9685230024213176,0.8972428763424523,0.6350367351011243,0.5999999999999996,2.3255813953488413,0.545739818541513,-0.11069999999999425
1980-01-01,0.5408609749786741,0.5164358947257197,,-0.11546251253998774,0.14134488755741526,,-10.480640854472634,2.0733652312599604,0.14116816657843145,0.2999999999999998,,-0.10000000000000142,,0.10000000000000142,,1.4304291287386084,1.3210039630118908,1.047932714554034,0.7602452762132117,,2.1582733812949506,0.759458283597092,0.5412073830992625,0.040000000000000924,2.7272727272727337,0.5970554311690135,0.2930999999999955
1980-02-01,0.027080024352810206,-0.15562794825582094,,-0.38847830206556466,-0.45557701625748015,,0.6711409395973256,-6.328124999999996,0.09140969162995116,0.0,,0.10000000000000142,,0.0,,1.2820512820512775,1.04302477183833,1.0828574507057542,0.9968332644912703,,1.9953051643192499,1.3563947644510188,0.7362935575847329,0.3100000000000005,-4.424778761061942,0.7891009644567459,-0.13469999999999516
1980-03-01,-0.4070504204907732,-0.814528818143323,,-0.34243317797013617,-0.5286753517513176,,-22.444444444444443,-17.597998331943288,0.1221350527601528,0.0,,-0.20000000000000284,,-0.29999999999999716,,1.3924050632911245,1.4193548387096744,1.228481586100294,0.9270114785833172,,0.690448791714604,1.2991422713584333,-0.003999362934337114,3.0600000000000005,-0.23148148148148806,0.35465738758029275,-0.49569999999999936
1980-04-01,-1.9863119336803514,-2.0979600157999934,,-0.2004390569819603,-0.11846641499945187,,0.3820439350525229,-18.218623481781382,-0.1593511660109459,0.6000000000000005,,-0.10000000000000142,,0.09999999999999432,,0.998751560549338,1.1450381679389388,0.5212309474293741,0.5132776832266206,,0.34285714285713365,0.4206861185329869,-0.49707951269608586,0.41999999999999815,4.17633410672853,0.166700006668008,-1.8092000000000041
1980-05-01,-2.460085327018058,-3.114052498118247,,-0.42081101759755546,-0.30978890302043594,,-11.79828734538535,6.559405940594054,-0.4722121322193962,0.5999999999999996,,-0.5,,0.10000000000000142,,0.9888751545117369,0.7547169811320753,0.777792326829907,0.8062998898056728,,0.5694760820045497,-0.9371586824307387,-0.7522818721467428,-6.629999999999999,-2.0044543429844075,0.6790041272799918,-2.1577999999999946
1980-06-01,-1.292222065377402,-1.6312512453795058,,0.1613522858240346,0.24019101243717422,,29.018338727076596,29.84901277584204,-0.35279805352798066,0.09999999999999964,,-0.09999999999999432,,-0.19999999999999574,,0.9791921664626724,1.1235955056179803,0.631464061119491,0.6638760764657414,,0.45300113250283935,-0.2919982881661176,-0.5586148000481961,-1.5099999999999998,-1.1363636363636354,1.110817244115303,-1.174900000000008
1980-07-01,-0.7033966519708557,-1.1161562709819828,,-0.33944461491254296,0.7449173551760335,,6.103678929765888,12.611806797853319,-0.2896749203671445,0.20000000000000018,,-0.10000000000000142,,0.09999999999999432,,0.12121212121212199,-0.24691358024692134,0.777275661717236,0.7018751986439309,,1.8038331454340417,0.35552808724146345,0.10799344764949037,-0.4400000000000013,-1.379310344827589,1.0659168192518997,-0.6988999999999947
1980-08-01,0.31355508508577046,0.7261871606427217,,0.3521465545442304,0.20956261554845312,,13.159968479117424,8.57823669579032,0.288290293855753,-0.09999999999999964,,0.3999999999999986,,-0.09999999999999432,,0.7263922518159882,0.6188118811881083,0.8327781479013918,0.7232845006706734,,1.3289036544850585,1.1771228254835897,0.13675573413041153,0.5800000000000001,-5.82750582750583,1.0352636687156247,0.09300000000000352
1980-09-01,1.650043173907778,1.7225147160981225,,0.33365292425693305,0.43134521250076663,,2.4373259052924867,8.558888076079008,0.1265274864315824,-0.20000000000000018,,0.10000000000000142,,-0.10000000000000142,,0.8413461538461675,0.9840098400983877,0.9250082590023245,0.9426571965740482,,0.21857923497268228,1.1471642904369972,0.17756785641129813,1.2599999999999998,1.980198019801982,0.8005123278898463,1.1263000000000005
1980-10-01,1.271165921454065,1.8959730789794182,,1.1562571668832566,0.8632429255521545,,3.5350101971447945,-7.951482479784366,0.3070510901976409,0.0,,0.19999999999999574,,0.10000000000000142,,0.9535160905840279,1.0962241169305775,0.8007050232909485,0.8226194479654447,,1.1995637949836269,1.7520120084466129,0.4120424695158498,1.9400000000000013,1.2135922330097193,0.679796696315127,0.8370999999999924
1980-11-01,1.6742112100225581,1.8141774362094631,,0.47044153488635665,0.24064450415264282,,-0.8535784635587684,1.2445095168374776,0.28400928279368465,0.0,,0.10000000000000142,,0.09999999999999432,,1.0625737898465104,1.0843373493975905,0.8143281792521107,0.7876844130852989,,0.4310344827586299,2.472685278871367,0.1163537336570819,3.039999999999999,-1.1990407673860948,0.6941376916766551,1.1595999999999975
1980-12-01,0.6656725016705556,0.3821810520480806,,0.40806348489976774,0.4848731660577865,,-1.8543046357615944,-9.689081706435287,0.21598510143585603,-0.2999999999999998,,0.20000000000000284,,-0.19999999999999574,,0.9345794392523477,1.1918951132300348,0.6491736663445602,0.6007840741306669,,0.6437768240343367,1.5173682380081877,0.5472958361191216,3.049999999999999,-1.2135922330097082,0.26320736980636195,0.35530000000001394
1981-01-01,-0.6410256410256499,-0.42537770606659864,,-0.2734338421200522,-0.3224121119669743,,4.385964912280693,-2.2417934347477964,0.09896308676864418,0.2999999999999998,,0.0,,0.29999999999999716,,0.92592592592593,0.5889281507656108,0.9600945323847254,0.867958904802868,,1.4925373134328401,0.13264397351222534,0.31520511548006613,0.17999999999999972,2.211302211302213,0.44377773610850824,-0.7094000000000023
1981-02-01,-0.4261238404043799,-0.5058316869432589,,-0.2929632481361022,-0.2792515458420519,,-19.457013574660632,-1.8018018018018056,0.07909219733504003,-0.09999999999999964,,-0.30000000000000426,,0.0,,0.917431192660545,0.5854800936768045,1.011923630245537,0.7300368781515854,,0.9453781512605008,0.2127685450766581,0.48598513007360733,-3.1499999999999986,-4.086538461538469,0.7218419415059074,-0.5375000000000085
1981-03-01,0.5088147331969273,0.32311373647071484,,0.28817358220480926,0.31655678280693156,,4.815409309791341,-1.334445371142623,0.11525163273147232,0.0,,0.20000000000000284,,0.19999999999999574,,0.6818181818181834,0.5820721769499437,0.6976295080384443,0.5553895198246561,,0.9365244536940764,0.40761121242218756,0.671507721645348,-1.2300000000000004,-0.5012531328320691,1.105893982453976,0.20900000000000318
1981-04-01,-0.43968004760917,0.5297711414712358,,-0.08263531532886059,-0.18428144082672793,,4.134762633996947,0.591715976331364,0.08003508387237623,-0.20000000000000018,,0.10000000000000142,,0.10000000000000853,,0.5643340857787837,0.694444444444442,0.43629389907706706,0.639009287925707,,1.0309278350515427,1.3069935014518475,0.561631932023765,1.0200000000000014,1.5113350125944391,1.3871066300030543,-0.5525999999999982
1981-05-01,0.5731644972275962,0.45012370306083405,,0.31953685951655597,0.2992981206435985,,-16.176470588235293,-1.4285714285714235,0.014241425018890475,0.2999999999999998,,0.10000000000000142,,0.09999999999999432,,0.6734006734006925,0.9195402298850519,0.44871947872162643,0.6890950705091825,,0.3061224489795844,1.75119559538639,0.5847223062595219,2.799999999999999,0.496277915632759,0.30737704918031294,0.2546999999999997
1981-06-01,0.5094868962550958,-0.49366955303240534,,0.6314172225136749,0.550434247925069,,-8.333333333333337,-16.794543904518335,0.21249561864704614,0.0,,-0.20000000000000284,,-0.5999999999999943,,0.8918617614269708,0.9111617312072884,0.39919211120351683,0.49861902084911147,,0.20345879959309254,1.262836336706985,0.41819568987091493,0.5800000000000018,-0.24691358024692134,0.3665204590518556,0.202699999999993
1981-07-01,0.6555132162746391,0.22440895562361174,,1.0594127613621662,1.5017363242972648,,-0.3827751196172291,-4.200819672131151,0.12132473494370632,-0.2999999999999998,,-0.10000000000000142,,0.09999999999999432,,1.104972375690605,1.3544018058690765,0.6035074432584775,0.603156845100572,,0.50761421319796,1.122732367053203,0.5332335970991586,-0.060000000000002274,1.4851485148514865,0.6884578544061215,0.3213000000000079
1981-08-01,-0.12464466607791103,-0.0413763676290424,,0.49743910976822736,0.37882380571701013,,-9.702209414024976,-4.919786096256685,-0.039300880994752596,0.20000000000000018,,0.10000000000000142,,0.0,,0.7650273224043769,1.0022271714922093,0.6257645619647922,0.6696482533542936,,0.0,1.4059967377525018,0.13072638134499215,-1.2199999999999989,0.0,0.7372614305249936,-0.301400000000001
1981-09-01,-0.48159341828777347,-0.41199462746932536,,-0.09716213243382565,-0.14766339431043773,,-3.0851063829787195,-4.7244094488189,-0.09610659094632101,0.1999999999999993,,-0.3999999999999986,,-0.29999999999999716,,0.9761388286333883,1.2127894156560126,0.6055080188899886,0.6555881081600212,,-0.20202020202020332,0.47322174115884685,1.2162743404530607,-1.950000000000001,-0.9756097560975618,0.690550669893164,-0.5829999999999984
1981-10-01,-0.7885880269162038,-1.0482107678652652,,-0.3504908707220866,-0.38099388645951304,,-4.171240395170139,-13.695395513577335,-0.10603758321764412,0.3000000000000007,,0.0,,0.29999999999999716,,0.3222341568206444,0.32679738562091387,0.45314061301791053,0.5964451866873333,,0.10121457489880026,0.9119368973028452,0.2329491135368622,-0.7899999999999991,0.24630541871921707,0.9202813599062054,-0.8186000000000035
1981-11-01,-1.1623007715356848,-1.325127765331835,,0.05708603417797775,0.11466744985602073,,-4.123711340206182,2.3255813953488413,-0.22871525497920597,0.40000000000000036,,-0.20000000000000284,,0.10000000000000142,,0.4282655246252487,0.43431053203040193,0.5366891829369891,0.5834222696549318,,-0.10111223458039165,1.2631635096127303,0.35178199363696816,-1.7699999999999996,0.49140049140048436,0.8305744322471886,-1.0987999999999971
1981-12-01,-1.0633488648755907,-1.7340271511270822,,-0.05889389896015507,-0.06285124892450034,,8.721624850657106,6.417112299465244,-0.30272784108982265,0.1999999999999993,,-0.19999999999999574,,-0.29999999999999716,,0.31982942430703876,0.540540540540535,0.3083294983893259,0.37018697979296356,,0.0,1.3889371269270034,-0.12332421750370637,-0.9400000000000013,2.444987775061125,1.123271889400912,-1.0
1982-01-01,-2.0645828448436543,-2.5098711671668106,,-0.20072555844060647,-0.2232259270818937,,-7.362637362637359,-0.2512562814070307,-0.36305627372242855,0.09999999999999964,,-1.9000000000000057,,0.10000000000000142,,0.31880977683316214,0.3225806451612856,0.5941184566683466,0.6131366284533035,,0.9109311740890691,1.2953754656263694,1.0411809876094136,0.8500000000000014,3.1026252983293645,0.8487610367416742,-1.746300000000005
1982-02-01,2.036281039933696,2.8795193549432385,,0.36904454367641115,0.42317668298095246,,2.7283511269276417,1.7632241813602123,-0.0022083586374455066,0.3000000000000007,,2.3000000000000043,,0.09999999999999432,,0.3177966101694851,0.5359056806002238,0.3010056324538768,0.38525298279203923,,0.10030090270811698,1.653733808093949,0.3224454280884137,1.5599999999999987,-4.398148148148162,0.2259376412110159,1.3688999999999965
1982-03-01,-0.6644125173473237,-0.7425853939459381,,-0.08089127477294289,-0.06787415628651816,,7.505773672055427,10.272277227722771,-0.14244227775139784,0.09999999999999964,,-0.5,,0.0,,0.0,0.10660980810235365,0.25690576332839665,0.43727031678839623,,-0.2004008016032066,0.9040133490909819,0.13506136279768377,-0.09999999999999964,-5.084745762711851,0.6762849413886274,-0.6559999999999917
1982-04-01,-0.923235949067569,-0.7485942610039764,,0.5777368905243829,0.6974242871356173,,-1.5037593984962405,-0.33670033670033517,-0.31404117920251773,0.3000000000000007,,0.0,,0.10000000000000142,,0.31678986272438703,0.8519701810436597,0.04988888384960255,0.39599833263859185,,0.0,1.9457126953364323,0.46403229034523985,0.2599999999999998,1.0204081632652962,0.9852216748768461,-0.835400000000007
1982-05-01,-0.6657157412124359,-0.19227080497986604,,0.03109907800382672,-0.004403776678885141,,11.777535441657584,7.319819819819817,-0.04769828064337123,0.09999999999999964,,0.0,,0.30000000000000426,,0.9473684210526301,0.7391763463569179,0.593834995466902,0.5443683251447284,,0.20080321285140812,1.327506727412131,0.47658653622169034,-0.4900000000000002,-0.2525252525252597,0.6485587583148655,-0.624299999999991
1982-06-01,-0.26031677002069653,-0.0915160084377753,,-0.41879263363875374,-0.3358387922550943,,-12.0,-4.197271773347322,-0.26856958948805465,0.1999999999999993,,0.10000000000000142,,-0.30000000000000426,,1.147028154327412,0.7337526205450695,0.7255193546933603,0.5024203354057288,,0.20040080160321772,1.2186477927285555,0.40658839214087195,-0.29999999999999893,0.25316455696202667,0.5782893649832088,-0.3091000000000008
1982-07-01,-0.3286618649401385,-0.10831680719608494,,-0.36729596709028645,0.007712833222517368,,29.268292682926834,14.348302300109527,-0.3827964168474973,0.20000000000000107,,0.0,,0.10000000000000142,,0.5154639175257714,0.624349635796051,0.5927881173944272,0.6482834185536968,,0.40000000000000036,0.9143003992493126,0.12081083052288832,-1.5600000000000005,1.0101010101010166,0.29569598072498593,-0.3469000000000051
1982-08-01,-0.9128877296663784,-0.9853075016792445,,0.2119737521197429,0.1979313848577302,,-10.291595197255576,-11.30268199233716,-0.1764949006378358,0.0,,-0.20000000000000284,,0.09999999999999432,,0.20512820512821328,0.4136504653567741,0.3091018257021405,0.46040097976958183,,-0.09960159362550902,0.47275869907512647,0.1086529352686938,-2.4700000000000006,0.5000000000000115,0.7370604935575509,-0.7629000000000019
1982-09-01,-0.24656803945088956,-0.17966664428550327,,-0.2004892673864611,-0.041451571495620954,,9.369024856596564,12.526997840172793,-0.201425645960851,0.29999999999999893,,0.0,,0.0,,0.0,0.1029866117404854,0.2771127072803026,0.3702449486397974,,-0.29910269192422456,1.342250918923038,0.38985522327275035,0.19000000000000128,-0.4975124378109541,0.7154083789496557,-0.258899999999997
1982-10-01,-0.9680422873939443,-1.3035360154012188,,-0.19167680342070392,-0.062114910016808356,,2.534965034965042,10.268714011516323,-0.3094760212148051,0.3000000000000007,,-0.10000000000000142,,0.0,,0.4094165813715467,0.30864197530864335,0.561536931001716,0.6342922692817998,,0.20000000000000018,0.3460528822609499,0.1592120830923971,-0.5999999999999996,1.5000000000000124,0.5973201313028031,-0.7702999999999918
1982-11-01,-0.32485122404194433,-0.6164295030727351,,0.08309635483989553,0.38670980600141736,,16.965046888320543,6.9625761531766805,-0.13609727018120132,0.40000000000000036,,0.10000000000000142,,0.10000000000000853,,-0.10193679918449883,-0.20512820512821328,0.30118495394289013,0.3687892537046489,,0.09980039920158834,-0.10616942203416357,0.4674320427151324,-0.5100000000000016,1.4778325123152802,0.7489033914624965,-0.2898000000000138
1982-12-01,-0.7074424211661712,-0.31166349800894055,,0.5904167973578955,0.5179868263065046,,-5.02915451895044,9.926769731489005,-0.016894555447932724,0.0,,0.0,,-0.10000000000000853,,-0.3061224489795844,-0.10277492291880241,0.1512361914781657,0.3184429697590474,,0.1994017946161497,0.017041898834890823,0.7968861844732444,-0.25,1.6990291262135804,1.1946479770627683,-0.5524999999999949
1983-01-01,1.863531316229472,2.361862923235303,,0.11555604468167502,-0.11014566621185828,,21.719109746738297,5.551443375277576,0.24670218877786976,-0.40000000000000036,,0.29999999999999716,,-0.19999999999999574,,0.20470829068577334,0.411522633744843,0.4661545532138378,0.6836999711425262,,-0.29850746268655914,0.29193308164254805,0.5076302157600798,-0.2699999999999996,0.0,2.807072774017527,1.2843000000000018
1983-02-01,-0.6275170732319313,-0.054920735706132096,,0.005496317467290623,0.07314513073677364,,7.124842370744,3.155680224403934,-0.08203168895380974,0.0,,0.0,,-0.10000000000000142,,0.10214504596526286,0.4098360655737654,0.1699124297477539,0.37039486738541516,,0.29940119760478723,0.04303302454000679,0.13608786698176,-0.16999999999999993,-5.011933174224348,1.9036439726446863,-0.48510000000000275
1983-03-01,0.8440070449653003,0.9907394955645188,,0.39754511312630747,0.4832675301445377,,-5.473808122424961,0.2719238613188235,0.19456346930282198,-0.09999999999999964,,0.30000000000000426,,-0.09999999999999432,,0.10204081632652073,0.20408163265306367,0.12830549756437382,0.12740252608456348,,-0.09950248756218638,0.11419692512322221,0.8212055552111908,0.2599999999999998,-4.522613065326631,0.9265287724745885,0.5797000000000025
1983-04-01,1.2659522080610275,1.2186414489619324,,0.16422758293492823,0.0794392626972229,,-8.34371108343711,6.16949152542372,0.30755415871590586,-0.10000000000000142,,0.10000000000000142,,0.09999999999999432,,0.7135575942915473,0.40733197556006573,0.45609538909281433,0.3027444442006866,,0.0,-0.35014809367482913,0.7188528426584684,0.030000000000001137,1.8421052631579116,0.6798332671695162,0.8936999999999955
1983-05-01,0.6033244661670656,1.2277856535299003,,0.46090504991620485,0.5121157905164431,,20.65217391304348,6.577266922094505,0.31332527639764685,-0.09999999999999964,,0.29999999999999716,,-0.09999999999999432,,0.4048582995951566,0.30425963488844854,0.2832248719002006,0.1443537980359233,,0.3984063745019917,-0.23833798941406137,0.3832599476074172,-0.16999999999999993,-1.033591731266159,0.7245305337867824,0.42070000000001073
1983-06-01,0.6126098079014541,0.8389201591797235,,0.279263759180326,0.13640580159191007,,-2.421171171171166,5.991611743559022,0.42055240729999,0.0,,0.10000000000000142,,0.5999999999999943,,0.20161290322580072,0.30333670374114163,0.37297343911693037,0.46738157118833,,0.1984126984126977,0.5999888630787042,1.2198611379336644,0.34999999999999964,0.26109660574413773,0.49911920140928157,0.4292999999999978
1983-07-01,1.4893227205178938,1.5096704234365488,,0.5877140635454525,0.28250239768563556,,3.0005770340450155,1.469756924816279,0.4621143955299223,-0.6999999999999993,,0.19999999999999574,,-0.20000000000000284,,0.4024144869215096,0.6048387096774244,0.5648989410829586,0.6738983935131948,,0.2970297029702973,1.0042161845117192,1.146797466409577,0.3899999999999988,1.302083333333326,0.5404615834063708,1.0782999999999987
1983-08-01,1.1828396978413203,0.834453380499367,,-0.11685603336689665,-0.14466309662748422,,7.002801120448177,-4.5682451253481915,-0.3405685725974994,0.09999999999999964,,0.0,,0.20000000000000284,,0.30060120240480437,0.30060120240480437,0.4271678769756537,0.516076094232476,,0.49358341559724295,0.9532811539626485,1.103451415288359,0.19000000000000128,-0.5141388174807138,0.43585645793984273,0.8571999999999917
1983-09-01,1.4544755304365387,1.9138672884130292,,0.867546212134851,0.6772448159777955,,-10.471204188481675,-7.472270869819031,1.2404442521275039,-0.3000000000000007,,0.30000000000000426,,0.0,,0.29970029970030065,0.3996003996004083,0.3509145044661821,0.40386680988184764,,0.19646365422396617,0.23466918467898168,0.9244998660244974,-0.11000000000000121,-2.067183462532307,0.438786826751536,1.065000000000012
1983-10-01,0.7645863456954283,1.0397184814699756,,1.1491586517014207,0.9516739639825911,,0.29239766081872176,8.264984227129336,0.29918791850691573,-0.3999999999999986,,0.0,,-0.29999999999999716,,0.3984063745019917,0.4975124378109541,0.16954540637914572,0.17758569044459271,,0.19607843137254832,0.7998429926787898,1.4245480372525154,0.030000000000001137,0.5277044854881341,0.7585213634181631,0.5382999999999925
1983-11-01,0.44600178788543055,0.502176731634818,,0.624503836993906,0.7884356387677149,,4.081632653061229,-2.7972027972028024,0.387893356643354,-0.3000000000000007,,0.0,,0.09999999999999432,,0.29761904761904656,0.4950495049504955,0.14175394054798396,0.23280152068516635,,-0.09784735812133905,0.9534968204449656,1.4640810056327336,-0.14000000000000057,0.0,0.624166190203912,0.2832000000000079
1983-12-01,0.5021303376686381,0.3452782258656528,,0.9081505636494347,0.8744626764670693,,-5.43417366946779,-2.4580335731414826,0.38639455782312204,-0.1999999999999993,,-0.10000000000000142,,0.0,,0.29673590504453173,0.2955665024630516,0.05493112482040097,0.07457916045174873,,0.19588638589618235,1.0553750890465174,1.6492681545247745,0.13000000000000078,2.099737532808388,0.5445333585870626,0.31629999999999825
1984-01-01,1.9959891969558052,1.8249739214780458,,0.38570460586895283,0.330376110326136,,12.381516587677721,11.616472034419179,0.48032093678846977,-0.3000000000000007,,0.10000000000000142,,-0.19999999999999574,,0.6903353057199135,0.6876227897838927,0.4349845854977108,0.33216224848291453,,0.5865102639296182,0.4022318188801943,1.1262001140964317,0.08999999999999986,3.084832904884327,0.687576528209477,1.472699999999989
1984-02-01,0.4393721103232773,1.0835713097909316,,0.7165233043147312,0.5555479832743515,,19.135477069056407,9.416299559471364,0.5222664638028229,-0.20000000000000018,,0.5,,0.19999999999999574,,0.48971596474045587,0.29268292682926855,0.6727777310570948,0.6302922263958788,,0.2915451895043608,1.918983728315382,2.2434613110901225,0.02999999999999936,-9.476309226932678,0.9448082319925,0.24790000000000134
1984-03-01,0.48957657532653354,0.456363189546094,,0.6340968845049977,0.592555732454092,,-26.41592920353982,-13.18570709612481,0.2919802054595966,0.0,,-0.3999999999999986,,0.0,,0.29239766081872176,0.3891050583657574,0.32787569960737173,0.3796026825256149,,0.6782945736434121,1.738865406552903,1.0274524828701947,0.3200000000000003,-0.2754820936638924,0.7923269391159504,0.2758000000000038
1984-04-01,0.5916828535122987,0.484414234823638,,0.688159557392165,0.631675998572856,,11.304870715574268,2.9565217391304355,0.38853032784254005,-0.09999999999999964,,0.09999999999999432,,0.20000000000000284,,0.38872691933915515,0.4844961240310086,0.3809246268811961,0.4706080087398812,,0.09624639076033503,1.599062342570301,1.2246321411868433,0.379999999999999,2.4861878453038555,0.7723072679630238,0.345799999999997
1984-05-01,0.5427564459284051,0.32152011814556847,,0.2747392520987102,0.21522791827170984,,-4.159913560237705,-1.97072072072072,0.32625383828044363,-0.2999999999999998,,-0.09999999999999432,,0.20000000000000284,,0.1936108422071703,0.38572806171648377,0.12649303251492938,0.23211074400901754,,0.09615384615384581,1.9369976160099611,2.229418098649605,0.030000000000001137,-1.6172506738544534,0.579353131700211,0.2955000000000041
1984-06-01,0.3667720736643787,0.4674977738201358,,0.8304158844521181,0.7440786149885081,,3.8895152198421545,4.192992533027007,0.4048970222533921,-0.20000000000000018,,-0.10000000000000142,,0.09999999999999432,,0.19323671497584183,0.3842459173871271,0.17810914362639263,0.23574572841258412,,-0.09606147934677622,1.0427535684734313,1.8097922574065173,0.7400000000000002,2.7397260273972712,0.4898403483309055,0.1419000000000068
1984-07-01,0.27701492976284214,0.42519807642786844,,0.28682612633768034,0.22256666536983882,,-6.022788931090616,-11.521499448732087,0.3281152425406608,0.2999999999999998,,0.0,,0.0,,0.38572806171648377,0.4784688995215225,0.3576523123358877,0.43083711443201445,,0.19230769230769162,1.0707087774570523,1.2794864573722586,0.16999999999999993,0.0,0.3610760064993723,0.05929999999999325
1984-08-01,0.10302078196806619,0.15703486372753428,,0.6807272240713313,0.65255733219034,,-8.429561200923786,-4.672897196261683,0.25635886020529686,0.0,,-0.10000000000000142,,-0.19999999999998863,,0.2881844380403509,0.3809523809523929,0.3069380355965823,0.32951319088967423,,-0.38387715930903177,0.6563392042446603,1.430534161225494,0.41000000000000014,-0.5333333333333412,0.2968159740960541,-0.09000000000000341
1984-09-01,-0.2961088332726014,-0.3887961608611934,,0.9236494119210459,0.7656039203455256,,7.061790668348045,-0.4575163398692794,0.3283104638437617,-0.20000000000000018,,0.0,,0.0,,0.2873563218390718,0.3795066413662118,0.13554309654366659,0.15285466413286208,,-0.385356454720609,0.680547306244117,0.8861796734514371,-0.33999999999999986,1.8766756032171594,0.6277463904582614,-0.42079999999999984
1984-10-01,-0.011019971862324951,0.5540900251840952,,-0.4197392678430334,-0.29118304692722363,,-6.360424028268552,-2.166776099803025,0.29891760362477093,0.10000000000000053,,0.0,,0.0,,0.3820439350525229,0.3780718336483968,0.23585389364015885,0.2248071608299318,,0.0,0.9611512772485176,1.2361694086456598,-1.3100000000000005,1.3157894736842035,0.6327421798413724,-0.1967999999999961
1984-11-01,0.33688093077592907,0.2726453134133111,,0.5570524158222678,0.5259072954988397,,6.226415094339632,10.26845637583893,0.36913488586098886,-0.20000000000000018,,-0.10000000000000142,,0.09999999999999432,,0.19029495718363432,0.18832391713747842,0.14117935916846402,0.2119559625475942,,0.29013539651836506,0.9879394323417001,1.0889380160443496,-0.5600000000000005,1.81818181818183,0.9962805526036123,0.07580000000000098
1984-12-01,0.03222026947860002,0.26755667794990945,,0.4816385573856774,0.6775282159990459,,-4.558910597986976,-1.0346926354230068,0.13023275197432405,0.09999999999999964,,0.10000000000000142,,0.09999999999999432,,0.18993352326686086,0.3759398496240518,0.2819606481008652,0.39632017742001757,,-0.192864030858253,0.5075995547834333,1.3966172729619197,-1.049999999999999,3.826530612244894,1.1135955105440853,-0.17320000000000846
1985-01-01,-0.01720301016076009,-0.2355074248889033,,-0.10142817412926997,-0.1086536302423502,,6.141439205955335,2.091020910209096,0.2757343377693511,0.0,,-0.20000000000000284,,0.10000000000000853,,0.18957345971564177,0.2808988764045006,0.49917483343859814,0.5604303450532866,,-0.09661835748792091,-0.07721519950041333,1.2953126376795687,-0.030000000000001137,0.9828009828009687,1.118674933876762,-0.21649999999999636
1985-02-01,0.2751124794535098,-0.45632333767927635,,0.0818799639728196,0.07877075624527219,,-4.617182933956753,0.12048192771083599,0.13593159838958258,-0.09999999999999964,,-0.19999999999999574,,0.0,,0.5676442762535316,0.5602240896358524,0.46425820054332156,0.5186616495474583,,-0.09671179883946612,0.687059197622597,1.6162983977078937,0.15000000000000036,-2.1897810218978075,0.9347798121864592,0.014000000000010004
1985-03-01,0.15114315703006476,0.768192732829287,,0.46960647958766977,0.4245559249644204,,10.294117647058831,3.9109506618531853,0.3512844160285189,0.0,,0.29999999999999716,,0.20000000000000284,,0.470366886171214,0.3714020427112219,0.39148420946424345,0.35006070416836454,,-0.1936108422071703,0.793849107775424,1.7482913791294408,0.08000000000000007,0.4975124378109319,0.5267853349760099,-0.0858000000000061
1985-04-01,-0.21762388978097125,-0.3848115624649151,,-0.19543337350574896,-0.18504293293692964,,1.1666666666666714,-3.6479444122756277,0.20239152433860763,0.09999999999999964,,0.10000000000000142,,0.0,,0.18726591760300781,0.2775208140610719,0.14472652716637224,0.11896840279876919,,0.19398642095054264,-0.2589490543255524,1.4012790748799908,-0.3100000000000005,2.970297029702973,0.40147065038245167,-0.37820000000000675
1985-05-01,0.145399016182024,0.22339653676060056,,0.27251068829345915,0.2179586267129885,,-7.742998352553543,2.7043269230769162,0.2823636101321192,-0.09999999999999964,,-0.10000000000000142,,-0.10000000000000853,,0.18691588785046953,0.36900369003689537,0.23684791553761908,0.34439700314186084,,0.1936108422071703,0.4272786628853442,1.1820069623900809,-0.2999999999999998,-1.4423076923076983,0.6145298425793477,-0.08539999999999281
1985-06-01,-0.04851756937920282,0.04339618547528623,,0.4263698351478551,0.3543298075354917,,-0.23809523809523725,0.40959625511995945,0.15106050641235935,0.20000000000000018,,0.10000000000000142,,-0.20000000000000284,,0.2798507462686617,0.27573529411764053,0.2723322453393129,0.33117235011941304,,-0.19323671497585293,0.31706258414012645,0.9651212965985367,-0.4399999999999995,3.4146341463414664,0.9579986613119207,-0.23499999999999943
1985-07-01,-0.47318468071440023,-0.3829037988710149,,-0.02592730631492124,0.14524281665291294,,0.4773269689737569,-1.1072261072261114,0.19392770293149564,0.0,,-0.10000000000000142,,0.10000000000000853,,0.18604651162790198,0.2749770852429112,0.24563155267098846,0.29207009682323815,,-0.09680542110357404,0.9584438007365748,1.1486678880825663,0.34999999999999964,0.943396226415083,0.675423693697419,-0.5625
1985-08-01,0.30418264893765645,0.48096430373985033,,0.18153821217277155,-0.0038432314573233484,,3.503562945368177,6.540954625810258,0.19662461084712923,-0.3000000000000007,,0.20000000000000284,,-0.10000000000000853,,0.18570102135562205,0.3656307129798808,0.3306904657556009,0.49068496429569564,,-0.4844961240310086,0.5751514372420052,0.9946763251493573,0.020000000000000462,0.23364485981309802,0.5885742509055047,0.06069999999999709
1985-09-01,0.3383572035718485,0.06204879201836544,,0.4659666380830707,0.4591984020652973,,-3.8439472174411904,5.973451327433632,0.2095257563368813,0.0,,0.0,,0.30000000000001137,,0.1853568118628246,0.18214936247722413,0.16877134461124044,0.20643112346168113,,-0.5842259006816009,0.915698487570249,1.5435322955473119,0.019999999999999574,3.7296037296037365,0.5032939154629767,0.09850000000000136
1985-10-01,-0.310982208246946,-0.15295877790464374,,0.528222884290197,0.4803801779342143,,9.427207637231504,-9.029227557411279,0.19174868682747537,0.0,,0.10000000000000142,,0.09999999999999432,,0.37002775208141436,0.454545454545463,0.1665047870126335,0.16044687425718074,,0.7835455435847294,-0.21527436353445673,1.0579914532784729,0.07000000000000028,2.2471910112359605,0.46413158537579324,-0.4008000000000038
1985-11-01,0.3517915785664627,0.7030715512329477,,0.16500328404593922,0.1538520332653226,,-7.415485278080702,-2.9259896729776247,0.21377744749728755,-0.09999999999999964,,0.0,,-0.09999999999999432,,0.4608294930875667,0.5429864253393646,0.2908990164842695,0.2452289132799379,,0.4859086491739495,0.802592920766676,1.0488223462069124,0.0600000000000005,1.978021978021971,0.3930945047819767,0.13309999999999889
1985-12-01,0.9629883232202596,0.3152109857881058,,0.6893132456897932,0.6111820678249114,,14.369846878680793,6.028368794326244,0.16862549901974777,0.0,,0.19999999999999574,,0.09999999999999432,,0.4587155963302836,0.27002700270029045,0.3354380426203729,0.27224841681627865,,0.19342359767891004,0.36059735213287425,0.880349180436113,0.21999999999999886,3.6637931034482873,0.5933879627013194,0.6266000000000105
1986-01-01,0.5535594467652283,1.1967703594409684,,-0.2922629731403892,-0.06466965575478989,,1.5447991761071034,2.9542920847268617,0.12473506475068064,-0.2999999999999998,,-0.19999999999999574,,-0.09999999999999432,,0.36529680365298134,0.4488330341113178,0.46017699115044053,0.5390835579514919,,-0.3861003861003742,0.30103820098610345,0.9991125228720588,-0.129999999999999,-0.20790020790021346,0.3852327447833037,0.3201999999999998
1986-02-01,-0.7019073295771561,-0.5174432172123655,,0.524110684529977,0.493731554385457,,-6.288032454361058,-4.3313481321061165,0.11647692743994575,0.5,,0.0,,0.09999999999999432,,-0.18198362147406888,0.2680965147453085,0.0,0.25831197041152887,,-1.4534883720930258,0.19408842583155117,0.8214041924374138,-0.28000000000000025,-2.9166666666666674,0.43572113847138993,-0.6629000000000076
1986-03-01,-0.7122882825596921,-0.349728979427244,,0.9429178156001417,0.9439838621707164,,1.5151515151515138,0.7357102433503071,0.08801481076816664,0.0,,0.0,,0.09999999999999432,,-0.5469462169553352,0.2673796791443861,-0.21924673087464486,0.3044912458767035,,-1.3765978367748288,0.7443161160663347,0.4418578561225628,-0.3799999999999999,1.5021459227467782,0.819900497512438,-0.6547999999999945
1986-04-01,0.14337047987265095,0.29142608127246117,,0.3218361932273206,0.3298902638956491,,3.038379530916835,4.3820224719101075,0.18901489882143796,-0.10000000000000053,,-0.20000000000000284,,0.0,,-0.36663611365719273,0.3555555555555534,-0.20403358706740926,0.1809725816809049,,-0.6979062811565351,0.44929638080442036,1.0240217502910376,-0.4900000000000002,3.3826638477801207,0.9869330069874893,0.02779999999999916
1986-05-01,0.147707267088526,0.07293578159612846,,0.0657256423899133,0.10856073642981912,,-4.0869115364718045,-3.2831001076426225,0.12812622955782338,0.10000000000000053,,0.20000000000000284,,0.10000000000000853,,0.2759889604415866,0.1771479185119551,0.18282613824014415,0.1709335301658843,,0.40160642570281624,0.1097720800528057,0.9944570529282215,-0.14000000000000057,-0.8179959100204415,1.0789257652163764,0.03659999999999286
1986-06-01,-0.40292003642788954,-0.3934886353503919,,0.02033028900287892,0.028533293859522857,,-0.3775620280474623,-0.3895381190873626,-0.0937046590359536,0.0,,0.0,,0.20000000000000284,,0.3669724770642313,0.2652519893899363,0.37283412805872995,0.30056234244715263,,-0.09999999999998899,0.6501342593686177,0.6768512145250094,0.07000000000000028,2.8865979381443196,0.7734849363808749,-0.39179999999998927
1986-07-01,0.6533638127157237,0.5855589373146453,,0.33147270822584396,0.47481466550201024,,-3.519220357336217,-0.5586592178770999,0.32070999949573853,-0.20000000000000018,,-0.10000000000000142,,0.0,,0.0914076782449591,0.3527336860670083,0.025414947899360385,0.18173030449493144,,-0.5005005005005003,0.3198086350874041,0.808677542115599,-0.3600000000000003,2.204408817635284,0.8020877307441499,0.43319999999999936
1986-08-01,-0.18548947505573343,0.2588623599037998,,0.38959622247503045,0.2107805938534435,,1.4029180695847465,-3.0337078651685445,0.11560926080445011,-0.09999999999999964,,0.10000000000000142,,-0.10000000000000853,,0.09132420091324533,0.35149384885764245,0.12508795246657378,0.20455817364286588,,-0.1006036217303885,0.4022346238011787,0.5909524342205597,-0.3899999999999997,0.588235294117645,0.7576334424731712,-0.22410000000000707
1986-09-01,0.2552727048572567,0.2618604247271783,,0.09469255964855705,0.09121482756793142,,-6.640841173215273,-2.3174971031286185,0.3474314174398474,0.09999999999999964,,0.0,,0.10000000000000853,,0.36496350364965124,0.3502626970227629,0.3279456547200743,0.32932113625421255,,0.10070493454179541,0.5014440571315504,1.1142152271015116,-0.28000000000000025,3.70370370370372,0.8086151520876772,0.11490000000000578
1986-10-01,0.42623988426240267,0.3774260352751968,,0.013957816377163645,0.02514166044034205,,-0.3556609365737984,-0.6524317912218303,0.18712350151099955,0.0,,-0.10000000000000142,,0.0,,0.1818181818181941,0.3490401396160525,0.17900225698497252,0.33975737100737646,,0.3018108651911433,-0.0030141724067900277,1.2018346215327602,-0.040000000000000036,2.6315789473684292,0.7196671539412947,0.23989999999999156
1986-11-01,0.400661226077359,0.3744729480205322,,0.20158476639426937,0.15878611024329192,,-3.4503271861986873,-1.850746268656711,0.18677400345581407,-0.09999999999999964,,0.10000000000000142,,0.0,,0.1814882032667997,0.2608695652173809,0.1786824114356822,0.21234671819103657,,0.10030090270811698,1.233026896116507,-0.0030575693816259353,0.1900000000000004,3.1135531135531025,0.5172862937739664,0.21040000000000703
1986-12-01,0.9484232105417156,0.9914305253626798,,0.360575063061952,0.3519357076336993,,12.939001848428845,15.754257907542568,0.2003828209115932,-0.3000000000000007,,0.09999999999999432,,-0.10000000000000853,,0.36231884057971175,0.2601908065914982,0.1376502520356926,0.12981062919974473,,-0.10020040080159776,2.9286869313071895,0.1503501322259293,0.8700000000000001,5.506216696269983,0.9996297667530518,0.6311999999999927
1987-01-01,-0.34876386927129577,-0.3684676436986001,,-0.18195275396287736,-0.16490834499964802,,-3.218767048554283,-11.192853389385181,0.168144146295357,0.0,,0.0,,0.10000000000000853,,0.5415162454873723,0.2595155709342656,0.470465237846307,0.24021962937543773,,0.8024072216650024,1.7740635027541085,-0.2264619253900535,-0.4800000000000004,0.33670033670034627,0.5608504398826986,-0.40099999999999625
1987-02-01,1.3181025598967278,1.4880545556720026,,0.30895665338153133,0.29538283149947997,,0.5636978579481422,-0.059171597633134176,0.23937702377878622,0.0,,0.4000000000000057,,0.09999999999999432,,0.35906642728904536,0.2588438308886998,0.35071491887308515,0.20350717029935517,,0.4975124378109541,-0.26601961949354047,-0.11253889448161747,-0.33000000000000007,-4.36241610738255,0.13487405679291076,0.9017999999999944
1987-03-01,0.14482424882318323,0.046579842339378175,,0.2772045461545636,0.2252356577165715,,-3.2511210762331877,0.8880994671403242,0.24276895331900583,0.0,,-0.20000000000000284,,0.0,,0.3577817531305927,0.344234079173833,0.2649973116214621,0.29609945904907065,,0.1980198019801982,0.14180491976476528,-0.20453087149862048,0.03000000000000025,0.17543859649122862,0.23662176920276057,-0.03299999999998704
1987-04-01,0.6331071274191746,0.5975898207791541,,-0.05682341739103869,-0.07285127259321067,,-6.488991888760143,-6.044600938967138,0.33114546676682455,-0.2999999999999998,,-0.20000000000000284,,-0.09999999999999432,,0.4456327985739694,0.6003430531732468,0.3734630558853924,0.42391324918149564,,0.6916996047430901,0.23333118671073905,0.7991045176804823,0.2400000000000002,4.028021015761807,0.5193390230615602,0.34909999999999286
1987-05-01,0.6322670992367607,0.7170857101434835,,0.5286045761175417,0.6010723746747049,,0.867410161090465,-6.308557151780136,0.2256179863840968,0.0,,0.20000000000000284,,0.29999999999999716,,0.2661934338952898,0.34100596760444635,0.2537732068919496,0.2807877131819403,,0.6869479882237295,0.39586703890908126,0.3151440470680278,0.47999999999999954,-1.851851851851849,0.21316569116265338,0.34480000000000643
1987-06-01,0.5179396240296397,0.37001563108425284,,0.06572813011112011,-0.09472965953781776,,-2.0884520884520863,1.4666666666666606,0.16907832651777976,-0.09999999999999964,,-0.10000000000000142,,-0.20000000000000284,,0.4424778761061843,0.1699235344095218,0.37874462334892556,0.27436388920210053,,0.3898635477582957,0.5347878605929335,0.6723874737321056,-0.11999999999999922,0.8576329331046351,0.0576846811118914,0.25219999999998777
1987-07-01,0.682021795006782,0.7871308428055057,,0.37119638274472067,0.33966553090500895,,-1.1919698870765383,-0.3942181340341633,0.34052993130520015,-0.10000000000000053,,0.10000000000000142,,0.09999999999999432,,0.2643171806167466,0.3392705682782049,0.2313190876168436,0.2586206896551646,,0.4854368932038833,-0.22160238232027396,0.7184051833051264,-0.15000000000000036,0.1700680272108901,0.13331892047705463,0.388300000000001
1987-08-01,0.7506112217920746,0.537804088259719,,0.655942289253808,0.5281429736735621,,1.904761904761898,-0.32981530343008103,0.16919811828219888,-0.09999999999999964,,-0.10000000000000142,,0.10000000000000853,,0.4393673110720586,0.33812341504648735,0.39536159506650126,0.3383304048749647,,0.28985507246377384,0.12287581085113075,0.6837838774145677,0.15000000000000036,-1.018675721561968,0.3346527527887888,0.45300000000000296
1987-09-01,0.3939513576431741,0.7347083938936905,,0.13154313707701704,0.08825279998547764,,5.607476635514019,0.19854401058900795,0.22163639914078992,-0.09999999999999964,,-0.10000000000000142,,-0.20000000000000284,,0.34995625546807574,0.4212299915753892,0.3372776605366168,0.39680321913597716,,-0.09633911368014392,1.2960945323742257,0.5929590791561301,0.4899999999999993,2.572898799313883,0.40526485672272017,0.17560000000000286
1987-10-01,1.3321445340375604,1.5449822751246511,,0.7263118157795345,0.6610991326172488,,-10.619469026548678,-4.425363276089833,0.47833838300193054,0.09999999999999964,,0.30000000000000426,,0.20000000000000284,,0.2615518744550904,0.503355704697972,0.31736493211396155,0.4267794848957118,,0.38572806171648377,0.3384990855036296,0.7354655312106884,0.07000000000000028,2.1739130434782705,0.5393627661094413,0.9551000000000016
1987-11-01,0.4877803984543627,0.5009499245204552,,0.5891524000839476,0.48821202441562406,,9.306930693069315,0.6910850034554272,0.2268804902169963,-0.20000000000000018,,-0.10000000000000142,,0.0,,0.3478260869565375,0.25041736227044975,0.189067764882056,0.20878755404456495,,0.09606147934679843,-0.08888568430788224,0.517566122985258,-0.5999999999999996,0.16366612111293755,0.14921661278290976,0.2843999999999909
1987-12-01,0.5608214060986105,0.7220860184307565,,1.2503912129838035,1.1315143865270771,,-15.458937198067634,-7.68702814001373,0.2795728050148938,-0.09999999999999964,,0.0,,0.0,,0.17331022530329143,0.24979184013322886,0.1849741223071355,0.21019636765926553,,0.0,0.4581374138503902,0.2349505492865278,0.07999999999999918,1.4705882352941124,0.2767036787399313,0.36240000000000805
1988-01-01,-0.01969888841987233,-0.25988181773575203,,-0.41066855073744746,-0.08275554062805446,,-9.214285714285719,-7.509293680297402,0.08875083203905287,0.0,,0.10000000000000142,,0.09999999999999432,,0.34602076124568004,0.41528239202657247,0.3879149571055729,0.47286978601264185,,0.38387715930900956,0.34613225252968505,0.8672617244607661,0.0600000000000005,0.8051529790660261,0.7146142144550227,-0.10269999999999868
1988-02-01,0.5011788547889306,0.3629904368008363,,0.5172999896539965,0.450694962113074,,15.892997639653817,15.594855305466249,0.44432450146019153,0.0,,0.0,,0.10000000000000853,,0.17241379310344307,0.2481389578163684,0.1486215352604514,0.20510566604403646,,0.19120458891013214,0.24051521038293,0.5946140019309043,-0.25,-4.153354632587858,0.797358530331227,0.347999999999999
1988-03-01,0.24678625970546708,0.33419288654072954,,0.11616109632548444,0.2656210571570172,,4.005431093007461,6.050069541029202,0.26388009288578207,0.0,,-0.20000000000000284,,-0.20000000000000284,,0.2581755593803692,0.4125412541254203,0.3431772649699516,0.4276472093278194,,0.0954198473282597,0.48543492918571296,0.6194699504064705,0.0,0.0,0.7178700864231891,0.15160000000000196
1988-04-01,0.5801140836251717,0.9238644928952322,,0.4523557748795648,0.2589750909306243,,2.6762402088772896,-6.295081967213112,0.23256036520591383,-0.2999999999999998,,0.10000000000000142,,0.09999999999999432,,0.6008583690987113,0.49301561216104073,0.4861996931210921,0.48587858494686387,,0.8579599618684375,1.0827857667405683,0.737382781704965,0.29000000000000004,3.3333333333333437,0.6989135699951632,0.44369999999999266
1988-05-01,-0.20162377395915865,-0.22924082561273096,,0.124276273466295,0.09827874672709846,,-9.663064208518756,1.049685094471653,0.21960814268799922,0.1999999999999993,,0.0,,-0.09999999999999432,,0.25597269624573205,0.3270645952575757,0.29067628228713893,0.3404625219580071,,0.6616257088846833,1.1183447610840336,0.5918669927049258,0.21999999999999975,-2.2580645161290325,0.5566245189664532,-0.2038999999999902
1988-06-01,0.29011275431936046,0.24120394035747061,,0.40887253398753653,0.3555381834928317,,4.011259676284307,2.839335180055391,0.3467921724052525,-0.1999999999999993,,0.10000000000000142,,0.09999999999999432,,0.42553191489360653,0.4074979625101838,0.4255787504127362,0.42232930857111217,,0.657276995305156,0.8770259216581922,0.44269535551824113,0.41999999999999993,2.310231023102305,0.4236998564887573,0.21359999999999957
1988-07-01,0.014692222427181711,-0.03163369905115898,,0.5148267186340982,0.4480895937525986,,-0.7442489851150258,-3.097643097643099,0.21267303419858496,0.0,,0.0,,0.10000000000000853,,0.4237288135593209,0.32467532467532756,0.48588024695868093,0.40797253823618984,,0.6529850746268773,0.8205897692915798,0.4099655520578116,0.2400000000000002,0.967741935483879,0.2790064647839374,-0.0169000000000068
1988-08-01,0.501420855647261,0.14628731104555648,,0.26477609780799494,0.26425810018260165,,1.7723244717109843,1.459346768589298,0.11747986736143634,0.1999999999999993,,-0.20000000000000284,,0.19999999999998863,,0.42194092827003704,0.3236245954692629,0.2962989893114276,0.24880074461228752,,0.0926784059314123,0.102284046197898,0.7572212553822677,0.2599999999999998,-1.1182108626198173,0.16625950054289795,0.3885999999999967
1988-09-01,-0.3124741161318778,0.32806133020237827,,0.2366590666397217,0.19557165429906487,,-0.06697923643670389,-1.6438356164383605,0.32079792569601473,-0.1999999999999993,,0.10000000000000142,,-0.19999999999998863,,0.42016806722688926,0.5645161290322553,0.48753964657908266,0.5356473297980724,,0.09259259259257746,0.15162069961522917,0.19570899053931168,0.17999999999999972,0.4846526655896577,0.1727583753937889,-0.305499999999995
1988-10-01,0.43108012779260463,0.4092520565862401,,0.6176038697417452,0.5571886843093843,,2.0107238605898026,5.571030640668528,0.24808278230028513,0.0,,0.10000000000000142,,0.09999999999999432,,0.33472803347280866,0.400962309542896,0.32645552268955047,0.3800593176692013,,0.09250693802036469,0.624074906457639,0.4367729565606604,0.11000000000000121,-0.4823151125401992,0.2772893277424693,0.31099999999999284
1988-11-01,0.24186758763442562,0.38084595106935293,,-0.015738793263797568,0.028578508049870166,,3.088042049934292,-0.527704485488123,0.32086265949038406,-0.10000000000000053,,0.0,,0.20000000000000284,,0.33361134278564464,0.31948881789136685,0.23191011235954573,0.2742343553723492,,0.09242144177448175,0.34534068840448295,0.48956258178134426,0.049999999999998934,0.8077544426494443,0.5024617252310071,0.13870000000000005
1988-12-01,0.4529536657043254,0.47331216063928316,,0.5437893531768712,0.5053506072464353,,-0.3824091778202643,-0.46419098143235527,0.26356022022755443,0.0,,-0.20000000000000284,,-0.10000000000000853,,0.33250207813799726,0.31847133757962887,0.31208523155288326,0.33171007128236507,,0.6463527239150446,0.5848823897150801,0.3094166849503033,0.41000000000000014,2.083333333333348,0.28520618729657166,0.3037000000000063
1989-01-01,0.294969093489561,0.8592326725942678,,0.6646740677483498,0.89948544669467,,3.710812539987196,-2.3317788141239193,0.24602892476941474,0.10000000000000053,,0.20000000000000284,,0.4000000000000057,,0.41425020712511085,0.3968253968253954,0.5131597768559759,0.5064715813168252,,1.3761467889908285,0.275268822895014,2.33705491720817,0.35999999999999943,-0.47095761381475976,0.08029978586723274,0.15529999999999688
1989-02-01,-0.4425176766135297,-1.0222616127032014,,0.2870191016160817,0.29188561001320945,,-12.091301665638499,-5.6616643929058625,0.2482246339619909,-0.20000000000000018,,0.10000000000000142,,-0.20000000000000284,,0.3300330033003229,0.3162055335968361,0.3326514275549197,0.2537094064949619,,0.2714932126696823,1.7876012869330715,0.5166623170009821,0.2400000000000002,-4.416403785488954,0.0,-0.4876999999999896
1989-03-01,0.25007300518375963,-0.13006004211629785,,0.4018045960806349,0.5211704401041795,,-0.21052631578947212,-12.219812002892262,0.18058774795908228,-0.20000000000000018,,-0.10000000000000142,,0.0,,0.49342105263159297,0.3940110323088941,0.37232722243891736,0.2984449447615223,,0.631768953068601,-0.1212512847402425,0.9463947732280653,0.4900000000000002,-0.8250825082508295,0.25742177052687776,0.08459999999999468
1989-04-01,-0.01496695200435827,0.20250333670270848,,-0.30892368180860386,-0.39381544261439805,,-5.836849507735586,13.344316309719929,0.1579617360923935,0.20000000000000018,,0.0,,0.10000000000000853,,0.7364975450081745,0.31397174254317317,0.6659365505546466,0.3358390756594831,,0.7174887892376747,0.45063285224946625,0.6176311482167574,-0.009999999999999787,1.830282861896837,0.22008069625529814,-0.1547999999999945
1989-05-01,-0.5685073944591501,-0.837805884204168,,-0.4620043665046869,-0.43187280228578206,,-0.5974607916355512,0.363372093023262,0.11318199107532845,0.0,,-0.10000000000000142,,-0.10000000000000853,,0.4874086108854758,0.3912363067292812,0.36498271596274723,0.2982952081996393,,0.8014247551202169,0.8395169398112801,0.5967275673359307,-0.02999999999999936,-3.7581699346405317,0.21959740475794298,-0.636800000000008
1989-06-01,-0.007608329664066105,0.1840732862142147,,0.2448101659897839,0.28001705657221265,,4.958677685950419,-4.272266473569875,0.10564065497205011,0.09999999999999964,,-0.10000000000000142,,0.20000000000000284,,0.3233629749393563,0.3897116134060852,0.21854293057328444,0.2662839555271246,,-0.26501766784452485,-0.020964944818469,0.5136532975108965,-0.28000000000000114,1.1884550084889645,0.5477905780020498,-0.17539999999999623
1989-07-01,-0.9647124722962919,-1.2073774856890318,,0.3472614342179714,0.33060076722097875,,2.1474588403722183,-2.9500756429651998,0.03887916909661726,-0.09999999999999964,,0.0,,0.0,,0.3223207091055613,0.31055900621115295,0.2390007327029764,0.25695414489455004,,-0.08857395925598865,1.0698208571094048,0.3922482748955902,-0.28999999999999915,1.1744966442952975,0.7891434986462498,-0.9857999999999976
1989-08-01,0.9798312349404537,0.996287321775835,,0.16318262386403326,0.2182549042488935,,-6.657323055360898,3.97505845674202,0.04719207173193851,0.0,,0.0,,0.0,,0.0,0.23219814241486336,0.012182599766785707,0.13932847117104075,,-0.7092198581560294,0.6745355613918091,0.3370545603736286,-0.25,-1.1608623548922004,0.7239967239967227,0.6248999999999967
1989-09-01,-0.31340451846432194,-0.19032418610238633,,0.24297070307013335,0.2769161438953116,,-3.9789789789789753,-1.4992503748125885,0.2302996670366264,0.09999999999999964,,-0.10000000000000142,,-0.09999999999999432,,0.24096385542169418,0.3088803088803216,0.2227404030209268,0.3469776869299279,,0.3571428571428559,0.2980420631167213,0.3781844746888696,0.02999999999999936,0.8389261744966348,0.5951993755285212,-0.45360000000000866
1989-10-01,-0.13478489629682455,-0.262904049478907,,0.49457092819615855,0.4804454394927493,,10.242376856919467,3.8812785388127935,0.09873672360176666,0.0,,0.0,,0.09999999999999432,,0.48076923076922906,0.5388760585065322,0.3906656943431619,0.3628956332700106,,0.3558718861209842,0.3639463614703464,0.4762669215447879,-0.17999999999999972,0.4991680532445919,0.6919072714927754,-0.30759999999999366
1989-11-01,0.3379048597808687,0.21273954748883828,,0.0320655810841064,0.10131435739146877,,-4.184397163120568,-1.538461538461533,0.25443416055164203,0.10000000000000053,,-0.09999999999999432,,0.09999999999999432,,0.3987240829345984,0.3828483920367498,0.21792144450785145,0.2660708498916975,,-0.08865248226950229,0.055146268203865034,0.6048789144208255,-0.28999999999999915,0.8278145695364225,0.6197219278810451,0.08089999999999975
1989-12-01,0.5484211822819773,0.03148192111972481,,0.1505205502362328,0.08298607401076019,,-7.401924500370094,5.803571428571419,0.07723995880535295,0.0,,-0.20000000000000284,,-0.09999999999999432,,0.3177124702144596,0.38138825324181,0.2899301061351167,0.2840764114515171,,0.2661934338952898,-0.33640065832676314,0.5459882341739108,-0.10000000000000142,2.9556650246305383,0.6318611182027034,0.2553000000000054
1990-01-01,-0.5057798809853797,-0.07790613085134623,,-0.013916141332326326,0.2568999447422726,,23.98081534772183,22.925457102672286,0.3307729060237463,0.0,,0.0,,0.29999999999999716,,0.9501187648456089,0.37993920972645423,0.7571455612341405,0.38504596804287416,,1.6814159292035447,-0.28766089860114974,0.390464691845005,-0.21999999999999886,0.31897926634767426,0.4090822604173372,-0.6152000000000015
1990-02-01,0.9081631000016133,1.401854682143,,0.35630280170915185,0.31058667895877967,,-7.350096711798837,-23.970251716247137,0.21978827063262596,-0.10000000000000053,,0.10000000000000142,,-0.09999999999999432,,0.39215686274509665,0.4542013626040786,0.44062644100217874,0.4849529409776787,,-0.435161009573537,0.1280363610682178,0.13267021251177624,0.009999999999999787,-3.6565977742448297,0.3758329911884406,0.5553000000000026
1990-03-01,0.49815699571036376,0.5511226982098272,,0.08737258165176787,0.09688365310427383,,-10.299234516353517,-6.245297215951839,0.1864103220146962,-0.09999999999999964,,0.0,,0.0,,0.46874999999999556,0.6028636021100375,0.3774804033259027,0.48093092083136835,,-0.17482517482517723,0.26705587704369815,-0.0031423187851320478,0.03999999999999915,0.0,0.34610785979485303,0.224899999999991
1990-04-01,-0.26198124917132803,-0.42183765242872484,,0.6360159627535777,0.6376673297708191,,-3.1807602792862655,-8.82825040128411,0.031010580080259587,0.20000000000000018,,-0.20000000000000284,,-0.10000000000000853,,0.2332814930015692,0.3745318352059934,0.21005200481085673,0.2978880074974155,,-0.08756567425569628,0.42757706798164374,-0.0001352115909236673,-0.019999999999999574,3.1353135313531233,0.37626991094945605,-0.39799999999999613
1990-05-01,0.304151938227859,0.30869167956413257,,-0.1349360430693891,-0.10776865822873516,,-2.8846153846153855,-6.073943661971826,0.14041614238562428,0.0,,0.20000000000000284,,0.0,,0.15515903801395226,0.29850746268658135,0.22482546444209106,0.30534605886671784,,0.4382120946538226,-0.18117004680187065,0.12569937507496132,-0.08000000000000007,-3.6799999999999944,0.003123828564288722,0.07970000000000255
1990-06-01,0.33915734409779574,0.3314011457928423,,0.12133077803362369,0.16600478976567246,,-2.8877887788778867,3.842549203373946,0.020031321703029015,-0.20000000000000018,,0.10000000000000142,,-0.19999999999998863,,0.6196746707978429,0.5208333333333259,0.44189576657109875,0.38925392996755903,,-0.2617801047120394,0.25075069701159247,0.3928360054753499,0.10999999999999943,1.661129568106312,0.4154562209102375,0.117999999999995
1990-07-01,-0.17473447679914322,-0.23918166184092593,,0.3883388187339021,0.34006663083323563,,-0.5097706032285432,-2.7075812274368283,-0.03186162949476712,0.2999999999999998,,-0.10000000000000142,,0.09999999999999432,,0.4618937644341736,0.5181347150259086,0.24684309511016078,0.2518682993918775,,0.17497812773403787,-0.24858011567977512,0.4975459113006897,-0.1399999999999988,-0.4901960784313819,0.3141915012754293,-0.29599999999999227
1990-08-01,0.34928357809220767,0.3601391930383224,,-0.657073485232984,-0.6254425542958075,,-4.782237403928269,-0.8348794063079756,-0.18940946136684067,0.20000000000000018,,-0.10000000000000142,,0.0,,0.8429118773946254,0.589101620029453,0.6650027638653855,0.4165220409580117,,1.7467248908296984,0.07472080113950508,0.23188734489008045,-0.019999999999999574,-0.3284072249589376,0.5395850776816369,0.14909999999999002
1990-09-01,0.00762540212082552,-0.13341094609052861,,-0.1477492405412839,-0.03379998108465898,,-0.4484304932735439,-8.69971936389149,-0.07754979152790886,0.20000000000000018,,0.0,,-0.09999999999999432,,0.6838905775075954,0.36603221083455484,0.614017571884995,0.34895396112126775,,1.6309012875536544,-0.14291142318443306,0.20743644175542642,0.06999999999999851,1.1532125205930832,0.3886369945405699,-0.12160000000000082
1990-10-01,-0.5842518859517476,-0.6423398488235588,,-0.9929058398904789,-0.811182346363637,,-8.64864864864865,-5.225409836065575,-0.13239349171856318,0.0,,-0.10000000000000142,,0.0,,0.6792452830188811,0.3646973012399801,0.5722318696766759,0.33953907979986653,,2.0270270270270174,-0.28837449930531056,0.27378835223099696,-0.08999999999999986,-0.6514657980456029,0.13826159093004442,-0.5989999999999895
1990-11-01,-1.2715608497311681,-1.2316081098952547,,-0.03631538515259658,0.013431915676465067,,12.91913214990139,1.7297297297297343,-0.14171169441472564,0.2999999999999998,,-0.19999999999999574,,0.0,,0.2248875562218755,0.29069767441860517,0.126621828287643,0.12097037860459015,,-0.5794701986755024,0.2611644222252796,0.1239824850175486,-0.2999999999999998,1.6393442622950838,0.11045655375554464,-1.147500000000008
1990-12-01,-0.7339529719835425,-0.8576323442065159,,0.4177786471796452,0.5216931196203145,,-15.371179039301309,-8.501594048884165,-0.04944058889234659,0.09999999999999964,,0.09999999999999432,,0.0,,0.37397157816005944,0.43478260869564966,0.09361450532126003,0.1387845736864568,,-1.1656952539550347,0.36332616223697656,-0.6676095963405904,-0.5,-4.677419354838708,0.2972906705896783,-0.6863999999999919
1991-01-01,-0.3255879168894804,-0.6219504171154133,,-0.968442143930548,-0.6508724762737117,,-17.647058823529417,-8.710801393728218,-0.10076212809614349,0.10000000000000053,,-0.09999999999999432,,-0.20000000000000284,,0.37257824143070994,0.6493506493506551,0.38067109689063905,0.49893202458788366,,0.2527379949452291,-0.8461156816879312,-0.20168378436860035,-0.39999999999999947,-13.874788494077839,0.455309396485859,-0.3442000000000007
1991-02-01,-0.7388505859934114,-0.745714753652782,,-0.015455516214235576,0.08229354929147892,,20.92731829573935,8.524173027989823,-0.2961726787580887,0.1999999999999993,,-0.10000000000000142,,0.0,,0.07423904974017681,0.501792114695343,0.050672638409854365,0.27580836186056334,,-1.5126050420168013,-0.023674517824257002,0.053301479480860614,-0.6600000000000001,-4.715127701375243,0.4927906552290473,-0.6650000000000063
1991-03-01,-0.5754418806996231,-0.710591820470241,,0.05480530065624656,0.15291343952839043,,-4.5595854922279795,6.799531066822984,-0.15358440244631621,0.20000000000000018,,-0.10000000000000142,,0.09999999999999432,,0.0,0.21398002853068032,0.021239053718469236,0.20871422330803746,,-0.8532423208191142,-0.1142023509048462,0.16373608117847827,-0.1299999999999999,0.20618556701030855,0.5266981474754795,-0.5242999999999967
1991-04-01,0.26386186367357567,0.43969604927707184,,0.2373595505617887,0.3872523720186205,,8.686210640608039,0.5488474204171201,-0.20079581460467066,-0.09999999999999964,,0.10000000000000142,,0.10000000000000853,,0.2225519287833766,0.2846975088967918,0.18131033468908875,0.20020666494446893,,-0.1721170395869165,-0.6101219031685368,-0.0659217905153997,-0.20999999999999996,3.4979423868312765,0.3282143932550552,0.14329999999999643
1991-05-01,0.9414187900247617,0.6461833639908043,,-0.029424540066402827,0.014619448447183991,,-0.4995004995005048,8.187772925764204,-0.08952468850945694,0.20000000000000018,,0.10000000000000142,,-0.20000000000000284,,0.37009622501851247,0.2838892831795725,0.4141394378138541,0.39800193361263503,,0.4310344827586299,-0.562772352311447,0.0016352674073960571,-0.1299999999999999,-2.385685884691846,0.351150994927818,0.6783999999999963
1991-06-01,0.8103066817548354,0.9898981419297126,,0.5564276503896348,0.5219720117464854,,4.016064257028118,-2.72452068617558,0.07112966846183344,0.0,,0.19999999999999574,,0.0,,0.2949852507374784,0.35385704175512345,0.16886954827395328,0.21666907410082814,,-0.08583690987123971,-0.2536072776145981,-0.22746061508618354,0.1200000000000001,2.647657841140516,0.27515253020697905,0.5778000000000105
1991-07-01,0.28006062565282264,0.5662965246364893,,-0.24949473830928603,-0.23315938172351336,,2.6061776061776065,0.9336099585062207,-0.03692421305271365,-0.10000000000000053,,0.10000000000000142,,-0.10000000000000853,,0.14705882352941124,0.35260930888576514,0.1572378019127907,0.30428237404311886,,-0.2577319587628968,-0.4847907849669597,-0.24405868892480864,-0.08000000000000007,0.5952380952380931,0.101407778573126,0.15339999999999065
1991-08-01,-0.0011339613319227837,0.06870946744135242,,0.13553922253584094,0.18852056600140443,,-1.3170272812793926,-2.9804727646454254,0.009234463015972416,0.10000000000000053,,0.10000000000000142,,-0.09999999999999432,,0.2936857562408246,0.42164441321153046,0.23305873403789423,0.27462000255460417,,0.08613264427219658,-0.7717833801085705,-0.24944916067305423,-0.16000000000000014,-0.19723865877712132,-0.0357547226029431,-0.07929999999998927
1991-09-01,0.7932959445843046,1.0474871150652598,,0.2623390033908768,0.3032160100380876,,-3.241182078169691,3.177966101694918,0.03231763619575556,0.0,,0.0,,0.20000000000000284,,0.2928257686676483,0.3498950314905436,0.34393114918216394,0.3996560728615872,,-0.0860585197934638,0.34729269047206746,-0.14121559171351716,-0.20999999999999996,0.9881422924901129,0.0,0.5485999999999933
1991-10-01,-0.054645247872453506,-0.0752735050886355,,-0.21433243796190604,0.12652313035725893,,6.305418719211819,1.7453798767967044,0.023999630774906855,0.09999999999999964,,0.0,,-0.10000000000000853,,0.14598540145984717,0.20920502092049986,0.1866632337796048,0.22044247085877267,,0.25839793281654533,0.0764184346017327,-0.2837295849136945,-0.2400000000000002,0.9784735812133016,0.14903129657228842,-0.14270000000000493
1991-11-01,-0.1582362447837493,-0.22667234767788091,,0.2315299105959845,0.15540700241694072,,2.2242817423540284,-0.7063572149344055,-0.056293315860866944,0.0,,0.10000000000000142,,0.0,,0.4373177842565745,0.3479471120389599,0.22004497269514367,0.18672658796721198,,0.0,-0.41110773486401353,-0.04282403311784977,-0.40000000000000036,2.9069767441860517,0.17261904761904923,-0.2370999999999981
1991-12-01,-0.48625237770808516,-0.26425472310477316,,0.6470645533863006,0.8291623116411184,,-2.1758839528558505,7.825203252032531,0.027700831024923822,0.2999999999999998,,-0.10000000000000142,,-0.09999999999999432,,0.2902757619738683,0.34674063800277377,0.25001201980863197,0.24639878695982276,,-0.42955326460480947,-0.015474116750502365,-0.03081770143916751,-0.3799999999999999,4.519774011299438,0.21391645374055912,-0.51039999999999
1992-01-01,-0.5237500242776694,-0.5398434248543804,,0.2585444088043287,0.4713519680247691,,8.989805375347547,1.5080113100848225,0.032308686421123056,0.0,,0.0,,0.29999999999999716,,0.07235890014474222,0.27643400138217533,0.13588476971528873,0.27257830717841713,,-0.2588438308887109,-0.7719496393989056,0.11951195205357479,-0.39999999999999947,0.540540540540535,0.23421286688407594,-0.5671000000000106
1992-02-01,0.7059692556002473,0.965351692120664,,0.5323036613114507,0.47398293071334585,-0.2085233937182296,6.292517006802711,6.406685236768794,-0.048908780510315,0.10000000000000053,,0.10000000000000142,,-0.09999999999999432,,0.2169197396963085,0.2067539627842896,0.25383952233468676,0.27183733756541706,,0.34602076124568004,-0.6262396448402208,0.08231342077478221,0.02999999999999936,-1.075268817204289,0.5442337839036915,0.40510000000000446
1992-03-01,0.8525660185312312,1.0777262517332575,,0.05898410172699986,0.1467615015475543,-0.6991423969352706,3.760000000000008,-5.584642233856895,0.05077923037151155,0.0,,0.0,,0.20000000000000284,,0.3607503607503615,0.3438789546079679,0.2420497794480614,0.2491616259754803,,0.08620689655172153,-0.3882471313616187,-0.02479489592559503,-0.07999999999999963,1.9927536231884035,0.11178772100137735,0.5134999999999934
1992-04-01,0.7590126747747616,0.5664426993517102,,0.2577319587628857,0.35938992038675455,0.5865745449444182,-15.265998457979958,-2.5878003696857665,0.13749573209556054,0.0,,0.09999999999999432,,0.09999999999999432,,0.21567217828901697,0.274160383824551,0.2700598897520168,0.3282634861582423,,0.17226528854437095,-0.48047888843302244,-0.22315186774436446,-0.25,-10.479573712255775,-0.11460139284770188,0.43380000000000507
1992-05-01,0.32910949647837473,0.5947956637802232,,0.5360170650330787,0.5201476050931131,0.12813695835984795,10.464058234758866,0.189753320683117,0.11979800213792746,0.1999999999999993,,0.10000000000000142,,0.09999999999999432,,0.21520803443326741,0.34176349965824304,0.13308195630477027,0.14022404686597767,,0.7738607050730817,-0.3588687923614997,0.0012235818216632666,0.08999999999999986,-3.1746031746031744,-0.002941868674977144,0.08379999999999654
1992-06-01,0.05118534482757564,0.32424426401223005,,0.43251183287089656,0.4077271126867732,0.17063063690496705,-5.683690280065901,0.09469696969697239,0.05522522688363729,0.20000000000000018,,-0.10000000000000142,,0.10000000000000853,,0.28632784538296097,0.2043596730245012,0.17720677815926678,0.07779316353677679,,0.682593856655278,-0.23467268108806616,-0.04909185890518142,-0.06000000000000005,1.434426229508201,-0.1500397163955114,-0.14359999999999218
1992-07-01,0.9207064715544,0.9551249226922298,,-0.14490398418244288,-0.08872708442986266,0.7361120767572782,-0.5240174672489051,3.0274361400189242,0.08003238091733866,-0.09999999999999964,,0.0,,0.0,,0.2855103497501732,0.3399048266485405,0.33009555397616186,0.3777808870855104,,-0.08474576271185752,-0.26726144640051297,0.09931939405047885,-0.5099999999999998,0.60606060606061,-0.0029463759575687476,0.5566999999999922
1992-08-01,-0.5591861589262614,-0.46308113636026604,,0.37295721163626006,0.38038966164504195,-0.48485475925494903,7.6382791922739335,-1.2855831037649201,0.11305874458835685,-0.10000000000000053,,0.0,,-0.10000000000000853,,0.2135231316725994,0.2032520325203402,0.13380769472954857,0.091379363751809,,-0.16963528413910245,-0.32803441007204226,0.21998622273065038,0.04999999999999982,0.8032128514056325,0.14143021302925884,-0.6337999999999937
1992-09-01,0.32985434326631147,0.18199114861232601,,-0.5012836103229334,-0.3876775613977923,0.9848373197860472,-3.2626427406199032,3.6279069767441774,0.03213485621946788,0.0,,-0.09999999999999432,,-0.09999999999999432,,0.21306818181816567,0.13522650439485862,0.16349887594522272,0.16247582205028976,,0.2548853016142605,0.18645553009657423,0.04689782924689467,-0.07999999999999963,2.589641434262946,0.34424927178040576,0.09219999999999118
1992-10-01,0.675158053367686,0.6158292390900488,,-0.5825717350860238,-0.4958305134810659,0.6078035798600778,4.890387858347389,1.6157989228007263,0.17255463465226661,-0.2999999999999998,,0.09999999999999432,,-0.29999999999999716,,0.425230333097093,0.47265361242405657,0.3531461397203062,0.3846748030279512,,0.08474576271186862,-0.25753061048173764,-0.08034377452905694,-0.1200000000000001,3.106796116504862,0.3958479943701576,0.3783000000000101
1992-11-01,0.37922171266961957,0.40016150899295777,,0.44529435869418155,0.21603035157744532,-0.24489517291987895,-2.4115755627009627,-1.2367491166077715,0.13194183564078088,0.10000000000000053,,0.10000000000000142,,0.09999999999999432,,0.2822865208186309,0.2688172043010528,0.19706590759795972,0.21853214115328257,,-0.2540220152413175,0.009382227246934605,0.3929668515146645,-0.010000000000000231,3.0131826741996326,0.08761938140717795,0.14979999999999905
1992-12-01,0.16889209896300272,-0.06800808249902701,,4.098672758920796,3.6485816695628115,0.8014986399329294,1.0708401976935678,5.187835420393561,0.20039713404647053,0.0,,0.0,,0.0,,0.14074595355384467,0.2680965147453085,0.17482517482518833,0.1858079574945215,,-0.1697792869269965,-0.07640772138470808,0.42615156450249714,-0.16999999999999993,3.4734917733089565,-0.046689427762702795,-0.008700000000004593
1993-01-01,0.3839896069506743,0.9054829569621559,,-3.4526453298497684,-2.751152196680162,0.7246930237689186,-1.3854930725346382,0.08503401360544505,0.263008894814698,-0.10000000000000053,,0.20000000000000284,,-0.09999999999999432,,0.35137034434293835,0.33422459893048817,0.2430815258040342,0.29122344502008346,,0.3401360544217802,-0.16651211932273702,0.39779998153870455,0.10000000000000009,-1.0600706713780994,-0.1868449478877765,0.17150000000000887
1993-02-01,0.4815953484483826,0.26815345381323574,,0.565575655891859,0.462547863357865,-0.5981617058560929,0.0,-2.463891248937977,0.2340832498405998,-0.20000000000000018,,0.0,,0.0,,0.21008403361342243,0.3331112591605567,0.1507803270534236,0.19103802420834537,,0.3389830508474523,-0.3358131819394816,0.5848685614635807,0.009999999999999787,-3.749999999999998,-0.14917078592528998,0.26199999999998624
1993-03-01,-0.08735319809765052,-0.19499890858819535,,-0.38479650184999326,-0.2593916809754182,-0.8238195733428211,-10.495867768595046,-8.013937282229966,-0.03907421374503839,-0.09999999999999964,,-0.30000000000000426,,0.0,,0.13976240391335715,0.13280212483401943,0.20487668596440578,0.21813078694876697,,0.2533783783783772,-0.3632977140602067,-0.04945956491699821,0.040000000000000036,0.7421150278293043,-0.08494932333470429,-0.19289999999999452
1993-04-01,0.2743160602107775,0.505136417614005,,0.9346425532489766,0.753144589514787,2.279194975003196,16.15881809787627,4.545454545454541,0.26908112432275644,0.09999999999999964,,0.5,,-0.10000000000000853,,0.34891835310537633,0.3978779840848823,0.266414708570184,0.29071537290714655,,0.5054759898904804,-0.9649868828278896,0.7497821961162332,-0.10999999999999988,4.05156537753224,-0.005863555073448712,0.10899999999999466
1993-05-01,-0.37844013772083684,-0.08978411514288798,,0.04282024862507505,-0.02260311158371886,0.219749001520686,0.15898251192367763,0.7246376811594235,0.24569356300996326,0.0,,-0.19999999999999574,,0.30000000000001137,,0.2781641168289051,0.26420079260238705,0.30896142616594346,0.33843772290600427,,0.3352891869237373,0.414092533715249,0.0002573933683525098,0.040000000000000036,-0.7079646017699059,0.7857624534553187,-0.419399999999996
1993-06-01,0.22551864657938125,-0.17553483269336922,,-0.2648368845551974,-0.1236023615744486,-0.03584976447538191,1.5873015873015817,1.618705035971213,0.1546517622161403,-0.09999999999999964,,-0.10000000000000142,,0.09999999999999432,,0.06934812760057696,0.19762845849802257,0.03388107741824076,0.09528995371630433,,-0.1670843776106934,0.34084247934971224,0.49438429499497616,0.040000000000000036,1.9607843137254832,0.15127272727271102,0.07170000000000698
1993-07-01,0.2696746193213917,0.27394736331725067,,0.2762690270234014,0.3227301817930073,1.4795416256609517,-2.0312499999999956,3.8938053097345104,0.28173592674864967,-0.09999999999999964,,0.10000000000000142,,-0.09999999999999432,,0.1386001386001201,0.13149243918475495,0.160110845970296,0.2070205660576807,,-0.2510460251045954,-0.3597678287431849,0.692745591981736,0.020000000000000018,0.8741258741258751,-0.02323757515902969,0.10519999999999641
1993-08-01,-0.12057408624809307,-0.1594063443402738,,0.17118936486069103,0.2160935188381119,-0.5416022880436522,3.6682615629983983,4.7700170357751315,0.13146757433319944,-0.10000000000000053,,0.0,,0.0,,0.20761245674740803,0.32829940906107247,0.17061436542216146,0.18698917272372828,,-0.4194630872483174,-0.018352699768875436,0.568618866508297,-0.03000000000000025,0.17331022530329143,0.10749876521687352,-0.21779999999999688
1993-09-01,0.5305512966212289,0.753747751994549,,-0.2777073125141749,-0.2249637762900658,0.6461902046819956,3.3076923076923004,1.7073170731707332,0.22302158273381778,-0.09999999999999964,,0.19999999999999574,,-0.20000000000000284,,0.13812154696131174,0.06544502617800152,0.1043424888752531,0.15051627080886476,,0.0,-0.40100949871261227,0.7632676589547804,0.06000000000000005,2.249134948096887,0.20315765033667166,0.30060000000000286
1993-10-01,0.733038914392603,0.8564236581227291,,-0.3962994202782233,-0.41920317714784217,0.14039524134024095,3.6485480268056536,2.877697841726623,0.2566219223314903,0.09999999999999964,,0.0,,0.09999999999999432,,0.4137931034482678,0.3270111183780289,0.3142340353781581,0.163816165198849,,0.33698399326032025,-0.26165781293421286,0.8343594023423551,-0.09999999999999964,1.522842639593902,0.12454382204716286,0.4543999999999926
1993-11-01,0.45694136298819465,0.45801745009945716,,0.2984071510182096,0.2565494924420264,0.9444945478396249,-1.1494252873563204,5.43900543900544,0.22643062988885188,-0.20000000000000018,,0.0,,0.0,,0.27472527472527375,0.32594524119948787,0.18947786623473295,0.258076132459073,,-0.08396305625524292,0.022759678686079532,1.0508040645686778,0.029999999999999805,2.1666666666666723,0.39920159680637557,0.21859999999999502
1993-12-01,0.5922741331301662,0.6804937256359445,,3.897235214495365,3.477699173736437,0.527119442504187,11.409883720930235,7.663964627855568,0.30182074705100703,-0.09999999999999964,,0.10000000000000142,,0.10000000000000853,,0.205479452054802,0.2599090318388564,0.022877362087636577,0.0448974094194865,,-0.3361344537815225,-0.06600345888942982,1.0656054215073096,-0.06000000000000005,2.446982055464919,0.12389431526782513,0.3171000000000106
1994-01-01,0.28778124417676576,0.08874745145592833,,-2.418574653337635,-1.9807911814890056,-0.8071357587803307,-17.025440313111552,-4.859685147159476,0.24571555753394314,0.09999999999999964,,0.0,,0.19999999999998863,,0.0,0.12961762799739152,0.03354579000336422,0.07928316055587636,,0.4215851602023646,0.6436460851145132,0.7360059759909054,0.08999999999999986,-1.273885350318471,-0.0057553956834488496,0.05539999999999168
1994-02-01,0.05829016514546925,0.15724973046267188,,0.12029081295439337,0.0965273538064082,1.662431173231682,5.110062893081757,-8.705035971223019,0.16074457598067582,0.0,,-0.5,,0.0,,0.2734107997265811,0.1941747572815622,0.23169318943967454,0.2167349257122364,,0.16792611251050804,0.09391731735235442,0.9553705892359377,0.20000000000000018,-3.8709677419354827,0.008633590422468806,-0.1465999999999923
1994-03-01,1.0201575463503865,1.3594377981996475,,0.31158817549279405,0.2666657593702437,1.7001434145481609,16.978309648466716,5.752561071710005,0.4105265024560767,-0.09999999999999964,,0.8000000000000043,,-0.09999999999999432,,0.27266530334015826,0.322997416020665,0.2752600523146187,0.34005995793997545,,0.3352891869237373,1.1611384200877817,1.2472612402258942,0.08999999999999986,0.0,0.11798221633909645,0.6272999999999911
1994-04-01,0.5913554477638527,0.9085133123402978,,1.0318912302407446,0.9288401951019098,-0.22767558199078275,-6.32992327365729,3.7257824143070106,0.30376617069185485,-0.09999999999999964,,0.0,,0.0,,0.06798096532969478,0.12878300064391723,0.1182947358842501,0.15013006317354805,,0.0,0.9468728364961709,1.0833625891355725,0.2200000000000002,3.3557046979865834,0.03736491147390275,0.26480000000000814
1994-05-01,0.4601048425961096,0.6604285202173044,,0.28660387436327817,0.20305868988985676,-0.6356300238460011,4.1638225255972605,0.2873563218390718,0.29316219000079524,-0.3000000000000007,,0.09999999999999432,,0.09999999999999432,,0.20380434782609758,0.25723472668810476,0.14542149511476143,0.22263120398953173,,0.1670843776107045,0.7234828568987606,1.3179032169219562,0.44999999999999973,-3.8961038961038974,0.3131733946272197,0.14350000000000307
1994-06-01,0.6751136558680537,0.3597795665295278,,-0.13379924916537833,-0.1351167718264601,0.9035211099721163,-7.6671035386631665,-2.793696275071633,0.27826056424571366,0.0,,0.0,,-0.19999999999998863,,0.2711864406779618,0.3207184092366866,0.24352982105853016,0.22213665847230502,,0.500417014178467,0.6691779648629881,1.2435941970307285,0.2400000000000002,1.1824324324324342,-0.33224494472131605,0.30999999999998806
1994-07-01,0.13303898639738243,0.4509935050263092,,0.2484455891152093,0.17272787749322838,-0.19845957567452555,2.129169623846705,-1.6212232866617549,0.3230070291231568,0.0,,0.0,,0.0,,0.33806626098715764,0.19181585677747748,0.31536697247704915,0.20982327560730152,,0.16597510373443924,1.2677020776931114,0.7486042061898068,0.009999999999999787,0.33388981636059967,0.23851945514108408,-0.14869999999999095
1994-08-01,0.6704230927067067,0.8340793500068555,,0.12196862551741017,0.14492709875133514,1.0321480990483467,0.7644197359277349,3.146067415730336,0.2565265950021045,-0.09999999999999964,,-0.09999999999999432,,0.19999999999998863,,0.40431266846361336,0.2552648372686761,0.23014094252493678,0.11206464360495882,,0.41425020712511085,0.931405472465352,1.4679325572150903,0.20999999999999996,-1.3311148086522562,-0.0716722571027173,0.2927999999999997
1994-09-01,0.3145485953005789,0.4009390177443395,,0.47432059406709026,0.43802595825157553,0.7482387490822751,1.6551724137930934,2.541757443718229,0.29938556334963007,-0.09999999999999964,,-0.10000000000000142,,0.0,,0.2013422818792021,0.25461489497136114,0.11105441666416915,0.15170707278993056,,-0.16501650165017256,0.4410289851416005,1.3306930373656378,0.2600000000000007,1.180438448566612,0.031558411751198,-0.008000000000009777
1994-10-01,0.8045120691220431,1.011616289646744,,0.8035702769286335,0.8920385883884663,0.622519225998519,-1.6282225237449155,-1.0623229461756423,0.18308661471981846,-0.10000000000000053,,0.19999999999999574,,0.10000000000000853,,0.06697923643670389,0.19047619047620756,0.16939497511543333,0.23530449872788406,,-0.08264462809917106,1.0529899564699186,1.1586998874840715,0.02999999999999936,-0.8333333333333304,-0.05449278687583714,0.39620000000000744
1994-11-01,0.6835881660052667,0.8408695677847744,,-0.0537414269628389,-0.023917725667765843,-0.0038522285142006396,4.206896551724149,-4.080171796707233,0.35511056064161384,-0.20000000000000018,,0.0,,0.0,,0.2677376171352108,0.25348542458807355,0.19006001107435555,0.18340009096644572,,0.496277915632759,1.0812658481164528,1.337926550048274,0.5300000000000002,0.8403361344537785,0.08608815426998095,0.29240000000000066
1994-12-01,1.0218279603479097,1.1486041370829536,,0.412239149916771,0.47342199738418245,0.06394945681484909,-3.7061548643282594,4.179104477611939,0.2649589615679959,-0.09999999999999964,,0.0,,0.0,,0.20026702269690944,0.06321112515803584,0.06422895381490434,0.033683840543652366,,0.3292181069958877,0.8359460399658403,1.617608278222793,0.16000000000000014,2.3333333333333206,-0.031538505648265325,0.5751999999999953
1995-01-01,0.17019829295750188,0.16426991790845502,,0.27794777641778623,0.4602565481954368,0.229454929046069,-3.298969072164948,-8.166189111747846,0.28491745140908353,0.09999999999999964,,0.0,,0.09999999999999432,,0.26648900732844094,0.44219835754895076,0.20301234494184417,0.24888368347850687,,0.8203445447087843,1.6340953550814996,1.31287247127434,0.08000000000000007,-1.4657980456026065,0.15774227779850047,-0.1419999999999959
1995-02-01,-0.11280505770735472,-0.2504078338783078,,0.2085187539732969,0.22339144946355027,-1.7108265281821633,-6.467661691542292,-2.1840873634945357,0.16222479721901273,-0.1999999999999993,,-0.09999999999999432,,0.0,,0.2657807308970028,0.2515723270440251,0.1772759098425336,0.16356334428624386,,0.4882017900732283,1.8545714362130816,0.8080077273538322,0.3899999999999997,-4.6280991735537125,-0.08590573277590385,-0.3838000000000079
1995-03-01,0.16616802213702542,0.29087200762525356,,0.2296546298880875,0.25323065983107185,0.8933595948227291,-5.091185410334342,-2.2328548644338087,0.18338560680069005,0.0,,-0.20000000000000284,,-0.09999999999999432,,0.1988071570576455,0.31367628607277265,0.18439758498647318,0.24494437721434004,,0.32388663967610754,1.0616976328476246,1.4798336053368555,0.0600000000000005,-0.17331022530329143,0.020061905307811045,-0.15109999999999957
1995-04-01,-0.17262341311966578,-0.2724071490266322,,0.16583328058739077,0.11697831728765262,-0.32846065056899576,1.4411529223378627,2.691680261011409,0.13514900605604563,0.39999999999999947,,-0.6000000000000014,,0.20000000000000284,,0.3968253968254176,0.3126954346466482,0.26272821730739526,0.2327103483383164,,0.5649717514124131,0.5878390426858893,0.9735649751354103,0.0699999999999994,2.256944444444442,0.2378291641594199,-0.4375
1995-05-01,0.49109262490132366,0.363525765431727,,-0.0012638070924886335,0.07670784847833012,1.207806440079895,3.7095501183898927,0.9531374106433788,-0.01708437975159738,-0.20000000000000018,,0.30000000000000426,,-0.4000000000000057,,0.19762845849802257,0.18703241895261513,0.15396686751447675,0.16977435971847754,,0.24077046548958148,1.2725009516929564,1.3198930488487415,-0.040000000000000036,-3.735144312393879,0.7689668972614472,0.11280000000000712
1995-06-01,0.3314331723927699,0.4707274485187041,,0.4524486571879871,0.3687027646688712,0.9737591865885298,-2.511415525114158,2.675059008654612,0.20931941288040434,0.0,,0.0,,0.0,,0.19723865877712132,0.24891101431239182,0.09755953348804525,0.08691621277088224,,0.32025620496396456,0.6394569403953776,1.1259960712107553,-0.009999999999999787,0.5291005291005346,0.6893421463221028,-0.029200000000003
1995-07-01,-0.4181127385757377,-0.6561031380344473,,0.32585584338789,0.3358743061234071,-0.765866828915851,14.051522248243554,3.7547892720306564,0.07758481042876575,0.10000000000000053,,-0.10000000000000142,,0.09999999999999432,,0.1312335958005173,0.18621973929238145,0.1255223946719619,0.15776066693682367,,0.0,1.1803730449795324,0.7816778261297896,-0.15000000000000036,0.7017543859649145,0.5099453428748513,-0.6640000000000015
1995-08-01,1.3256420444688333,1.2260288232436523,,0.18810664392665544,0.14487956173017125,0.7901715231686479,-3.0800821355236097,2.363367799113747,0.22490671482851,0.0,,0.10000000000000142,,0.0,,0.1965923984272644,0.24783147459728205,0.2153328810359456,0.23988092657623028,,-0.15961691939345712,0.6403769405329163,1.1009225812976586,-0.10999999999999943,-1.0452961672473893,0.5998598458304194,0.7780000000000058
1995-09-01,0.4033288089442033,0.9230958202884221,,0.46562859860812544,0.3849012472112223,-0.0015208084617746032,-3.319209039548021,2.5252525252525304,0.19295173656563858,-0.10000000000000053,,0.09999999999999432,,0.0,,0.1308044473512071,0.24721878862792313,0.06917054217931984,0.13118629896058387,,0.07993605115907965,0.439846265722843,1.5611782301620858,0.05999999999999961,0.7042253521126751,0.39009167154280266,0.002300000000005298
1995-10-01,-0.1757561088312487,-0.08562043681991094,,0.3039968105252644,0.14616119850252574,-0.6273430311694472,0.0,-1.4778325123152691,0.1298007177216176,-0.09999999999999964,,-0.09999999999999432,,0.0,,0.2612671456564408,0.30826140567201676,0.25884256195307653,0.24331250539895155,,0.07987220447283061,0.03208714108529076,0.6249548848473507,-0.040000000000000036,-1.3986013986014068,0.31086069555079643,-0.4947000000000088
1995-11-01,0.26354726629984615,0.1293197469695695,,0.42604461668405147,0.32450807703052753,1.3375981389939007,6.0628195763331005,2.1428571428571352,0.11777066070188802,0.09999999999999964,,0.09999999999999432,,-0.09999999999999432,,0.13029315960910726,0.18438844499077955,-0.00293379882942979,0.06463010039208239,,0.07980845969672856,0.8836846191794479,1.673209067633108,0.040000000000000036,0.0,0.17431725740848503,-0.13710000000000377
1995-12-01,0.347083386577518,0.40853567967860105,,0.1100790342729141,0.18080792002446167,0.10873669108208972,-1.446280991735538,0.8391608391608463,0.13540388439894357,0.0,,-0.3999999999999986,,-0.09999999999999432,,0.13012361743658385,0.06134969325153339,0.1921694611920488,0.14065908829945517,,0.23923444976077235,0.32924023438021255,0.7582133895418952,-0.20000000000000018,2.659574468085113,0.2596398188045468,-0.07750000000000057
1996-01-01,-0.5723636015089628,-0.673567172863454,,0.10130961205832012,0.3382420268937647,-0.6336083998370712,2.515723270440251,-3.8141470180305115,-0.006761039509828315,0.0,,-1.1999999999999957,,0.0,,0.5198180636777128,0.3678724708767511,0.22254758418740472,0.11322918159668571,,0.4773269689737347,0.936732317740474,1.098049698005954,-0.040000000000000036,-1.7271157167530249,0.48487519973552384,-0.8495999999999952
1996-02-01,1.4635221208469718,1.5121513938572084,,0.8639628742810546,0.8322595281932355,1.3162888851776966,1.6359918200409052,2.379235760634457,0.35582376158962425,-0.09999999999999964,,1.5999999999999943,,0.19999999999998863,,0.19392372333548735,0.18326206475260953,0.15777479109448933,0.1302810348036365,,-0.07917656373712667,0.3143898986206928,0.8517933740251449,-0.33999999999999986,-5.448154657293502,0.36738498656576635,0.8293000000000035
1996-03-01,-0.12242925706344998,-0.2283133733789855,,0.29123124739971473,0.3493928594306972,0.051697785236903826,-4.493628437290409,1.1971830985915588,0.21391635365257677,0.0,,-0.19999999999999574,,0.0,,0.3225806451612856,0.24390243902439046,0.3019253208867978,0.2316271089505273,,0.15847860538826808,0.44601795922922793,0.7385887662471946,0.08999999999999986,2.0446096654275214,0.6719842657342712,-0.48570000000000846
1996-04-01,0.995039749949056,1.2510345928640643,,0.17569546120057566,0.2632182224871604,0.4043823060275509,6.460674157303381,1.8093249826026447,0.13950517681859953,0.09999999999999964,,0.0,,0.10000000000000853,,0.38585209003214604,0.12165450121652821,0.2995622900519246,0.13551681835040075,,0.7911392405063333,0.6612089381191177,0.7868024104036531,-0.08999999999999986,1.821493624772308,0.29847506376512456,0.4347000000000065
1996-05-01,0.7473370902025378,0.804169398408261,,0.5054564942024831,0.4316732991089367,0.6966146318906352,-0.79155672823219,-0.41011619958988277,0.2844962151093533,0.0,,0.29999999999999716,,0.0,,0.19218449711724261,0.2430133657351119,0.17253128035608079,0.17379660099434702,,0.5494505494505475,0.5779472687835296,0.8646424926820773,0.020000000000000462,-4.830053667262957,0.3868628936262164,0.2295000000000016
1996-06-01,0.7622281048073498,1.0170198519201534,,0.7380118518159451,0.6645990160303539,-0.9873269585441213,-2.4601063829787218,-1.9217570350034352,0.2284576181828868,-0.2999999999999998,,0.10000000000000142,,0.0,,0.19181585677747748,0.24242424242424399,-0.0014473455682395553,0.07679290092295066,,-0.07806401249024209,0.6945171663254035,0.8258094993434328,0.02999999999999936,0.9398496240601517,0.339558573853993,0.24289999999999168
1996-07-01,0.015375785523707997,0.4620976680503208,,-0.11789048214800868,-0.20585842871705395,0.45407621298942935,0.3408316291751978,1.469559132260323,0.20789847207147716,0.20000000000000018,,-0.10000000000000142,,0.20000000000000284,,0.19144862795150708,0.1813784764207904,0.21131551142696825,0.18757193810123862,,0.0,0.5137544092599811,0.9115566691110244,0.13000000000000078,-1.4897579143389295,0.38138210727043376,-0.37469999999999004
1996-08-01,0.5118289203219328,0.43698706074823956,,0.4215343851619924,0.3205589528483488,-0.11840488513237268,5.774456521739135,-2.551724137931033,0.14914305235005365,-0.40000000000000036,,0.10000000000000142,,-0.20000000000000284,,0.1273885350318471,0.18105009052504784,0.0953247541054747,0.08651868661797568,,0.23437500000000888,0.40065772496034047,0.7100964391901776,-0.1800000000000006,-2.2684310018903475,0.17658862876253067,0.039699999999996294
1996-09-01,0.6259139173877992,0.835305488919591,,0.38138642360276975,0.2830828116901385,0.8111775494684004,-5.2665382145150925,-1.4861995753715496,0.16805604086589376,0.10000000000000053,,0.10000000000000142,,0.20000000000000284,,0.31806615776082126,0.3012048192771122,0.28281603970967684,0.3032621942578473,,-0.0779423226812348,1.4198294135628453,0.39072087491796026,0.08000000000000007,-1.3539651837524258,0.26975775219679754,0.13249999999999318
1996-10-01,0.029613789018778647,-0.1018627669558847,,0.07288107242706676,0.014461298105428178,0.7558388924223891,-5.627118644067797,-2.442528735632188,0.2200996677740763,0.0,,-0.20000000000000284,,0.09999999999999432,,0.3170577045022105,0.18018018018017834,0.3021626210449213,0.23735518508052333,,-0.15600624024960652,0.9875024858889025,0.4949383637145255,-0.05999999999999961,-2.7450980392156876,0.511427201534298,-0.3666999999999945
1996-11-01,0.9186726470557405,0.9199715615996196,,0.3581704652634299,0.31872047139487325,-0.480783346545699,6.968390804597702,3.97643593519883,0.23370488542659995,0.20000000000000018,,0.10000000000000142,,0.0,,0.3160556257901348,0.23980815347719453,0.17788233943967224,0.13108191915205403,,0.15624999999999112,0.7590086025150988,0.9003073977933207,0.0699999999999994,0.20161290322580072,0.585678698256209,0.3649000000000058
1996-12-01,0.6407086216587032,0.8494798508411394,,0.42946026005543647,0.3856268088447301,-0.008850797678139344,-7.991940899932837,-0.07082152974504652,0.1620544536036439,0.0,,0.20000000000000284,,0.0,,0.2520478890989386,0.11961722488038617,0.11599100711698895,0.038006221759268044,,0.7020280811232515,0.8248628401796632,0.8865893229458743,-0.019999999999999574,3.0181086519114775,0.6112501646686752,0.13109999999998934
1997-01-01,0.15851253590393188,0.0840354892375661,,0.4145936981757803,0.5747455563114068,0.9382675980496913,-1.0948905109489093,-2.0552799433026236,0.17582526435699908,-0.10000000000000053,,-0.30000000000000426,,0.0,,0.18856065367693908,0.2389486260454099,0.1301599107474738,0.10693983227332282,,0.4647560030983655,0.4797159317098565,0.3931741001856004,-0.040000000000000036,-1.171875,0.4006599104407371,-0.2670999999999992
1997-02-01,1.1938518753170868,1.389094792468848,,0.46006842043175844,0.31396704962687316,0.48158081276810094,9.667896678966791,4.558610709117228,0.26121493786874783,-0.09999999999999964,,0.20000000000000284,,-0.09999999999999432,,0.18820577164364583,0.17878426698449967,0.20855653167630717,0.20521758686606884,,-0.9252120277563503,0.8656280255399107,0.2769887293775364,-0.05999999999999961,-4.940711462450597,0.2869066249348018,0.5822000000000003
1997-03-01,0.6346132066227916,1.0257359173200253,,0.46618130577735784,0.47076386515336743,0.6661818181818102,-1.9515477792732216,-0.622837370242213,0.26135625816738894,0.0,,0.19999999999999574,,0.19999999999998863,,0.06261740763933155,0.17846519928614857,0.1054867357557221,0.23846261747788589,,-0.9338521400778177,0.8166765107748608,0.18191770229953885,0.1999999999999993,-1.039501039501034,0.37711313394017676,0.11160000000000991
1997-04-01,0.11722010065502442,-0.09426978064344116,,0.15077667519898252,0.07375824647664064,-1.5373945208646433,2.4021962937542884,-1.0445682451253435,0.24428031576100295,-0.10000000000000053,,0.0,,0.0,,0.06257822277846437,0.2969121140142583,0.09825560697758196,0.19591379792891495,,-0.23566378633149698,1.0598317117991973,0.7863836397295376,0.1200000000000001,0.6302521008403339,0.42233449928748,-0.328400000000002
1997-05-01,0.5539648397783647,0.7156391906687487,,0.5403449805102323,0.4552684163181553,-0.07043907020427564,-3.351206434316356,-0.49261083743842304,0.22160619516065072,-0.1999999999999993,,-0.09999999999999432,,0.0,,0.0,0.1776198934280604,-0.04552308874156141,0.07262569832402477,,0.31496062992126816,0.6466964230288363,0.36033949257074926,-0.009999999999999787,-3.9665970772442605,0.3792765364569739,0.022800000000003706
1997-06-01,0.4595965749441433,0.6186480376382253,,0.3911827183136207,0.3636981095947567,0.9413181390977465,3.606102635228847,-0.8486562942008447,0.2088772845953102,0.09999999999999964,,-0.10000000000000142,,0.0,,0.18761726078797558,0.11820330969267712,0.12809199851984143,0.14793725227486565,,-0.15698587127158659,0.5410254676636361,0.3269078397365899,0.05999999999999961,1.304347826086949,0.4266803752730919,-0.0742000000000047
1997-07-01,0.8542220977454162,0.7431266478080678,,0.5052840922230128,0.45054287526706815,1.1231214629675357,-3.81526104417671,2.710413694721825,0.24263939551849578,-0.09999999999999964,,0.0,,0.10000000000000853,,0.12484394506866447,0.17709563164107767,0.05969979531499359,0.06828506926057631,,-0.2358490566037763,0.40274654456742276,0.46174304552306644,-0.040000000000000036,-0.42918454935623185,0.4555808656036442,0.2377999999999929
1997-08-01,1.0004661403578252,1.2790116511242955,,0.6476996882298192,0.5940145424762289,-0.18846480311901503,-3.2707028531663185,0.6250000000000089,-0.021930893318389266,-0.10000000000000053,,0.10000000000000142,,0.0,,0.24937655860348684,0.05892751915146377,0.0795522345654387,-0.04038603478768721,,0.23640661938533203,0.7571531355563321,0.4218874777451642,0.020000000000000462,0.6465517241379448,0.8356900812759527,0.339800000000011
1997-09-01,0.9159267160430806,0.8839396753638873,,0.33833984866149525,0.3023485298582207,0.37331718988729,11.223021582733805,3.105590062111796,0.3964675392202244,0.10000000000000053,,0.0,,-0.10000000000000853,,0.24875621890545485,0.2355712603062221,0.24130589070263664,0.20758449664242118,,0.2358490566037652,0.8991165601943685,0.5729887001216349,0.0,-1.2847965738758016,0.40427521034944736,0.25149999999999295
1997-10-01,0.8866930363580661,0.8899600802328322,,0.6094643548791412,0.525152154031483,-0.2793055415942658,-1.681759379042691,0.33467202141901353,0.2824195832490384,-0.20000000000000018,,0.09999999999999432,,0.0,,0.18610421836229296,0.2350176263219872,0.13027470971396227,0.1515425361825029,,0.23529411764706687,0.5010400193671272,0.5957445965054209,-0.040000000000000036,-1.0845986984815648,0.47814379545512153,0.21000000000000796
1997-11-01,0.7875135934105604,1.0455941418465509,,0.7982608104894817,0.7144427411392762,-0.382330705259748,-0.6578947368421018,-2.00133422281521,0.2428908040411848,-0.10000000000000053,,0.0,,0.10000000000000853,,0.12383900928791824,0.11723329425556983,0.005656748500948439,0.030540285412850032,,0.07824726134586513,0.6527905775538523,0.234291649484053,0.019999999999999574,1.9736842105263053,0.5585192977183295,0.11249999999999716
1997-12-01,0.4258485271143364,0.5268513338863023,,0.6234413965087171,0.6135759052914525,0.6158116136866232,3.708609271523189,-0.8849557522123908,0.26081706580800557,0.10000000000000053,,0.20000000000000284,,0.0,,0.06184291898578831,0.23419203747070405,-0.021211606991344834,0.05828638041576184,,-0.8600469116497367,0.5884292293626192,0.9371848611472444,-0.019999999999999574,3.010752688172036,0.4483188044831943,-0.1998000000000104
1998-01-01,0.4383363230729298,0.8252321227690151,,0.9745805284838704,0.8939474986351392,0.1953938767007113,-2.61813537675607,6.7994505494505475,0.20634449092324925,-0.10000000000000053,,-0.10000000000000142,,-0.10000000000000853,,0.12360939431395046,0.23364485981309802,0.049504250293508356,0.15256588072121158,,-1.1041009463722329,1.2438238483789776,-0.3557866707557755,0.05999999999999961,-0.8350730688935215,0.5504587155963359,-0.19359999999998934
1998-02-01,0.1618798460184756,0.11573592226543639,,0.7473742399115579,0.6990129210693974,-0.09248770415406504,3.868852459016403,5.916398713826365,0.16906238482123914,0.0,,-0.19999999999999574,,0.0,,0.0,0.17482517482518833,-0.052307170323462326,0.0858606841157794,,-0.31897926634769647,0.7939622856807604,0.32564823103398144,-0.04999999999999982,-4.842105263157892,0.7915762477806343,-0.42440000000000566
1998-03-01,0.035165282749005655,-0.210293698317654,,0.6496499352544705,0.625487179824491,0.5066415977150962,-1.0732323232323204,-2.5500910746812377,0.11838389978962027,0.10000000000000053,,-0.20000000000000284,,0.0,,0.0,0.17452006980802626,0.015558918796587662,0.10654195262342903,,-0.23999999999999577,0.43083264501178054,0.6464127352170612,-0.019999999999999574,0.8849557522123908,0.6140973258630167,-0.5251999999999981
1998-04-01,0.3431256509800251,0.43742781964735133,,0.4448417976842256,0.3801119342680348,1.4258684088393814,-1.723037651563497,-3.613707165109037,0.2237047097830791,-0.40000000000000036,,-0.29999999999999716,,-0.09999999999999432,,0.12345679012344402,0.17421602787457413,0.12445198698911586,0.18383115177817988,,0.1603849238171584,-0.1746405437706655,2.067130234130099,-0.040000000000000036,2.1929824561403466,0.6443925688162544,-0.2565000000000026
1998-05-01,0.6591340431881365,0.559280403611262,,0.5459913596595811,0.46607377414151774,0.0077436431729305255,-0.2597402597402598,0.4524886877828038,0.318864841165456,0.10000000000000053,,0.29999999999999716,,0.0,,0.2466091245376223,0.2318840579710102,0.1370095200429411,0.09657570155350292,,0.16012810248198228,1.3171572912225482,0.19291836270609597,0.040000000000000036,-3.433476394849788,0.6523472420208343,0.021299999999996544
1998-06-01,-0.5998591461821245,-0.8021907292450225,,0.6131988901963759,0.580713808577582,0.8341369674017773,6.8359375,-0.19305019305019266,0.183559140212175,0.09999999999999964,,-0.10000000000000142,,0.0,,0.12300123001232066,0.1735106998264735,-0.08463220255306991,-0.12542727974419465,,-0.23980815347721673,1.7644351770224942,0.7968324050856346,0.0699999999999994,0.22222222222223476,0.472887011210088,-0.9984999999999928
1998-07-01,-0.3845573464364205,-0.5057653206131274,,0.259665010676291,0.18057065707210995,-0.9535909750921445,3.4734917733089565,3.80399742101869,0.10787144262192072,0.0,,0.0,,0.0,,0.24570024570023108,0.173210161662829,0.24705301051741735,0.28153075447483467,,0.08012820512821595,0.7499444824286661,0.49336277454963273,-0.019999999999999574,-1.1086474501108667,0.4730504587155737,-0.7755000000000081
1998-08-01,2.070330159316258,2.5893380758944984,,0.4291569901218928,0.37816622383815,-0.88101380020017,-4.946996466431097,2.7329192546583947,0.26463410769181905,0.0,,0.0,,0.0,,0.1225490196078427,0.2881844380403509,0.13800873116462942,0.19541732608545637,,-0.5604483586869491,0.7207388823763594,0.4306156454434662,0.009999999999999787,0.22421524663678305,0.5683169258572374,1.2473000000000098
1998-09-01,-0.05321862535943023,-0.04272807712010218,,0.3271526001705105,0.34273967350801904,1.0324819386768214,-1.9826517967781898,-4.655380894800487,0.15646484282394457,0.09999999999999964,,-0.10000000000000142,,0.20000000000000284,,0.0611995104039087,0.11494252873562871,-0.0576587725713118,-0.016481931682388318,,-0.32206119162641045,0.9351623153737831,0.7661020427803589,-0.040000000000000036,-1.118568232662187,0.9221384153405898,-0.46160000000000423
1998-10-01,0.6836260369526892,0.8631965644520623,,0.20181205986382622,0.18086874941398712,1.4160637369443396,8.407079646017701,9.004438807863036,0.16174335668750484,-0.09999999999999964,,0.10000000000000142,,0.0,,0.24464831804280607,0.11481056257176547,0.21951116551985894,0.19506834260594186,,0.1615508885298933,2.115000661721722,0.5801896218044833,-0.4399999999999995,-0.2262443438914019,0.9347983974884455,0.16259999999999764
1998-11-01,-0.07581396313459665,0.14827406220119244,,0.4706530841557255,0.47469822168562104,0.47815345325339376,-3.206997084548102,-2.734147760325767,0.21504698737289107,-0.09999999999999964,,0.0,,-0.10000000000000853,,0.12202562538132788,0.2293577981651307,0.00421212248851166,0.017823601190070093,,-0.3225806451612967,1.0878839750642522,0.21673809869449112,-0.2400000000000002,0.0,0.8959658325983,-0.4475999999999942
1998-12-01,0.4530380879463447,0.6407625039204445,,0.2078475643852551,0.23527600792541126,0.8882135580343231,7.951807228915664,4.186602870813405,0.2931882850450318,0.0,,0.10000000000000142,,0.10000000000000853,,0.1828153564899626,0.3432494279176135,0.10108668182966518,0.1727210418094538,,-0.6472491909385036,-0.3617962516851314,0.8913213217074611,-0.15000000000000036,2.4943310657596474,0.660255820373612,0.0011999999999972033
1999-01-01,0.43205518919633423,0.30774342493453677,,0.30112236517931823,0.38999225079499045,-0.12870453409643545,-2.4553571428571397,-0.574052812858783,0.08150789607743736,-0.10000000000000053,,-0.20000000000000284,,0.0,,0.18248175182480342,0.11402508551880963,0.14025638867849466,0.14231758716953813,,0.08143322475571146,-0.1471336212520935,0.7206555703967776,-0.04999999999999982,3.539823008849541,0.5987887098617195,-0.0023999999999944066
1999-02-01,0.608149732155816,0.9615175941271925,,0.45452636882770125,0.4130500419263994,1.280478191427381,-4.462242562929064,-0.6928406466512715,0.3273322422258529,0.10000000000000053,,0.10000000000000142,,0.0,,0.0,0.0,-0.05602397826268701,-0.034162339437016076,,-0.4882017900732394,-0.18951912109894664,0.704122412492536,0.1299999999999999,-2.777777777777768,0.4998068927914323,0.1524999999999892
1999-03-01,0.22686221273018337,-0.014820530167702906,,0.0522482418466641,0.11462312607799507,0.49001360396883076,2.39520958083832,-3.1976744186046457,0.09132277527572619,-0.20000000000000018,,-0.10000000000000142,,-0.20000000000000284,,0.06071645415908211,0.05694760820045275,0.0756747666694757,0.030073132390140422,,0.24529844644316512,0.921553241248918,0.6635768531282338,0.04999999999999982,-5.054945054945048,0.14467527183128492,-0.14639999999999986
1999-04-01,0.22986238859665775,0.3985163694955274,,-0.1890398654788128,-0.2882977650946361,0.12527361508671842,-9.1812865497076,-3.9039039039039047,0.2815166024611182,0.09999999999999964,,0.0,,0.09999999999999432,,0.6674757281553312,0.34149117814457064,0.48311208200302325,0.25691132459650934,,0.815660685154973,0.30981568746517585,0.46811283660477265,-0.0699999999999994,0.92592592592593,0.6726710458003105,-0.12989999999999213
1999-05-01,0.6322550732504428,0.8458244111348989,,0.22078982064750452,0.2278681207439348,0.6444191818970602,3.734707018673533,2.499999999999991,0.16952447606828347,-0.09999999999999964,,0.10000000000000142,,0.0,,0.06027727546713546,0.11344299489506326,0.06549883635045273,0.09541334423772696,,0.8899676375404564,-0.5357493893031307,0.7186836460586488,0.0,2.752293577981635,0.6278167671920798,0.20869999999999322
1999-06-01,-0.07843701328035246,-0.24452254960578568,,0.36229992586944704,0.3613497071463856,0.3869829366591082,-3.2278088144009898,3.780487804878052,0.2103824924502895,0.09999999999999964,,-0.10000000000000142,,0.0,,0.0,0.056657223796041656,0.030638961617723837,0.053108190917150466,,0.400962309542896,0.8157648372503878,0.7607353328289213,0.019999999999999574,-5.58035714285714,0.4946634283295337,-0.36469999999999914
1999-07-01,0.5786177951119464,0.4610039916335795,,0.27880654155050255,0.24719529633798754,0.3528675481697441,7.055805003207194,-1.1750881316098694,0.2618450001549366,0.0,,0.10000000000000142,,0.0,,0.42168674698794817,0.28312570781428015,0.2659204187898556,0.17965538830060357,,0.39936102236421966,0.9288724294133299,0.8829949790555736,0.23000000000000043,-1.6548463356973908,0.6097425777698895,0.18120000000000402
1999-08-01,0.4015282897980921,0.49368150127351296,,0.4409079591667364,0.4579849980033579,0.7848574916405671,-1.2582384661473989,-0.6539833531510109,0.11589992427871731,-0.09999999999999964,,0.10000000000000142,,-0.09999999999999432,,0.23995200959807672,0.11293054771317479,0.18190149548023005,0.04890905632692899,,0.9546539379474916,1.117740942803791,0.7269614606919772,0.08000000000000007,0.24038461538462563,0.35260930888576514,0.03810000000000002
1999-09-01,-0.403708999870811,-0.4566341788740824,,-0.05267669933999297,-0.05563495621153658,0.048054452936252545,-0.7888349514563076,-7.181328545780974,0.15358256413422477,0.0,,-0.10000000000000142,,0.0,,0.418910831837227,0.28200789622110367,0.3589843100293866,0.26479454659027457,,0.8668242710795804,0.6432384754653908,0.5210558373497598,0.14999999999999947,-0.9592326139088891,0.3491742796907893,-0.6144000000000034
1999-10-01,1.2222981351874385,1.447532116596273,,0.650021701837411,0.5917768767057296,-0.26186967049163234,-1.6513761467889854,6.318504190844609,0.3136293933159173,-0.10000000000000053,,0.0,,0.0,,0.17878426698449967,0.16872890888637304,0.16849199663016012,0.17064615301269903,,-0.23437499999999778,0.35688506183295665,0.4118018508420418,-0.019999999999999574,-1.4527845036319431,0.5120910384068145,0.7129000000000048
1999-11-01,0.4847386851960289,0.6171231905796493,,0.7947019867549532,0.6854465885083538,1.1214755980103686,2.487562189054726,1.3947847180109108,0.22123553903117266,0.0,,0.0,,0.09999999999999432,,0.17846519928614857,0.16844469399215356,0.08961932468392053,0.09599394291741614,,0.469851213782313,2.1669416407685826,0.5307247368802726,0.21999999999999975,0.7371007371007376,0.41368198741535966,0.12089999999999179
1999-12-01,0.7713127928427044,0.6904422565514157,,0.8872454644541561,0.8178466424190178,1.764022807040444,3.6407766990291357,0.6578947368421018,0.242975181273275,-0.09999999999999964,,0.0,,0.0,,0.23752969121140222,0.16816143497757619,0.2328016089484075,0.12696869006132427,,-0.3897116134060852,0.036749798256008326,0.3783786640047193,-0.1200000000000001,1.7073170731707332,0.5897786161885632,0.36120000000001085
2000-01-01,-0.13680487522828022,0.014100287754326146,,0.9723344103392595,0.8981535862121248,-0.964164369510867,-4.215456674473073,2.614379084967311,0.17433458477018604,0.0,,0.10000000000000142,,0.20000000000000284,,0.2962085308056972,0.3357582540570947,0.2721163228563972,0.24012518886249445,,0.3912363067292812,0.2524071469087952,0.4842395101120278,0.15000000000000036,5.995203836930463,0.5820094414864974,-0.3802000000000021
2000-02-01,0.3123293058620469,0.22459676151207475,,0.45598632041039533,0.41204652922577356,1.165154123998291,6.173594132029336,-2.0266357845975635,0.0831991206845295,0.09999999999999964,,0.0,,0.0,,0.41346721795627595,0.0557724484104849,0.31523690738888277,0.14669071138266876,,1.1691348402182333,1.3064473859837777,0.6932057270773173,0.28000000000000025,-4.751131221719462,0.2700327896958843,-0.007100000000008322
2000-03-01,0.35557191537280985,0.6456618277196347,,0.3255059277914363,0.27820974384300534,0.6622474181948501,-7.656879677605066,-2.4231678486997588,0.3691275167785335,-0.09999999999999964,,-0.10000000000000142,,0.0,,0.588235294117645,0.33444816053511683,0.4290144963178477,0.20560370892963586,,0.7704160246533087,0.9829999071119255,0.7917322788418613,0.11999999999999922,-5.700712589073631,0.6497531365550424,0.030400000000000205
2000-04-01,0.5952225926311616,0.6260381557515959,,0.48617863592166355,0.5376547085322425,-1.7829787504528904,1.3715710723191998,-3.2707450030284635,0.21275949059298416,-0.20000000000000018,,0.20000000000000284,,0.0,,-0.05847953216373547,0.16666666666667052,-0.08298755186720852,0.06571183349426413,,-0.0764525993883991,0.8714498023320916,0.5813215913978098,0.16999999999999993,2.267002518891692,1.216793017774087,0.22930000000000916
2000-05-01,0.2707691245527277,0.025214806647300136,,0.07997946206406148,0.35933704340060935,0.5520463900178685,-3.136531365313655,-3.3813400125234816,0.16757150222923567,0.20000000000000018,,-0.3999999999999986,,-0.20000000000000284,,0.17554125219425565,0.2218524681086853,0.08305647840529673,0.10721417371375441,,0.6885998469778221,1.6040993413704907,0.8264852424701541,0.25,2.4630541871921263,-0.18672373279623455,-0.03490000000000748
2000-06-01,0.03905329645323974,0.12326504976534203,,0.47949327624139393,0.2849280045146507,0.07659185551815995,-1.0158730158730145,1.8794556059624101,-0.031792892017712404,0.0,,0.09999999999999432,,0.0,,0.5841121495327117,0.22136137244050946,0.33875246581867025,0.07630828547331436,,1.6717325227963764,1.0411516843250146,1.6444578313192126,0.2600000000000007,-5.288461538461542,0.38465580662112586,-0.2237999999999971
2000-07-01,-0.19508271119800247,0.08854768986545913,,0.5891421108961792,0.5327832535746868,-1.0592457295739877,-6.157793457344452,-1.9083969465648831,0.1249403693691642,0.0,,0.20000000000000284,,-0.19999999999998863,,0.29036004645761615,0.2208724461623346,0.2508338530791354,0.22875030098723492,,-0.07473841554560545,0.5523035623048012,1.2552219317417679,0.009999999999999787,1.2690355329949332,0.36852464508563276,-0.41259999999999764
2000-08-01,-0.272291950416359,-0.6273862742464664,,0.5271223997735275,0.5471531805347762,0.4524151559077261,5.331510594668498,0.6485084306095956,0.004537616843625081,0.09999999999999964,,-0.3999999999999986,,0.0,,0.0,0.22038567493112282,-0.0067623311107767314,0.12812812812812435,,-0.5983545250560884,0.29666770755674143,1.341551813569808,-0.040000000000000036,-1.0025062656641603,0.563274502440847,-0.47459999999999525
2000-09-01,0.4614698099772996,0.5318076310855346,,0.0980744394705857,0.09200849920236731,0.8373399250664937,-2.20635950681376,1.1597938144329856,0.07789222136516116,-0.19999999999999973,,0.0,,0.0,,0.5211349160393786,0.21990104452995762,0.4301133443341376,0.24259873901975038,,1.3544018058690543,0.13709557784189474,1.05263065481227,0.019999999999999574,-0.7594936708860689,0.7364534063563299,0.1203999999999894
2000-10-01,-0.388581532213661,-0.3278740997599283,,0.2842342167552747,0.25683926862405393,-0.2400035936366951,2.786994027869949,0.44585987261147597,0.011334698534803955,0.0,,0.0,,-0.10000000000000853,,0.1728110599078514,0.1645639056500281,0.1360232721004051,0.1396220895443001,,0.5196733481811489,0.5142384571206415,0.9346017033988074,-0.009999999999999787,-1.0204081632653184,0.3191993245330371,-0.5726999999999975
2000-11-01,0.027964356782006483,-0.2494174016273054,,0.12381864437931434,0.06244487763840123,-0.7223862547199533,0.12911555842478606,2.3462270133164154,0.15413442940037658,0.0,,0.0,,0.10000000000000853,,0.17251293847038163,0.27382256297918683,0.13987330706226597,0.1766080628883948,,-0.2954209748892267,0.16129098042299006,0.9702734535117719,0.0,-0.2577319587628746,0.2299133719259494,-0.2370999999999981
2000-12-01,-0.3263035410896342,-0.5846453334077517,,0.041543886768757865,0.23365874160650169,-0.4192206513146779,-1.2250161186331376,-4.399008674101612,0.12070370258607799,0.0,,-0.8000000000000043,,0.09999999999999432,,0.22962112514350874,0.10922992900055384,0.15310850558041267,0.09808989806603385,,0.8888888888888724,0.4059190645824273,0.942134186221022,-0.10999999999999943,-0.7751937984496249,0.915495842379066,-0.5228000000000037
2001-01-01,-0.4759506830623206,-0.34499173682182027,,0.43940974234171204,0.6083208402122731,1.1139523837409904,4.438642297650142,10.110174983797805,-0.009795352481989372,0.30000000000000027,,0.4000000000000057,2.869496855345921,0.20000000000000284,,0.572737686139746,0.3273322422258529,0.4841023990559412,0.3721115010262954,,2.7900146842878115,0.8024265714290602,0.7502729867594926,-0.41999999999999993,3.125,1.004606985570189,-0.6402999999999963
2001-02-01,-0.6513459989989423,-0.5523162294749917,,0.20480178456392384,0.23533343848469723,-0.31982187787565897,1.5625,-2.5309005297233678,0.06405280965766647,0.0,,-0.20000000000000284,-2.617500955292318,-0.10000000000000853,,0.2277904328018332,0.2718868950516651,0.15480702503603005,0.17679033194364369,,-1.8571428571428572,0.024277006958683955,1.0897084540797186,-0.4900000000000002,-1.2626262626262652,0.765552162031824,-0.7728000000000037
2001-03-01,-0.20503069984249,-0.16468722497668953,,0.29745912335916724,0.36509770916364204,-1.0858478263676363,-2.1538461538461506,0.18115942028984477,-0.02786396361117438,0.09999999999999964,,0.0,-6.572493623700215,0.10000000000000853,,0.05681818181817455,0.16268980477223138,0.009327363820488266,0.10404319768206882,,-1.091703056768556,-0.15329654301624585,0.6770633226580225,-0.1800000000000006,-3.8363171355498715,1.1425950667012241,-0.41319999999998913
2001-04-01,-0.3589921440973143,-0.43410808734964945,,-0.4037273022979959,-0.18124333125176806,1.5278684244876661,3.7106918238993813,0.42194092827003704,-0.22071396825635858,0.10000000000000053,,-0.10000000000000142,-3.086938261234773,-0.29999999999999716,,0.17035775127769437,0.21656740660531693,0.17587102791285503,0.15919167467008943,,0.3679175864606421,-0.26890285438044836,0.7132173581287926,-0.5099999999999998,2.659574468085113,1.295295926816764,-0.526600000000002
2001-05-01,-0.47759037153137784,-0.5917075474489275,,-0.323714746791659,-0.23871648763694742,-0.01478519680382373,-2.66828380836871,-0.06002400960384291,-0.03774781440154529,-0.10000000000000053,,0.0,-4.1170097508125725,-0.20000000000000284,,0.5102040816326481,0.10804970286333315,0.2633433971298338,0.02364376724024453,,0.2932551319648091,-0.4871938227029138,0.4556504206960632,-0.5899999999999999,2.072538860103612,0.02335584577357608,-0.6078000000000117
2001-06-01,-0.5280254107386972,-0.6098898494620308,,-0.13780874459126125,-0.10919912028325429,-0.6937211485296246,1.9314641744548222,-2.3423423423423406,-0.08156606851549286,0.20000000000000018,,-0.10000000000000142,-1.4463276836158223,0.0,,0.2256063169768563,0.37776578521315773,0.17642767128738246,0.22324946157483705,,-0.9502923976608235,-1.1109234269036872,0.6282714805968981,-0.23999999999999977,-3.2994923857867953,0.8406141153120217,-0.6320999999999941
2001-07-01,-0.6404208352618568,-0.6107488244166515,,-0.01544043850845167,0.005452106053938088,-0.33277439320467117,2.0782396088019572,-1.7220172201722006,-0.0967498110355236,0.09999999999999964,,0.30000000000000426,1.9720247649621658,0.09999999999999432,,-0.16882386043892694,0.21505376344086446,-0.03310469027252294,0.2581304541523721,,-1.5498154981549828,-0.7446754918698173,0.2779830787994042,-0.20000000000000018,3.149606299212593,0.5731046060629463,-0.700099999999992
2001-08-01,-0.11477803607502501,-0.35740866997778786,,-0.07238823256890958,-0.13494692358447802,0.9373477540680186,-6.167664670658679,1.0638297872340496,-0.11424507459976141,0.3000000000000007,,-0.30000000000000426,-9.51203058241511,-0.29999999999999716,,0.0,0.16094420600858417,-0.011921635118483653,0.0496634646801164,,0.0,-0.7589941459522964,0.5012082868174117,-0.1200000000000001,1.0178117048346147,0.6216423637758872,-0.2868000000000137
2001-09-01,-0.5065005386753141,-0.4006853533713328,,-0.13135908357719828,0.05132128406857284,-2.9249362885164887,-0.319081046585834,-3.095975232198145,-0.1954234553593781,0.09999999999999964,,-0.09999999999999432,1.1679920477137173,0.29999999999999716,,0.3945885005636862,0.2142474558114671,-0.3404695034709193,-0.568233772680371,,-0.07496251874062887,0.34259824791313953,0.4369751431033242,-0.5800000000000001,45.088161209068,2.126077339638477,-0.5700999999999965
2001-10-01,-0.27414547851513094,-0.4286074082069491,,-0.5667475845527514,-0.21844779610622478,7.739835458059052,-1.4084507042253502,0.06389776357826893,-0.2360298414577744,0.2999999999999998,,-0.10000000000000142,-8.941292065831497,-0.09999999999999432,,-0.28074115665356336,0.16034206306787535,0.35226713812859245,0.7041698415617859,,-2.2505626406601698,-1.345978162883521,0.8591902742880908,-0.5799999999999996,-22.569444444444443,-0.22218488022553995,-0.38060000000000116
2001-11-01,-0.6047102317151998,-0.3454233383771155,,-0.06808609973640856,0.04316697597821495,-2.9245991213280975,4.025974025974022,5.427841634738195,-0.234306058485223,0.20000000000000018,,-0.10000000000000142,1.8343674130024246,0.0,,-0.05630630630630851,0.3735325506937004,-0.06755682721347744,0.20351188457223834,,-0.38372985418265726,-1.0571652609781657,1.5303264777877468,-0.40000000000000036,-10.089686098654704,0.8139970059880319,-0.6113
2001-12-01,-0.04274184381038992,0.18583127200373362,,0.03503956550938714,0.16608630358521115,-1.2765822584223319,-2.122347066167296,1.7565112053301135,-0.12276581467699499,0.20000000000000018,,0.20000000000000284,-2.5960264900662278,0.0,,-0.05633802816901179,0.15948963317384823,-0.1033920547182654,0.02343444863950328,,-1.3097072419106404,-1.217912482109007,0.5388012405506126,-0.2699999999999998,2.493765586034913,0.9763341067285491,-0.17659999999999343
2002-01-01,0.6655112336294788,0.6895802913722715,,0.04573007579515842,0.18669968634990042,0.13226239317885025,8.290816326530614,-0.8928571428571397,-0.09466877381034688,0.0,,0.0,0.5983138428066415,-0.20000000000000284,,0.16910935738443378,0.15923566878979223,0.09022995369079023,0.05596917790386957,,0.31225604996096834,-0.959637190872209,-0.023244871529959354,-0.09000000000000008,6.326034063260333,0.35844929321151575,0.3609000000000009
2002-02-01,0.011523132122870372,0.048749912946566276,,0.023340854275266665,0.012156832001530837,0.45589489410542416,7.714958775029457,7.3273273273273265,-0.09323011791317892,0.0,,0.0,-7.110029737766965,0.29999999999999716,,0.16882386043894915,0.2119766825649183,0.1683657912529446,0.1912294623460209,,-0.07782101167315147,0.46252126819996686,0.7757596128589839,0.010000000000000009,-2.7459954233409634,0.5275111729796889,-0.10290000000000532
2002-03-01,0.7238404207491778,0.7484068566911972,,-0.006806160547589979,-0.06296021777576488,-0.5623356396966872,-10.224166211044283,-5.372132064913259,-0.011473416094909261,0.0,,0.29999999999999716,5.122235157159483,-0.20000000000000284,,0.2808988764045006,0.052882072977267214,0.27131475158157503,0.11945259549714926,,1.0903426791277315,-0.43280592786614225,0.6793625335157039,-0.010000000000000009,-5.176470588235304,0.20771080825012778,0.44259999999999877
2002-04-01,0.48828847823112476,0.34345266883450964,,-0.03986736807304325,0.12466041087708657,0.652172517604166,-3.0450669914738104,-1.3010053222945017,-0.0810881106470207,0.20000000000000018,,0.10000000000000142,-3.9036544850498345,0.10000000000000853,,0.4481792717086819,0.26427061310783095,0.4184100418409997,0.27882246141874845,,0.7704160246533087,-1.1446544372971879,0.4891385073992449,0.020000000000000018,1.488833746898277,0.027273719044318412,0.28940000000000055
2002-05-01,0.4017677782241824,0.5259650837368346,,0.2714007782101069,0.27624069199876367,-0.8864626314547541,10.80402010050252,2.8160575194727366,0.012249647822626386,-0.10000000000000053,,0.0,-0.4033419763756818,0.0,,0.1115448968209698,0.1581444385872599,0.06572029442690752,0.1112188813449766,,0.0,-0.9697181232579011,0.5596762142845435,0.0,-1.4669926650366816,0.5235126242888022,0.2442000000000064
2002-06-01,0.8248855097594765,1.0230054707592862,,0.3094713763230006,0.24489771416293937,0.46714238834588695,-2.6643990929705264,2.447552447552437,0.03215138710270793,0.0,,0.10000000000000142,-1.3017066820943057,-0.10000000000000853,,0.055710306406675514,0.10526315789474161,0.12478654932353006,0.1588921471108895,,0.0764525993883769,-0.6924885531470526,0.6563719927691558,0.0,-4.218362282878396,0.455687962243001,0.5795999999999992
2002-07-01,-0.032191881251653065,-0.12729157644711941,,-0.35687344049207814,-0.29918425465094156,1.1067062040873932,-3.6109493302271423,-1.1376564277588153,-0.06887368566049767,0.0,,-0.30000000000000426,-1.3188745603751495,-0.09999999999999432,,0.22271714922048602,0.1577287066246047,0.2204001311905568,0.2037815667964793,,0.22918258212374365,-0.7396381897392335,0.6242496228870076,-0.020000000000000018,2.072538860103612,0.7614350260112035,-0.04619999999999891
2002-08-01,-0.11105364210730606,0.09964172776564251,,-0.024265012763391436,-0.0019186832027284773,0.32749086256151916,-1.3293051359516639,-2.474108170310707,-0.0022973718066476856,-0.09999999999999964,,0.10000000000000142,4.455004455004463,0.09999999999999432,,0.2777777777777768,0.31496062992124596,0.19635306899847826,0.1969314729959315,,0.22865853658537993,-0.4296687374140795,0.42742580824350895,0.010000000000000009,1.0152284263959421,0.7306702872659665,-0.0910999999999973
2002-09-01,0.08490089007928692,0.08225933129288876,,0.016504213428603087,0.05725293685125976,-1.8486715829881817,10.471524800979793,6.371681415929209,-0.060498847458667626,0.0,,0.0,-6.141597952800682,0.10000000000000853,,0.16620498614958734,0.10465724751440586,0.18029081692643167,0.16314471064293734,,0.6083650190114254,-0.6201103657007878,0.16181257275320604,0.010000000000000009,-2.2613065326633097,0.4327392036889144,0.0677999999999912
2002-10-01,-0.2082664575177251,-0.2642813579995962,,0.19413517632327348,0.16974290773710266,0.4451420337587386,-8.64745011086474,-0.2218524681087075,0.08812125484667366,0.0,,-0.20000000000000284,5.392305362011518,-0.10000000000000853,,0.22123893805308104,0.1045478306325176,0.18257456214707535,0.08464577027651465,,0.680272108843516,-0.32438626437484297,0.3332174079551997,0.0,-0.5141388174807138,0.7840505747938487,-0.14419999999999789
2002-11-01,0.5602209932537017,0.5480451849611434,,0.22088528497108406,0.21796380670495719,0.0,6.371359223300965,-1.5564202334630295,-0.000765597127483364,0.20000000000000018,,0.10000000000000142,1.0060362173038184,-0.19999999999998863,,0.16556291390728006,0.2088772845953102,0.09893128181097666,0.09738845177991173,,-0.07507507507507061,-0.26074597412347744,0.41017932543079283,-0.4099999999999999,1.2919896640826822,0.8883359907486899,0.44480000000000075
2002-12-01,-0.5561106769072954,-0.6936111265513301,,0.14789896470726038,0.22175035444760294,0.9753567128621521,1.996577296063884,7.05815923207227,-0.11560605132602264,0.09999999999999964,,0.10000000000000142,-9.817871371656228,-0.10000000000000853,,0.16528925619836432,0.10422094841062712,0.09623262285913814,0.09345315820465938,,-0.15026296018030294,-0.31219978288089534,0.35279633770586294,-0.10000000000000009,2.8061224489795755,0.36470996873914086,-0.39279999999999404
2003-01-01,0.8521508823282398,0.8942515691656494,,-0.34651840698057823,-0.27849719410368845,0.26066936849515887,3.6353467561521358,-4.641350210970463,0.08278082244279616,-0.20000000000000018,,-0.20000000000000284,8.583149258441146,0.10000000000000853,,0.44004400440043057,0.1561686621551317,0.2988138389782957,0.06778620486780351,,1.8058690744920947,-0.7989968295931127,0.5298430762213036,0.0,6.451612903225801,0.5554594220453346,0.6755999999999887
2003-02-01,0.11881261912773944,-0.12009124323806297,,-0.3787181697548325,-0.35388235998025097,-1.9097683480725158,-12.088505126821369,2.5442477876106206,-0.1010928752498641,0.10000000000000053,,0.0,-6.160999709386806,0.0,,0.5476451259583737,0.05197505197505059,0.42097900286266476,0.13803680981596678,,1.6999260901699786,-0.9296071722146193,0.5469883803996822,0.020000000000000018,-2.33100233100233,0.6143415188174295,0.11790000000000589
2003-03-01,-0.26285107477734826,0.1478985446478287,,0.13028429199237745,0.14768484060019293,1.057634638824223,5.954573357888271,-5.231930960086295,-0.1579258055366073,0.0,,0.10000000000000142,-4.026014245896558,-0.10000000000000853,,0.16339869281045694,0.0,0.2566880788380743,0.16082095267269114,,2.6162790697674465,-0.3769978009701025,0.39141355114722387,-0.010000000000000009,-3.1026252983293534,0.3335157693097113,-0.17360000000000753
2003-04-01,-0.5956902191332047,-0.6695629951443904,,0.4117064455362751,0.4119151447806946,0.6872874163226017,-4.80880648899189,2.6180990324416564,-0.04760625023995102,0.09999999999999964,,-0.29999999999999716,0.2904162633107443,0.10000000000000853,,-0.38064165307233333,0.0,-0.1698295271791439,0.11086474501109667,,-3.116147308781858,-0.2566303459812125,0.6441923595004395,0.010000000000000009,1.4778325123152802,0.6579956701839196,-0.42439999999999145
2003-05-01,-0.027274222988304953,0.061528490318574214,,0.7378396673435761,0.7361515974540156,0.359994929648888,6.573341448569692,1.77481974486966,0.01843700306514151,0.09999999999999964,,0.10000000000000142,5.823680823680832,0.0,,-0.16375545851528006,0.2077922077922123,-0.11470106839533978,0.14383727294713378,,-0.07309941520469154,-1.224699130867657,0.6654451846472176,0.0,1.4563106796116276,1.0516689529035173,0.007099999999994111
2003-06-01,0.1277930569822061,0.4694953827301118,,0.3139009148243943,0.32552024912784194,1.2883017152095277,6.6247858366647705,2.1798365122615904,-0.00844873537793056,0.20000000000000018,,0.09999999999999432,3.07084220127698,0.09999999999999432,,0.10934937124111865,0.051840331778119086,0.10838150289016468,0.05592698985688038,,0.9509875640087762,-0.7196801883211368,0.2843843581727512,-0.040000000000000036,0.4784688995215447,0.6184012066364986,0.12120000000000175
2003-07-01,0.5138291523584027,0.3863867286831191,,0.0679425837320613,0.09023056387209571,0.5343292515649578,1.6068559185859588,0.5333333333333412,-0.00153626349991276,-0.09999999999999964,,-0.19999999999999574,-12.064896755162247,-0.29999999999999716,,0.3276897870016393,0.2072538860103723,0.2938598752384447,0.2502604232831107,,-0.21739130434783593,0.46450152951342805,0.3342391966833391,-0.20999999999999996,3.809523809523818,0.7744965772248147,0.4057999999999993
2003-08-01,-0.21817742829391973,-0.3813195718372464,,0.1530060915550191,0.15795789877215416,0.7038977952804837,-3.3737480231945227,4.297082228116711,-0.023812450070670454,-0.10000000000000053,,0.10000000000000142,7.011070110701101,-0.10000000000000853,,0.4354926510615087,0.10341261633919352,0.33797676570370694,0.1127795729582548,,0.21786492374729072,-1.286071986563364,0.44410117859075005,0.020000000000000018,5.733944954128445,0.9354753404733573,-0.15370000000000061
2003-09-01,0.6447447582867083,0.8845847254226324,,0.17377853739579674,0.14580716210870204,-0.5468653775095422,5.782869612656838,-0.254323499491349,0.07606432429525523,0.0,,0.29999999999999716,-3.103448275862064,0.0,,0.3252032520325132,0.05165289256197081,0.31250400235658393,0.13923345653383823,,0.36231884057971175,-1.0632901707002929,0.3887733820974404,-0.020000000000000018,-3.6876355748373113,-0.44211560504339165,0.49980000000000757
2003-10-01,0.1231614573486528,0.07448130249447793,,0.5375882874381732,0.382806710850514,-0.1318950783939732,1.4440433212996373,2.6007139214686337,0.1435678530847806,-0.09999999999999964,,0.10000000000000142,6.923325784535739,0.0,,-0.10804970286331095,0.15487867836860847,0.012767641688915532,0.1845438228379237,,0.5776173285198638,-1.4143447234280293,0.40855318787365036,0.0,-2.9279279279279202,-0.1611842105263217,0.10539999999998884
2003-11-01,0.6704970388109022,0.9142516910312537,,0.6958863069673971,0.5773576434545458,0.357765115111075,5.897305541433662,-4.671968190854869,0.0314323170217401,-0.20000000000000018,,0.29999999999999716,0.5748865355521993,0.0,,0.05408328826392861,0.0,0.12638351652560775,0.13626040878120804,,-0.2871500358937573,-0.582792106974861,0.04381467668452821,-0.010000000000000009,-1.1600928074245953,0.08731178544365559,0.525100000000009
2003-12-01,0.029598982575618216,-0.11094805001853336,,-0.08756155200497773,0.03727217846409836,0.1532226176354401,-1.2481997119539123,3.5974973931178322,0.08353770692826057,-0.09999999999999964,,-0.19999999999999574,2.707581227436817,-0.19999999999998863,,0.2702702702702675,0.10309278350515427,0.2205732354141121,0.12473540973692021,,0.4319654427645814,0.17940993009304407,0.5304200310986218,-0.020000000000000018,0.9389671361502261,-0.03291910130853726,0.03539999999999566
2004-01-01,0.1521782957331519,-0.09790965560413367,,-0.31851335305979056,-0.19410890087149246,-0.0024675516952066268,-7.097715119105496,-1.7614494212380483,0.1278821340235492,0.0,,0.19999999999999574,0.29291154071471315,0.19999999999998863,,0.43126684636118906,0.2059732234809486,0.3867438458113437,0.2567103325908926,,1.3620071684587787,-0.8414166527186961,0.5238546224729079,0.020000000000000018,5.813953488372103,0.1284267720424781,0.13170000000000925
2004-02-01,0.6032428360854825,0.7326321201345465,,0.01985252410663385,0.13159009632290886,0.42134484885874013,-3.401360544217691,0.7172131147541005,0.0497109119275585,-0.10000000000000053,,0.10000000000000142,3.1542056074766345,-0.09999999999999432,,0.21470746108425143,0.15416238437822027,0.21290347108693375,0.16191587905258764,,0.4950495049504955,-0.22086140513140062,0.3398704012919973,0.010000000000000009,-3.516483516483515,0.6478877871507693,0.48329999999999984
2004-03-01,-0.4000731513156497,-0.04901856538290783,,0.3695617243693272,0.36164215662457533,1.6101189927695048,8.234019501625145,5.086469989827069,0.24384464267970252,0.20000000000000018,,-0.10000000000000142,-0.19818799546998944,0.0,,0.2142474558114671,0.307850179579261,0.15428000556418908,0.16791979949875024,,0.703729767769179,-0.5481484904441447,0.6862827765127255,-0.010000000000000009,0.6833712984054774,0.5816328197755238,-0.29180000000000916
2004-04-01,0.3714380452357391,0.2891492437757881,,0.33900858821755975,0.3225703903634969,-0.8415757780948496,0.25025025025025016,0.1936108422071703,0.2074119261857632,-0.20000000000000018,,-0.19999999999999574,-0.3971631205673787,-0.09999999999999432,,0.16034206306787535,0.2046035805626678,0.18560840414652002,0.2602146771086167,,1.1879804332634691,-0.5491800196002705,0.14200128669188405,0.0,4.2986425339366585,0.6854766661793521,0.30859999999999843
2004-05-01,0.7223716776067812,0.7167580514618965,,0.6156618364741906,0.5273341036490464,0.78286954613076,-1.0983524712930626,3.864734299516903,0.21687517121724564,0.0,,0.3999999999999986,5.667900882939336,0.09999999999999432,,0.4268943436499306,0.15313935681469104,0.3251581680235871,0.13725636994335044,,1.3812154696132506,-0.23631232500495036,0.38448137010738126,0.0,0.433839479392617,1.2696620150036253,0.5816000000000088
2004-06-01,-0.7802242062877385,-0.7690573938833434,,0.1287217371838123,0.0999245485654443,-0.9982092730616565,-7.7233720343260925,-6.04651162790698,0.07365391770504104,0.0,,-0.30000000000000426,-10.05390835579515,0.09999999999999432,,0.37194473963868546,0.20387359836901986,0.2851615496708648,0.15825150775059527,,0.27247956403269047,0.7358057876124313,0.33714296532108,0.030000000000000027,-1.295896328293722,0.03345440642326114,-0.5953999999999979
2004-07-01,0.747165423006102,0.8845518652645046,,0.5049093585228981,0.35347090187030084,0.7192354228028774,9.518599562363228,4.5544554455445585,0.04552559297084091,-0.09999999999999964,,0.0,14.294276296074315,0.0,,0.10587612493382359,0.10172939979655737,0.09269581991957487,0.11819007452193997,,0.13586956521740579,1.0608657787875453,0.4278014710608735,0.22999999999999998,2.4070021881837933,0.20702944595736295,0.5924999999999869
2004-08-01,0.06711918678907747,0.43124399004319525,,0.2595283998220399,0.3988086472705321,-0.2093154474800185,1.098901098901095,-2.651515151515149,0.06446524185841351,-0.09999999999999964,,0.0,-7.15783953854221,-0.09999999999999432,,0.052882072977267214,0.050813008130079496,0.051310931731429754,0.038521758580389864,,0.407055630936215,0.5380162878310779,0.29676481366758267,0.16999999999999993,-2.1367521367521403,0.4036679751442174,0.05730000000001212
2004-09-01,0.12709913839601406,0.10192697503155213,,0.1627098587382525,0.12282823513658503,1.6871557290336625,-5.8794466403162104,-0.7295719844357951,0.1136889016894127,0.0,,-0.09999999999999432,7.907370799209268,-0.20000000000000284,,0.3171247357294016,0.3047232097511454,0.19763340254672634,0.1875659896900972,,-0.20270270270270618,0.4381555854955588,0.779738086963877,0.18000000000000016,1.5283842794759916,0.5476676638650257,0.09420000000000073
2004-10-01,0.8531500308810669,1.0146738413818746,,0.07476186960053699,0.053209922652297514,-0.2014911541198039,8.766404199475076,2.7437530622244077,0.25740220608831965,0.09999999999999964,,-0.10000000000000142,3.192881444647999,0.10000000000000853,,0.5268703898840821,0.20253164556962577,0.4294417257565186,0.21697083911922377,,1.5572105619499066,0.30777387832636727,0.7671251089566455,0.1499999999999999,-1.7204301075268713,0.43448829557797275,0.6525999999999925
2004-11-01,0.24834340774118058,-0.00942737502512836,,-0.30896933364076284,-0.2646173844998323,0.16954635864745438,-13.996138996138995,-0.8583690987124415,0.05587899931283058,-0.09999999999999964,,-0.10000000000000142,-11.945219376109561,0.09999999999999432,,0.4716981132075304,0.20212228398182042,0.3853420843277666,0.2152639457633665,,0.9333333333333416,0.9401390119693209,0.32282572543322896,0.16999999999999993,-0.2188183807439903,0.41379958933527305,0.16610000000000014
2004-12-01,0.7967816436364572,0.8409804151130018,,3.7718567860116625,3.3790379598896525,1.2954622934347793,14.590347923681257,0.1443001443001357,0.09584688648558437,0.0,,0.10000000000000142,17.338709677419352,-0.09999999999999432,,0.0,0.1512859304084735,0.053245498897958043,0.12838713659650836,,-0.79260237780715,0.9539350335216579,0.3892311027789308,0.2300000000000002,2.631578947368407,0.28097341679285126,0.5883000000000038
2005-01-01,0.3596531168715611,0.6369053734716967,,-3.3405547086041376,-2.7297754058090207,-0.996073568919198,4.995102840352605,2.737752161383278,0.11385056171304697,-0.10000000000000053,,0.10000000000000142,-6.627393225331368,-0.10000000000000853,,-0.052164840897228615,0.20140986908359082,0.13118649521663972,0.36000937010689515,,0.46604527296938425,1.6314354306305123,0.206703976132383,0.11999999999999966,7.692307692307687,0.08716903008887389,0.23149999999999693
2005-02-01,0.7259066271311676,0.9255752175346688,,-0.04888396974727094,0.07053206267713108,0.8355300039361246,2.938432835820892,-1.1687704534829368,0.1905393090879004,0.10000000000000053,,0.0,4.232386961093582,0.10000000000000853,,0.41753653444676075,0.20100502512563345,0.2780970744187927,0.16584562843209305,,0.46388336646785433,1.1179719568628732,0.6728528094124941,0.2200000000000002,-7.539682539682535,0.12130826295899677,0.5090000000000003
2005-03-01,-0.1351265996452522,-0.47644818499542607,,0.37926675094814843,0.33346759670020987,-0.09581319974686364,-15.541458994109647,-2.4597918637653704,0.0902025046228827,-0.20000000000000018,,-0.30000000000000426,1.9924337957124783,0.0,,0.36382536382535413,0.35105315947843163,0.299511906522687,0.246516875981162,,1.385224274406327,1.5278038837617247,0.3906963880692116,0.1299999999999999,-1.5021459227467893,0.13824813209688536,-0.1945999999999941
2005-04-01,0.21525087717841895,0.43248242881319676,,0.29233852433396823,0.33919300328026925,0.5902307050208,10.56866952789699,4.267701260911738,0.2748696997461497,0.0,,0.0,2.8437190900098885,0.19999999999998863,,0.31071983428274663,0.04997501249375258,0.28018433179721747,0.11500299741855624,,0.8458035133376729,1.3670566581630794,0.5556343798143626,0.16000000000000014,1.3071895424836555,0.22957838240311723,0.0782999999999987
2005-05-01,0.09001253967795275,0.2551335377640074,,0.4977267727505952,0.4428546214849227,-0.5232058570806442,-1.7467248908296984,-3.023255813953485,0.1265727980826803,-0.10000000000000053,,0.0,-8.7040153883145,0.0,,-0.05162622612286949,0.14985014985016143,0.05637047657562899,0.20530116948342947,,-0.4516129032257954,1.0234498210128562,0.006097999665310994,0.20999999999999996,-0.43010752688172893,0.2971492246262475,-0.0327000000000055
2005-06-01,0.44976131949281406,0.28486893707140304,,0.29733945037806464,0.261142362849931,2.998373021742351,2.123456790123446,4.460431654676267,0.1937332166445982,-0.09999999999999964,,0.0,6.979194100605746,0.0,,0.05165289256197081,0.04987531172069293,0.062462491885995064,0.06951304284199544,,0.0,0.6577734881601627,0.6790927310256656,0.040000000000000036,-0.647948164146861,0.5030398419899385,0.24729999999999563
2005-07-01,-0.31664425013351316,-0.3526085280330271,,0.300095484927021,0.14995953917462668,0.0654822422498258,-0.6769825918762074,1.1478420569329684,0.2627885448084344,0.0,,0.10000000000000142,4.775972427375685,0.0,,0.6195147134744561,0.14955134596212893,0.4235006119950979,0.1462415911085202,,1.2961762799740706,1.5360788355120558,0.4180696787661864,0.21999999999999975,2.3913043478260843,0.48977461155808033,-0.37649999999999295
2005-08-01,0.32590876619220666,0.5415425021465525,,-0.0063466158937486306,0.17624886983840238,-1.7605492316611793,1.9961051606621316,0.7262823422605535,0.15040953090097453,-0.09999999999999964,,0.0,-2.67857142857143,0.10000000000000853,,0.6157003591585442,0.09955201592830587,0.40343222094920694,0.08153232087226847,,0.8317338451695244,0.5947349710769823,0.43477784333401104,0.2400000000000002,-3.397027600849256,0.4828039296572939,0.13700000000000045
2005-09-01,-1.9373698979145648,-1.1471791229073047,,-0.27473523864789406,-0.32015102142386453,-1.0657940867126348,2.673031026252981,1.9828751689950463,0.03717416841384491,0.09999999999999964,,0.20000000000000284,5.070014485755681,-0.10000000000000853,,1.37684854665987,0.09945300845350946,0.9650752030299747,0.22129542939823832,,2.918781725888331,0.5178988996995759,0.202395640266273,0.1200000000000001,1.318681318681314,0.5093740021591353,-1.685299999999998
2005-10-01,1.2137396970635095,1.5088022782965282,,0.753739146247212,0.5833864585486292,-0.10512887145928129,-3.998140399814043,-4.109589041095896,0.06614543076282065,0.0,,0.29999999999999716,-3.860294117647056,0.0,,0.15090543259557165,0.3477396920019915,0.15990958495648577,0.28753412192903394,,2.4660912453760897,1.3759295599515164,0.22934423640774693,0.1599999999999997,-2.819956616052066,0.5113309733442373,0.8288000000000011
2005-11-01,1.1240218459586115,0.9690229069085232,,0.6957604634793446,0.657332896973406,1.3899892395558666,3.970944309927371,2.211981566820276,0.2644068300146296,0.0,,-0.10000000000000142,1.5296367112810794,-0.09999999999999432,,-0.5022601707684538,0.24752475247524774,-0.20887101614549541,0.2552563451162504,,-1.5042117930204602,0.8122871852021207,0.29945541175928625,0.2200000000000002,-0.22321428571426827,0.2498494882600788,0.7652999999999963
2005-12-01,0.5164986354512013,0.15301224891315357,,0.43195770040775905,0.3482148560142395,0.05131524470958215,-7.126222636236612,-4.4183949504057685,0.12000266672593796,-0.09999999999999964,,-0.10000000000000142,0.8003766478342778,0.0,,0.0,0.1481481481481639,0.0,0.10377324339652105,,-0.42761148442271857,1.2983200465323197,0.3182109402766198,0.16000000000000014,1.5659955257270708,0.40236615319939606,0.28489999999999327
2006-01-01,0.15778436884212876,0.7876557365199766,,0.9208776892394521,1.2190612080511753,2.254964243459212,13.99197592778334,4.339622641509444,0.19828498287202123,-0.20000000000000018,,0.20000000000000284,2.6856609061186365,0.0,,0.6057546693589266,0.19723865877709912,0.4847770386498418,0.22420713846598161,,0.7975460122699563,1.1936294598254182,3.341132748673359,0.1299999999999999,3.7444933920704804,0.6130932798995126,-0.0030999999999892225
2006-02-01,0.042158902402134046,-0.28568228750168734,,0.7055765302964812,0.5195418647977457,-0.8053760131322418,-6.775186977562697,-3.2097649186256794,0.2259519888943906,0.09999999999999964,,0.0,-1.6374801000682337,0.09999999999999432,,0.050175614651282174,0.19685039370078705,0.05985586707208945,0.16116423116243617,,-1.5216068167985375,0.9155395392004495,0.31705730487738837,0.20000000000000018,-5.307855626326963,0.3671006479995409,-0.09670000000001266
2006-03-01,0.22546525748337043,-0.06325085763039251,,0.4556748641316277,0.4282859332952027,0.23386369251807704,-7.078810759792353,-1.0742643624474524,0.2247058563503268,-0.09999999999999964,,0.10000000000000142,9.410404624277447,0.10000000000000853,,0.15045135406217547,0.34381139489194634,0.1938169984685878,0.27618006940526296,,0.24721878862792313,0.9742910357456891,0.4560283548307842,0.09999999999999964,-4.260089686098656,0.20435059454175786,0.04980000000000473
2006-04-01,0.30366798425394137,0.3662393381468565,,0.10750244721018376,0.0522710821950545,-0.00802568218298827,-7.516505840528187,-5.6657223796034,0.12643526073596867,0.0,0.09999999999999432,0.10000000000000142,1.2256973795435444,-0.10000000000000853,0.6487025948104019,0.5007511266900355,0.24473813020069457,0.4644997970052467,0.3053563089008282,,1.2946979038224615,1.5527676519997424,0.4976389779648205,0.20000000000000018,4.683840749414525,0.5822459324062779,0.1103999999999985
2006-05-01,0.025414684625046924,-0.2138340934249805,,-0.14667493168265544,-0.07620413357414257,-0.6352263997339791,6.64470071389347,-4.654654654654655,0.028632259011818206,-0.10000000000000053,0.0,0.0,-6.826722338204593,0.0,-0.1983143282102251,0.2989536621823774,0.29296875,0.2686159148986844,0.2507043598682035,,0.9129640900791269,1.6665892541897653,0.3954175547818961,0.15000000000000036,1.7897091722594904,0.13810734172752248,-0.1191999999999922
2006-06-01,0.3166411740827879,0.3312327370159629,,0.08918344685278079,0.12318478827946233,0.2971416702246765,-7.2090628218331565,-1.9947506561679762,0.06458763000094514,0.0,0.10000000000000142,0.0,3.3833744118306086,0.10000000000000853,0.44709388971684305,0.24838549428713996,0.24342745861734016,0.24655942912008566,0.2524590944816385,,0.1809408926417344,1.4015929396866467,-0.47143784227684504,0.04999999999999982,-0.879120879120876,0.561937878721186,0.10799999999998988
2006-07-01,-0.05126150735067503,-0.264307585745438,,-0.1458859294331316,-0.08174756462876465,-0.22435325858726207,-3.607103218645946,-5.570433851098022,0.14082750830661794,0.10000000000000053,-0.10000000000000142,0.19999999999999574,-4.76809709579541,-0.10000000000000853,0.34619188921860555,0.5450941526263575,0.19426906265178623,0.34173278624556325,0.09740336873114153,,0.4214328717640159,1.1073420590276273,0.3041167842644521,0.25,-0.44345898004435336,0.6142398599358057,-0.19579999999999131
2006-08-01,0.43887413186818325,0.7999425520843095,,-0.14084999912515883,-0.09568003086705135,-0.05419647953506246,-5.008635578583764,-2.3255813953488413,0.1193885548125273,0.0,0.0,-0.29999999999999716,7.191624943104236,0.10000000000000853,0.14785608674223738,0.44356826022671214,0.2423654871546388,0.31464328643144857,0.2041106944510318,,0.659472422062346,1.8671479743504582,0.5256869852545476,0.009999999999999787,-4.899777282850771,0.4393787793100401,0.18970000000000198
2006-09-01,-0.16615804011917978,0.12315739651900248,,0.6316527224144775,0.5902643443500777,-0.08883812424645976,4.2424242424242475,-3.890824622531941,0.0980306089602978,-0.20000000000000018,0.10000000000000142,0.0,0.5732484076433231,-0.10000000000000853,0.3937007874015741,-0.4906771344455385,0.19342359767891004,-0.26196769456681146,0.1575082899099911,,-1.4889815366289416,-0.08564873360864533,0.4587098180753202,0.0,-0.23419203747072626,0.3811503811503858,-0.3048000000000002
2006-10-01,-0.11468178573332821,-0.47603870299921525,,0.6616405202583886,0.5343630039331693,0.3874245792315101,-13.313953488372087,-5.135951661631422,0.012424539195765583,-0.09999999999999964,-0.10000000000000142,0.0,-3.082119484906054,0.10000000000000853,0.09803921568629637,-0.4437869822485285,0.19305019305020377,-0.23556571105509683,0.18090880068106774,,-1.93470374848852,0.9037311027736195,0.10658545816482068,0.0,-2.1126760563380254,0.7090668507651721,-0.2687999999999988
2006-11-01,-0.04203442589240103,0.1127234514725961,,0.5388061508657227,0.5043416333146533,0.25824485523333607,5.2984574111334615,-2.2292993630573243,0.15857588623457985,0.09999999999999964,0.0,-0.10000000000000142,1.176214332389458,0.09999999999999432,0.342801175318308,0.04952947003467045,0.09633911368016612,0.0342376803381228,0.04721100960745073,,1.479654747225645,0.7591830465878635,0.467161054335441,0.0,0.9592326139088669,0.5027063309578583,-0.21410000000000196
2006-12-01,1.0193348910427114,1.5302758468217714,,0.504090357766529,0.5861483687366276,0.6591515360123923,5.031847133757972,6.710097719869701,0.13789581205312373,-0.09999999999999964,0.20000000000000284,0.10000000000000142,-0.5382131324004336,0.10000000000000853,0.43923865300146137,0.544554455445545,0.14436958614050255,0.3552418831360482,0.13448788429322178,,0.6075334143377908,1.0481613366156717,0.6541692546870648,-0.009999999999999787,2.8503562945368044,0.5968198030494642,0.6321999999999974
2007-01-01,-0.3383130268983403,-0.34175533324275476,,-0.14379252792399155,0.17902972449661547,-0.32656271371905854,-14.554275318374776,-0.73260073260073,0.16247841514327455,0.1999999999999993,-0.20000000000000284,-0.10000000000000142,3.0952380952380842,0.0,0.04859086491739717,0.1659281142294633,0.24026910139356428,0.33399190892842157,0.4052780395852995,,-0.9661835748792202,0.804929403053456,0.05006195873620278,0.009999999999999787,3.002309468822184,0.5127625612701747,-0.4532999999999987
2007-02-01,0.9422584955516511,0.3261048214786344,-0.025042482783288467,0.4028559918400232,0.4354608785120062,-0.17553790646746004,5.03903477643719,-1.7220172201722006,0.06401303538174918,-0.09999999999999964,0.0,-0.10000000000000142,-1.3436909510812556,-0.10000000000000853,0.4371053909664857,0.3878350545869269,0.2564717162032659,0.31060996764968873,0.21590162395568324,,1.7073170731707332,1.0548245728083439,0.4924576076253073,0.009999999999999787,-4.484304932735428,0.22907414694472994,0.5765999999999991
2007-03-01,0.17801981239451425,0.8779005168145337,0.11182480184646071,0.4422172328128582,0.3764807885762833,0.28295834669844755,1.0135135135135087,-0.12515644555695093,0.16283803431229593,-0.09999999999999964,0.10000000000000142,0.3999999999999986,5.596935518195356,-0.09999999999999432,0.19342359767891004,0.5200121434097538,0.13531929136683107,0.3657353851906464,0.1006931434994307,,1.4988009592326046,0.8955836383978566,0.582306449903669,0.0,-4.460093896713612,0.45990549502936684,-0.028599999999997294
2007-04-01,0.672281726358448,0.646151700446973,0.09650870812369927,0.30597934639411406,0.15902274615267054,-0.5357612035778336,-0.33444816053511683,-7.8947368421052655,0.04572374150844105,0.09999999999999964,0.0,0.0,-5.5018137847642095,-0.29999999999999716,0.33783783783782884,0.3000662483924943,0.15710206381496228,0.23517358604792094,0.14270007251970807,,1.2404016538688722,0.9005173526117849,0.37419360177759486,-0.009999999999999787,4.422604422604426,1.049590352701446,0.38049999999999784
2007-05-01,0.09563785133628322,0.016989740664441477,0.1473017006650812,0.08473499131467221,0.05197067443702963,0.8447226369587613,-5.033557046979864,1.56462585034014,0.10518908645091862,-0.09999999999999964,0.0,-0.19999999999999574,-0.6824482832160417,0.09999999999999432,0.240500240500241,0.41329940166290324,0.14827387280866855,0.2903735365173743,0.11796860399924114,,1.1085180863477317,1.474968175202429,0.6530896088231763,0.0,3.7647058823529367,0.23757234215944223,-0.06929999999999836
2007-06-01,0.0577014192386649,0.4439357877914718,0.004457122481715814,-0.03132540320874844,-0.03947980624225966,-1.0141733718275092,2.3321554770318054,-5.760214333556601,0.056525015942954226,0.1999999999999993,0.10000000000000142,0.29999999999999716,4.337556366759721,0.0,0.527831094049902,0.23167517109623503,0.159003703738958,0.21193801681604896,0.16566142072167445,,0.2885170225043199,1.5401774217925102,0.36274588617573045,0.0,-0.45351473922903285,0.46161689931238925,-0.080600000000004
2007-07-01,-0.11995366900057203,0.07473304901390865,0.30396220528592366,0.03556970815901117,0.06917678967470753,0.24736811827648086,-6.491712707182318,-3.269367448471927,-0.01883102773955203,0.10000000000000053,-0.10000000000000142,-0.10000000000000142,-5.371475612265897,0.0,-0.04773269689736237,0.17805958481715844,0.18109053576180756,0.1525500121346557,0.15024633410591903,,0.7479861910241636,1.4601980867101405,0.5774486326389328,0.009999999999999787,-2.277904328018221,0.42794831701093994,-0.19830000000000325
2007-08-01,0.19258915363067342,-0.23158441313224642,0.4221246645219834,-0.11344395529969686,-0.006429421729681195,0.4963847124985543,-1.7725258493353047,-2.9390154298310045,-0.02245660803801286,-0.10000000000000053,0.0,0.0,-1.1309264897781612,-0.20000000000000284,0.2865329512893977,0.030828070885302594,0.1641576482756424,0.06808137455140972,0.14885798018329233,,-1.5419760137064475,1.9712327149602915,0.7538241982619542,-0.2400000000000002,4.66200466200466,1.0270698462126804,0.08270000000000266
2007-09-01,0.22225930907198155,0.32419481212597745,0.08407005247741406,0.08221314393233037,0.13573693666995013,-0.01084939329050183,-11.05263157894737,-4.542013626040875,0.062312970517264255,0.10000000000000053,0.0,0.0,2.3317201935767695,0.20000000000000284,0.19047619047618536,0.42375533907650365,0.20604493200517826,0.38514760147601024,0.2728877328254997,,0.6380510440835208,3.2510404081906197,0.5573673433510784,-0.07999999999999918,-4.899777282850771,0.22711910233879085,0.13049999999999784
2007-10-01,-0.2820077304793611,-0.11846843702780774,0.07957841126122744,-0.14142594615650372,-0.12507790222103798,0.27811725469144566,6.846999154691469,-5.47184773988898,0.055032983584246686,0.0,-0.10000000000000142,-0.09999999999999432,-0.34393809114359186,-0.20000000000000284,0.0950570342205248,0.3083237831280172,0.24721820433553088,0.30326004548899554,0.26056444048128125,,0.6916426512968199,1.8601692966064176,0.5972223494786544,-0.1800000000000006,-1.4051522248243575,0.2050230650948226,-0.25499999999999545
2007-11-01,0.5334891922024632,0.5356289579599327,0.208506352375748,-0.05682010923030445,-0.06528461213352044,0.15319517292831097,-5.3006329113924,2.684563758389258,0.08322779084495302,0.0,0.10000000000000142,0.09999999999999432,0.2157031924072461,0.20000000000000284,0.2849002849002913,0.7858884267890387,0.2749001541892726,0.53024576834102,0.1963592681574644,,2.461362335432171,1.393120443329443,0.5933902157195803,-0.2699999999999996,1.187648456057011,0.33651904697806767,0.4227999999999952
2007-12-01,0.0348821530398391,0.14192937534167616,-0.06259808502759867,0.34281156395048473,0.4281630049698615,-1.4204319295811452,-13.366750208855471,-6.127450980392157,0.07592739894424216,0.2999999999999998,0.0,-0.19999999999999574,-2.1739130434782594,0.0,0.18939393939394478,0.2898014551732553,0.23887896172294365,0.231257333591528,0.20058561778064643,,-0.22346368715083775,1.6894480966471948,0.45530510989300055,-0.25,2.1126760563380254,0.3850281727931337,0.036000000000001364
2008-01-01,-0.13234968055378937,-0.23637003165669634,-0.016762092967859132,0.04143658089013069,0.11719174011641798,-0.126323804250017,4.532304725168745,-4.786771105308962,-0.0028902778279604746,0.0,0.0,0.0,1.7381738173817274,0.20000000000000284,0.14177693761814325,0.3447705076970342,0.2828754784958143,0.25231860338243983,0.19903359410953225,,1.3437849944009095,1.6096306573584185,0.38134544938790427,-0.30000000000000027,3.218390804597693,0.4129525438678616,-0.0875999999999948
2008-02-01,-0.3921959845390677,-0.7624070966195218,-0.346768785515128,0.09298236716202002,0.10395472303290632,-1.1216032804874487,1.7527675276752808,-7.3126142595978045,-0.044800601195160716,-0.09999999999999964,0.0,0.0,-7.4610726643598575,-0.20000000000000284,0.3775365738555747,0.24178268779397882,0.07858877022608457,0.1995329115933142,0.09759682178820395,,0.9392265193369997,0.5629526093859916,0.5752695631811022,-0.96,-2.4498886414253906,1.1539075809199328,-0.29470000000000596
2008-03-01,-0.30458407875589844,-0.3870218361793909,0.24969231177893736,0.029557815086311834,0.11902997273869342,-0.07242863734864269,-8.884859474161377,-4.635108481262328,-0.05060399482393896,0.1999999999999993,0.0,0.19999999999999574,-1.2619770974526712,0.09999999999999432,0.42313117066290484,0.3578027806118822,0.2248304423223324,0.2862573827249859,0.1961504049186713,,2.846195949644237,1.4991834909588997,0.4216069498397701,-0.3700000000000001,0.0,0.8499664486928182,-0.22209999999999752
2008-04-01,-0.6452051340639975,-0.9726928860360085,0.16251402125047054,-0.5884488420981548,-0.28253823047071913,-0.32616510500996787,0.7960199004975133,4.239917269906934,-0.1583983682798218,-0.09999999999999964,0.0,-0.09999999999999432,-4.497041420118341,-0.19999999999998863,0.0936329588014928,0.2314381020201539,0.06529241675217179,0.18502848761776658,0.05838647265568042,,1.5965939329430467,1.331383632345462,0.32656403511750476,-0.33000000000000007,2.7397260273972712,0.6066615350493798,-0.5005000000000024
2008-05-01,-0.6057782381776122,-0.544380244029874,0.1860588157488685,-0.3940552016985066,4.240171381881908,0.34893063024494797,-3.948667324777888,-1.289682539682535,-0.1369168356997963,0.40000000000000036,0.0,-0.20000000000000284,3.9405204460966514,0.19999999999998863,0.4209541627689495,0.5917491656617146,0.1752423564504113,0.42905888579827245,0.1819221967963358,,2.9858564693556744,0.08899179543968572,0.22416634363986443,-0.2999999999999998,4.222222222222216,0.21915605467230925,-0.479699999999994
2008-06-01,-0.2332762193893445,-0.6679761587459754,-0.18395296437121456,-0.5073069249526774,-2.4027184249819866,-0.8567287687884284,7.502569373072965,18.592964824120607,-0.10953855974928928,0.1999999999999993,-0.10000000000000142,0.0,-8.67906533142585,0.0,0.23288309268747476,1.04782350098509,0.22704432947482367,0.7254989908050957,0.2295594970248782,,1.983723296032558,0.45181851891338276,0.08331613063510268,0.020000000000000018,-2.3454157782516027,0.24584966939689146,-0.20080000000000098
2008-07-01,-0.3573802776070001,-0.9771543623900092,-0.48233354202121825,-0.3873477817483817,-1.6124917292744456,-1.0674918950780987,-11.759082217973226,-21.949152542372886,-0.14742193173565843,0.20000000000000018,0.0,0.0,-2.1148825065274157,0.0,0.3717472118959231,0.7141444751521009,0.2511326500297173,0.46533892927516085,0.18003646308113463,,2.493765586034913,0.9699222182497635,0.10936484331680596,0.009999999999999787,0.4366812227074357,0.6144076000671239,-0.3246000000000038
2008-08-01,-1.5699867570929893,-1.281333820301056,-0.011518695729217932,0.48348660948562827,-0.6293439787591448,-0.6637313139377654,-8.559046587215601,-6.84039087947883,-0.2080045382808371,0.2999999999999998,0.0,-0.10000000000000142,-2.000533475593491,0.0,0.4629629629629539,-0.14884757278006422,0.19818026069038375,-0.08089090808356403,0.12284173889305361,,-3.1630170316301665,0.05731117442291378,-0.11568886821545776,-0.009999999999999787,-0.43478260869566077,0.17832172317797657,-1.3074000000000012
2008-09-01,-4.4048023108496315,-3.585192198484932,-0.6646166933990227,-0.015410826962103386,0.06954109985675139,-1.6254310991153043,-2.843601895734593,-7.109557109557107,-0.32869084840136953,0.0,-0.09999999999999432,-0.3999999999999986,-12.302667392487754,-0.09999999999999432,0.13824884792628112,0.08550916822900323,0.14787909035873792,0.08317437785565485,0.10224251925567973,,-1.0552763819095423,1.144655148536522,-0.18212685720356836,-0.18999999999999995,124.67248908296943,0.8298330089130168,-3.5035000000000025
2008-10-01,0.9941411352017093,-0.5671268598212653,-0.15343853983603717,0.6122466454877795,0.6768058095755869,-2.744261195622355,-5.243902439024395,-7.65370138017566,-0.34293653114946254,0.40000000000000036,0.09999999999999432,0.0,4.810676598386099,0.0,0.13805798435342354,-0.8598436564828615,0.03460798383114749,-0.6604097643134965,-0.14185845930364538,,-5.332656170645,3.665855201159429,0.12570119905623844,-0.8400000000000001,205.92808551992223,1.3043588701483477,0.645300000000006
2008-11-01,-1.3200748718089517,-2.528450645780378,-0.30645521554611976,0.5327750259578989,0.7113966221463652,-2.2092104768233534,-16.087516087516086,-14.945652173913048,-0.5502931228034136,0.2999999999999998,-0.19999999999999574,-0.3999999999999986,-4.323363932484458,-0.09999999999999432,0.4595588235293935,-1.7705477084725474,0.07334354300052581,-1.1801318445973763,-0.044322714823108456,,-5.150214592274671,-0.6800876082650009,-0.34757798566145137,-0.58,93.48792884371029,0.6456627759738209,-1.0849000000000046
2008-12-01,-2.819896973943936,-3.427606252600901,-0.2903694144216984,-1.1166232095086492,-0.6446923008758598,-1.5141996281812897,-14.110429447852757,-11.501597444089462,-0.5120221925469015,0.5,-0.20000000000000284,-0.30000000000000426,-2.630764469204583,-0.10000000000000853,0.4117108874656994,-0.8233522399403226,-0.010140725615004342,-0.55873488876097,-0.04889030380206272,,-3.3371040723981893,-1.0900649779200355,-0.29011819690728524,-0.23,34.77261533409948,2.182416104038465,-2.174999999999997
2009-01-01,-2.4942836351786957,-3.280021865342997,0.4538999442736724,-1.7524934720260288,-0.9331927619865454,1.2894784804853288,-12.5,-1.6245487364620947,-0.5695343611648807,0.5,0.10000000000000142,-0.09999999999999432,-12.9688493324857,-0.09999999999999432,0.04555808656037108,0.2530771341261451,0.19407629364986967,0.011350995482306558,-0.030713578814456355,,0.17554125219425565,-0.9310406429437146,0.12254760304317713,-0.010000000000000009,4.7874284322085625,0.989881750579058,-1.8765999999999963
2009-02-01,-0.6085582025516345,0.0013673499618338525,-0.40979572846111534,-1.5632897052928696,-1.1519999651219526,-0.7891574394797263,18.775510204081634,2.3853211009174258,-0.567575832158651,0.5000000000000009,0.0,-0.10000000000000142,4.601899196493786,0.09999999999999432,0.09107468123861207,0.3642660652187324,0.20520276425606276,0.17932537340537014,0.07965226098631817,,-1.1098130841121323,-0.784523840356377,-0.32096816655031724,0.07,-18.50732387816787,0.3681707346514962,-0.497799999999998
2009-03-01,-1.5655848507912018,-1.7408405896844115,-0.41238039620861144,-0.6294040579299609,-0.24149314094644714,-1.6517576644794363,-13.230240549828176,-8.064516129032262,-0.6180710781739873,0.3999999999999986,-0.20000000000000284,-0.30000000000000426,-11.522346368715086,-0.20000000000000284,0.31847133757962887,-0.0987282856538485,0.2116698501322345,-0.10989508984208252,0.07162997998908516,,-0.7088009450679333,-1.3972180156474723,-0.5952130046337878,-0.04000000000000001,10.998573466476458,0.7913695022069289,-1.1437000000000097
2009-04-01,-0.8290557258392117,-0.692994906904898,-0.149757320967836,-0.08552109965879184,0.22570440886999776,0.42283855075708754,-5.346534653465351,1.5594541910331383,-0.5071927785409103,0.3000000000000007,0.0,0.10000000000000142,-9.431728492501978,0.10000000000000853,0.22675736961450532,0.10070825195886979,0.20755728443595522,0.14290737107147677,0.22268931432141148,,0.5948839976204656,-1.2830713814476313,-0.2613530278016696,-0.03,13.314483999485937,0.11574488395680316,-0.6126999999999896
2009-05-01,-1.009956431882919,-1.0810772938736557,0.09125406577521478,-0.07578662054085195,1.3116737248461963,0.6801204147619533,12.970711297071125,6.717850287907878,-0.2700611430565436,0.40000000000000036,0.0,-0.10000000000000142,11.067538126361654,0.0,0.09049773755656076,0.14714939189219844,0.0905324956791409,0.10419616059800241,0.07708789153280105,,1.0053222945002993,-1.4703584077397025,-0.22791634230201474,0.03,2.3931042304638606,0.7473004219207935,-0.7086000000000041
2009-06-01,-0.37688161614736204,-0.3266399877229653,0.027080456034878075,-0.7718252551930926,-1.7061319238971806,0.7589082144485726,8.333333333333325,8.093525179856108,-0.348379048575298,0.09999999999999964,-0.09999999999999432,0.30000000000000426,-1.8046292663789765,0.0,0.09041591320071429,0.8299612246622345,0.09501882103570836,0.5939787525314877,0.12800326238402437,,1.932084309133475,-2.2715347686885767,-0.7101644997803302,0.03,-10.31236154186973,0.1183025943758853,-0.25379999999999825
2009-07-01,1.129022170984073,1.6430526456665318,0.33390186894803886,-0.4801855998273652,-0.38077396747869807,0.4641991272021917,1.538461538461533,-0.9983361064891838,-0.2641060087933522,0.0,0.09999999999999432,0.29999999999999716,-10.827007590890936,-0.20000000000000284,0.18066847335138636,-0.029796545463012247,0.06891452773012396,0.01124707576030115,0.08598063173139714,,-0.9190120620333087,-2.821466128000538,-0.023941188004561464,-0.04999999999999999,-1.6302334197851098,0.051991634073411674,0.7762000000000029
2009-08-01,1.0966982370450573,1.1636930562935133,0.8985348215972078,-0.24305837918914275,-0.1831958987360105,1.433784018585138,-1.3468013468013518,3.529411764705892,-0.14541335659946641,0.09999999999999964,0.0,0.10000000000000142,4.749103942652333,-0.09999999999999432,0.22542831379621653,0.33484533777929926,0.10626507892348425,0.2901419221340129,0.1480761405253883,,1.449275362318847,-2.317674673208703,-0.33691465046801206,0.0,4.042686754551172,-0.012991154204988753,0.7894999999999897
2009-09-01,0.881437075988023,1.0795862258020206,-0.9217329292208865,-0.06793232129270743,0.253324668168009,-2.7172775201273924,-0.17064846416382506,-1.1363636363636354,-0.17321724201361244,0.20000000000000107,0.10000000000000142,0.10000000000000142,6.372968349016261,-0.30000000000001137,0.1799370220422869,0.19308872334005134,0.1931698071946597,0.16147118187932463,0.1760742220566769,,-0.5142857142857227,-1.888121592753822,-0.21422734516352016,-0.010000000000000009,11.331000362012777,-0.04134086130731518,0.6754000000000104
2009-10-01,0.26954578788944694,0.08512083283955807,0.11246468608856475,-0.012689320124348313,-0.3094143456455756,0.7845413400461743,-8.71794871794872,-4.269293924466333,-0.1420389109838327,0.1999999999999993,-0.10000000000000142,0.10000000000000142,-3.2569360675512637,-0.09999999999999432,0.17961383026492417,0.3001931798703783,0.2641869770825922,0.37951726299763067,0.36842994760857284,,0.6318207926478969,-2.1993973098740405,-0.5112042489543778,-0.03,14.535009755040097,0.31313883276022914,0.2807999999999993
2009-11-01,0.4338107685935455,1.0968629991472412,-0.15907109669186514,0.29189140189458396,0.24809025478151892,0.47819025371906854,10.1123595505618,6.861063464837058,-0.0030754799670962285,-0.09999999999999964,0.10000000000000142,0.29999999999999716,4.031587697423111,0.0,0.13446884805021764,0.3348590589767664,0.0748295926095599,0.24982434225935268,0.08755977638581491,,1.255707762557079,-1.346982182011769,-0.4624067603551274,0.0,8.034446862874978,0.33807661499316577,0.4112999999999971
2009-12-01,0.4058071779700745,-0.0656563324575421,0.6111941238950758,0.24404132433091252,0.4255302751059009,0.36707882534776637,-1.1904761904761862,6.581059390048161,-0.19145451609678954,0.0,0.0,0.10000000000000142,2.59688373951259,-0.4000000000000057,0.13428827215757888,0.052017639964274665,0.0974323185266357,0.05785041218417941,0.08524001794527614,-0.09999999999998899,0.3945885005636862,-1.9485067985078763,0.13510705014012636,0.0,-0.10511562718988898,-0.08570187487525471,0.4070999999999998
2010-01-01,1.089961110803106,1.1653485452582713,-0.1834074418687881,-0.2299223673888906,0.432456755800259,0.040423484119345154,5.679862306368322,-4.216867469879515,-0.004622211265870035,-0.09999999999999964,0.10000000000000142,0.29999999999999716,10.475077881619942,0.20000000000000284,0.13410818059900187,0.06487322116246474,-0.11227765176723414,0.2190373475355445,0.14792236317180407,1.1011011011010874,2.133632790567108,-2.1331958923544447,-0.4504322915094616,-0.009999999999999995,-2.4552788495264766,-0.44062698282142376,0.8991000000000042
2010-02-01,0.3752968908449006,0.05569696395848478,0.3746594005449744,-0.08404728337491063,0.0011461950475855076,0.2392359841706604,-1.6286644951140072,2.2012578616352307,-0.07395879878584477,0.0,-0.20000000000000284,-0.3999999999999986,-6.027493831512166,0.10000000000000853,0.267857142857153,-0.09517766497462166,0.04441765284430854,-0.0022188692642144403,0.0872795631545964,-0.099009900990088,-0.4947773501924213,-1.2208115472099546,-0.5301237461795116,0.020000000000000004,10.167206040992438,0.5936434126824874,0.40799999999998704
2010-03-01,0.6856761810881018,1.3143846406483917,0.4777382887146686,0.3934550782839885,0.3744047293228858,2.143506136186213,5.298013245033117,5.692307692307685,0.1233558971828641,0.09999999999999964,0.20000000000000284,0.5,0.4876219054763764,0.0,0.0,0.03313681361922782,0.023558086539732237,0.14090132469433136,0.1486930662075503,0.29732408325073845,1.27071823204421,-1.1120627239377234,0.25800819587393775,0.03,-3.345573235414112,-0.0516225919234059,0.6352000000000118
2010-04-01,0.3392297060230698,0.8771226158517109,0.20440628860389776,1.0766347730507997,0.8444618593327791,0.811220526698242,8.018867924528305,-7.278020378457062,0.19558621964177458,0.0,0.10000000000000142,0.10000000000000142,17.693169092945137,0.29999999999999716,0.13357079252003246,0.023004053314190642,0.017664403509343174,0.05428701210934417,0.05135132118019303,0.39525691699604515,0.6001091107474155,-0.18297934181004116,-0.1493034668578419,0.04000000000000001,-5.664837484170526,0.4143678835544007,0.39409999999999457
2010-05-01,1.3508964217083586,1.2966188563654057,0.24922173639259082,0.9608785175017287,0.7866744556472405,-0.8090423846244699,-15.138282387190682,-9.733124018838302,0.4011681524746402,-0.3000000000000007,0.10000000000000142,0.29999999999999716,-5.233111322549955,-0.29999999999999716,0.08892841262784223,-0.05197720362644098,0.06339948012425989,0.03211161554643738,0.11046025104601842,0.19685039370078705,0.2169197396963085,-0.8793228972694411,-0.43734222947722223,0.0,-0.54591014855917,0.674514571618956,1.1240999999999985
2010-06-01,0.18492098929463463,-0.06290958440959837,0.242409229244811,0.11212444931003596,0.09809071677235881,-0.05700718541117311,-8.06174957118353,2.086956521739136,-0.10103948194302159,-0.1999999999999993,-0.10000000000000142,-0.3999999999999986,-6.258366800535475,-0.30000000000001137,0.08884940026654409,-0.041879515854381655,0.10499542907829174,-0.042063781976775516,0.04792474700190397,-0.19646365422396617,-0.703463203463206,-0.5654006013360413,-0.12973571979726373,-0.020000000000000018,-1.0888149014667392,0.22062238736646478,0.27720000000000766
2010-07-01,0.37970362897965515,0.5497562198637507,0.274477962332087,0.2530998112775018,0.21701269598379813,0.12912284220687464,1.8656716417910557,-1.3628620102214661,-0.07279135698413652,0.0,0.10000000000000142,0.10000000000000142,10.0321313816494,0.0,0.26631158455392434,0.18692535416828804,0.07640351908280163,0.08527037352852318,0.0022279902414101826,0.09842519685039353,0.3269754768392419,-0.08031250454270111,0.1067492250020674,0.0,-1.0371179039301404,0.13092341559493015,0.40909999999999513
2010-08-01,0.3664634007673584,0.19744657170681634,0.24204124382793957,0.17241227645781176,0.37229820499669053,0.3073667868589647,9.706959706959717,0.17271157167531026,0.0,0.09999999999999964,0.0,0.10000000000000142,-2.693056456846199,0.10000000000000853,0.13280212483399723,0.14613634796996067,0.06595501506574397,0.13720153134610946,0.09580144593344109,0.1966568338249708,0.4345464421510181,-0.12288658080723547,-0.027078207934871923,0.010000000000000009,-0.2482073910645366,0.5577219027342428,0.3873999999999995
2010-09-01,0.2947761395331261,0.12239993591625087,0.09394865310994316,0.10449871352424811,0.0627577428813586,0.693356632446096,-0.8347245409014992,-2.931034482758621,-0.056741939194115965,0.0,0.09999999999999432,0.19999999999999574,-2.7009003001000287,-0.10000000000000853,0.2210433244915988,0.1615249422961318,0.09119268291581939,0.09944531612562368,0.05675811028880151,0.09813542688910104,0.0,-0.1525995130017721,0.06634206151807653,0.0,-3.428255460326224,0.33484839767563557,0.31929999999999836
2010-10-01,-0.2833668805007239,0.035309642092506976,0.2543881963876782,0.169304186111785,0.07734361703215509,0.7951855019647125,-8.585858585858585,-0.8880994671403242,0.2140539047575274,-0.09999999999999964,0.0,-0.10000000000000142,10.8636052090473,-0.19999999999998863,0.26466696074105567,0.348184629481163,0.05367347583113968,0.31901271635463857,0.15238137610393832,0.4901960784313708,0.9194159004867419,-0.056321443232132395,0.31766338881003,0.0,-0.7825174157839565,0.5757144823156812,-0.12760000000000105
2010-11-01,0.08695624029699811,0.13798957506889753,0.2546176797417088,0.18565711233131665,0.1297254302199402,0.6530200640722184,0.36832412523020164,0.35842293906809264,0.09875976113917773,0.40000000000000036,-0.09999999999999432,0.0,-0.7418856259659989,0.19999999999998863,0.0,0.25338416234848005,0.14380381373122475,0.19916154091614846,0.12993791855000492,0.09756097560975618,0.5894962486602262,0.18883673751608487,0.04451434050587455,0.0,-0.10579974992788177,0.23375675614039082,0.13309999999999889
2010-12-01,0.9785396067085728,0.5153102190947001,0.1326584046081436,0.7325110794486056,0.6153368323760233,0.3011772180510741,-1.1009174311926606,12.857142857142856,0.06195076061767946,-0.5,0.09999999999999432,0.0,-4.764870756773587,-0.29999999999999716,0.13198416190056683,0.4016576346828282,0.08732877483130785,0.22621949880301528,0.02107364685004498,0.09746588693957392,1.0655301012253648,0.43403390380900575,4.566115951761773,-0.010000000000000009,3.7935682649720803,0.36062477958660466,0.7836999999999961
2011-01-01,-0.21061351192962485,0.0982111168203792,0.11156434124741654,1.6010204878556644,1.3082531984587975,0.34168981143107846,16.883116883116877,-8.860759493670889,0.005350454788666248,-0.20000000000000107,-0.09999999999999432,-0.29999999999999716,1.504251144538915,-0.09999999999999432,0.4833040421792667,0.3243042200370194,0.20688755661297797,0.3002147521584897,0.21401878486122516,0.6815968841285214,1.5814443858724214,0.2749967989990054,0.3985490072307085,-0.009999999999999981,2.996289424860854,0.2550442076626691,-0.1226999999999947
2011-02-01,-0.3970843397723911,0.2114706417784662,-0.027860003482504947,0.45608281233986414,0.29321264992347995,0.5220188776594137,-17.93650793650794,-5.902777777777779,0.1681481538096996,-0.09999999999999964,0.09999999999999432,0.3999999999999986,3.930412371134029,-0.10000000000000853,0.0,0.321447463006419,0.18401906617055985,0.27856066068034924,0.17483291284912106,0.7736943907156624,1.6087182148417423,0.3045802518038654,0.2415863773976179,-0.010000000000000009,13.816085742592099,0.7394425914410085,-0.28130000000000166
2011-03-01,1.040272709112422,0.6795449984685398,0.34660535757831124,-0.23635838051998537,-0.2293459871360315,0.37921560339362337,16.05415860735009,7.564575645756455,0.17244405106175975,0.0,0.0,0.0,1.0849349039057765,0.10000000000000853,0.0,0.51735482068338,0.10796862189927925,0.4019739207163697,0.15133105048050766,0.9596928982725572,1.7364657814095796,0.5759231397752362,0.3097650799920526,-0.01999999999999999,13.54751918968109,0.6487165961458707,0.7819000000000074
2011-04-01,-0.3230270794270296,-0.5570452056346431,-0.11889677676913957,-0.12442474859383212,-0.16102593326011716,0.08121131183338459,-7.666666666666666,-0.34305317324184736,0.23917795906553962,0.09999999999999964,0.10000000000000142,0.0,-0.06133088009813159,0.0,0.17490161783995095,0.46940989750992035,0.12217279619071153,0.4242345333420161,0.22941092128336837,0.665399239543718,1.957831325301207,0.7013940349428927,0.2963576722665673,-0.04000000000000001,6.488257021395216,0.7348595515014988,-0.26200000000000045
2011-05-01,0.1206079665240889,-0.005591106553837211,-0.11556273840245268,-0.029865010154106475,-0.10403288366600538,-0.4009184458549697,1.2635379061371799,6.36833046471601,0.08054894868423368,-0.09999999999999964,0.0,0.10000000000000142,-2.454740718011661,-0.10000000000000853,0.26189436927106513,0.3181714734507679,0.2002440474328182,0.30359670257245064,0.23768913342503417,0.18885741265344258,0.492368291482026,1.1646672227674015,0.15012592678265158,-0.010000000000000009,4.044502617801049,0.83908962097059,0.05570000000000164
2011-06-01,0.30248807089297003,0.15487176132868985,0.23226277880230572,0.5957715583096546,0.44837316764985147,0.8273939203746528,8.377896613190728,2.9126213592232997,0.1731167854946314,0.09999999999999964,-0.10000000000000142,-0.10000000000000142,8.681975463982393,-0.09999999999999432,0.1306051371354089,0.0,0.2328537972565936,-0.020465757556165087,0.10978032956054928,-0.09425070688029447,-0.09799118079372171,0.3738292054951575,0.3396039554713237,0.0,4.780475531513395,0.8211298219421792,0.1740999999999957
2011-07-01,0.492715456823678,0.589561899786073,0.1735764560894859,0.599031029128505,0.43101332881143595,-0.2998707144225232,2.4671052631578982,-2.358490566037741,0.04623629018198905,-0.09999999999999964,0.10000000000000142,0.0,4.862518089725043,0.0,0.47826086956521685,0.26200368317570444,0.2318678041985267,0.17022376884043844,0.1480409250912862,0.2830188679245227,0.343305541932315,0.8712730063600072,0.9074206637700533,-0.01999999999999999,1.8489614599591864,1.7715206550379836,0.30060000000000286
2011-08-01,0.6751130647956405,0.5154218144272082,-0.060646491600457875,-0.013494935182123413,-0.05183467428994115,-0.2035168186539038,-6.09951845906902,4.186795491143314,0.10076368264744229,0.0,-0.10000000000000142,0.0,-8.114821970742481,0.09999999999999432,-0.2163565556036362,0.3154462166418792,0.2859451731211493,0.23554212332081992,0.19928607406434207,0.09407337723426057,-0.6842619745845546,1.5102701747054859,-0.3081516089430414,0.03,-1.768242367087114,1.9856850934534487,0.4235999999999933
2011-09-01,-0.08270803747891797,0.26003575491631015,0.16471179769923516,-0.12315790361628887,-0.1314864675206917,0.8933298041291726,11.111111111111116,-5.71870170015456,0.16575212866603017,0.0,0.10000000000000142,0.0,13.367377590868124,0.10000000000000853,0.21682567215959292,0.21715478580843772,0.11334354605909702,0.14056397270270082,0.06775363902609133,0.1879699248120259,0.24606299212599492,0.5134686565226199,0.40265627485844835,-0.020000000000000004,-1.3860554422176818,0.2182008916863376,-0.16750000000000398
2011-10-01,0.6940410373954542,0.5496880598193643,0.180019559817568,0.01858092414759316,0.034471328211616026,0.5020361680688312,-6.153846153846154,10.000000000000009,0.15792177960467502,-0.1999999999999993,0.10000000000000142,0.10000000000000142,-4.107048224695287,-0.10000000000000853,0.3028991778450951,0.0675207527019328,0.1715918237380487,0.002143002560872631,0.048050671617350105,-0.2814258911819856,-1.2763868433971481,0.8458567041005782,0.2905119270070422,-0.009999999999999995,-0.2798904776391775,0.34438361613267077,0.4131
2011-11-01,-0.008658749301049262,-0.20895898740665997,-0.1676011438346059,-0.10470938922337858,-0.10530668562050982,0.1328911538392985,16.55737704918032,5.216095380029806,0.10335488446131524,-0.20000000000000107,-0.10000000000000142,0.0,-1.4921248963802203,0.0,0.043140638481453664,0.18478500551268873,0.17350533760696063,0.20465235885951394,0.21175802824895396,0.09407337723426057,0.1491795126802753,1.0005631057193876,0.690505082962023,0.009999999999999995,-2.83726889987187,0.556007594250052,-0.13400000000000034
2011-12-01,0.5306290656609036,0.6681634411452864,0.04499943750702062,1.0135335040871052,0.9041865537137816,0.12264268320860694,-2.390998593530236,-1.2747875354107596,0.1492199864345567,-0.09999999999999964,0.0,0.10000000000000142,5.6942496493688655,-0.09999999999999432,0.1293661060801865,0.023770849015480877,0.2230067122376056,0.057741659538068646,0.16556291390728006,-0.3759398496240629,-0.7944389275074459,0.832803514850089,0.34314811924043287,-0.009999999999999995,0.39562923888469825,0.4564552103324848,0.27120000000000744
2012-01-01,0.596427248225595,0.9121639693689065,0.3857831137714207,0.687877621382782,0.2674502204176532,0.6497425883188246,4.17867435158501,2.152080344332852,0.2693997953163496,-0.1999999999999993,0.10000000000000142,0.19999999999999574,3.742038216560517,-0.29999999999999716,0.17226528854437095,0.27241960540966836,0.2075592005452931,0.3419753350289767,0.29904306220096544,0.5660377358490454,0.45045045045044585,1.3274819147930161,0.504305735433741,0.009999999999999995,1.2822918621379964,0.7208137553570415,0.31569999999999254
2012-02-01,0.32156629712849494,0.43559770059871106,0.6057472749989135,0.6358045212766061,0.5051227592125729,1.0171205493626934,-2.627939142461966,3.6516853932584192,0.19737928343064315,0.0,0.0,0.0,-7.4955231517011995,0.09999999999999432,0.08598452278589797,0.21374461249461518,0.0688968171425719,0.22365646367179526,0.13986013986013734,0.46904315196998336,0.4484304932735439,1.7319359516932753,0.2714307459052545,0.020000000000000004,2.5135869565217517,0.5434058216193582,0.10210000000000719
2012-03-01,-0.5177723960984593,-0.5232312651742177,-0.13104027133044038,0.28244621546846815,0.2990188254182069,0.14433877707806797,-1.278409090909094,9.214092140921416,0.17901414885888034,-0.10000000000000142,0.0,-0.19999999999999574,10.038716814159287,0.0,0.3436426116838476,0.20934703870292282,0.1947078067305874,0.19127773527161107,0.1699796457494296,0.5602240896358524,1.289682539682535,0.46992424567622315,0.5012280877127129,0.03,-3.2291101873606953,0.4384936214474333,-0.5478999999999985
2012-04-01,0.7193508372958624,0.5404721504302268,0.09347798121863704,0.3994169336309028,0.3726540858844052,-0.5782664791417202,8.345323741007205,-9.181141439205954,0.0575709543320313,0.0,-0.10000000000000142,0.10000000000000142,-4.674541342045735,-0.09999999999999432,0.12842465753424293,0.16607883500068255,0.18688889083413596,0.13151754274318694,0.15131699830308598,0.278551532033422,-0.24485798237022793,1.3393872316188382,0.3851469101061378,0.010000000000000009,-1.2201954802963266,0.5655224229133005,0.40399999999999636
2012-05-01,0.23092104655471068,-0.2611212483483283,0.005140771458433946,-0.06726163134064267,-0.01593649039678402,0.02922763063288869,-5.976095617529875,8.743169398907114,0.07995516532786073,0.0,-0.10000000000000142,-0.10000000000000142,1.1073029264434542,0.0,0.08550662676356513,-0.2068180132381081,0.13935912278018048,-0.11227862045588566,0.10144505239528812,-0.18518518518518823,-0.8836524300441795,0.7632295979991044,0.5589905338280632,0.01999999999999999,-1.777273586689354,0.4734982332155413,0.03119999999999834
2012-06-01,0.005529336715115463,0.3546016302517385,-0.10366689513365834,-0.11901830419437376,-0.0445557521210449,-0.8058625183349766,6.920903954802249,-0.2512562814070307,0.060478451751633244,0.0,0.10000000000000142,0.10000000000000142,1.9817470664928338,0.09999999999999432,0.21358393848782686,-0.08263631713106845,0.17406554287509035,-0.05090029903925819,0.10242035469785193,-0.37105751391465214,-1.0401188707280795,1.3745152007462735,0.4211712091432007,0.0,-0.19890920757137387,0.7214702720083732,-0.1396999999999906
2012-07-01,0.2098983989359704,-0.17307493424774112,0.21012187068498722,-0.7223569051238776,-0.6441598419908989,0.43124270952386023,-2.245706737120212,6.92695214105794,0.10745226209396552,0.0,0.0,0.0,-4.500127844541035,-0.09999999999999432,0.12787723785165905,0.02888099280600187,0.15111726612753174,0.03607273961847568,0.10339256865912194,0.0,0.15015015015014122,1.132055388802966,0.3604016861949111,0.0,1.8258968754018223,0.5217634206929445,0.02230000000000132
2012-08-01,-0.42790889668371523,-0.1456471905022627,0.019684365478767063,-0.15562140953264691,-0.22238286215663372,0.6564050822999379,1.8918918918918948,-1.0600706713780883,0.1356619483142918,-0.09999999999999964,0.0,-0.20000000000000284,1.9812583668005423,-0.20000000000000284,-0.04257130693910982,0.580952797585188,0.11436274296647841,0.3362039708128428,0.06347771824499748,0.27932960893854997,1.2993503248375893,0.8378947821100047,0.600441971853849,-0.03,-0.1010228564212623,0.7125843588725589,-0.46520000000001005
2012-09-01,-0.07336907724275754,-0.203532162862341,0.1411861346658938,0.8249183372299296,0.7507591384688039,0.32169144428968455,12.334217506631306,10.71428571428572,0.13250061411802516,-0.2999999999999998,0.0,0.0,1.9165135206090866,0.10000000000000142,0.3833049403747957,0.47712662775423187,0.18502994792231053,0.3044236562549596,0.12257405515831987,0.46425255338904403,0.8386778490379942,0.6113065227586478,0.3040583969532662,0.010000000000000009,-4.089242826444195,0.7942608250063987,-0.18739999999999668
2012-10-01,0.3473983631303801,-0.1333148513559923,-0.007690204388555166,0.8823069902066383,0.6730986681244833,-0.3160126637427707,8.028335301062572,-4.623655913978498,0.11299687028405447,0.0,0.0,0.0,-2.7563111798042272,0.19999999999999574,-0.042426813746299086,0.26967945804385884,0.1582422537165229,0.2961230016966576,0.24270020081831323,0.09242144177448175,-0.44031311154598685,1.0605169599261943,0.5579474228978087,0.01999999999999999,0.5337726523887865,0.6452622110985073,0.13809999999999434
2012-11-01,0.3667648049054728,0.5797956376017099,0.4366662963690926,1.5413331594476887,1.3605748634229142,0.7261029947377873,-8.961748633879784,3.382187147688831,0.11583957703702463,-0.09999999999999964,0.0,0.0,2.7284768211920607,-0.19999999999999574,0.29711375212224667,-0.16793444944266378,0.13245377103678901,-0.06829596318324027,0.10712946595961004,-0.09233610341643494,-0.8353808353808279,0.5506705329867856,0.7484136519626983,0.0,1.3437336130047273,0.6916381722101406,0.15730000000000643
2012-12-01,0.2369549856899411,0.699536990529781,0.04169006415164489,2.8512486253481795,2.48071324582686,0.3586987335620462,17.166866746698673,2.6172300981461394,0.1846838494344416,0.20000000000000018,0.10000000000000142,0.20000000000000284,2.372356884992266,0.10000000000000142,0.3808717731696998,-0.012108160467716456,0.1707517399386127,-0.015771378103024425,0.07384022687142444,-0.1848428835489857,-0.14866204162538033,1.167059537696069,0.3292079830196748,0.0,1.5716965267447147,1.1557459288415561,0.06350000000000477
2013-01-01,0.024514266591113554,-0.19508203824454284,0.4447921893470985,-5.936204918480592,-4.988382737648789,0.6341263756218796,-9.016393442622949,-0.10626992561104665,0.13548129173637236,0.09999999999999964,-0.10000000000000142,-0.10000000000000142,-1.1838790931989918,0.0,0.0843170320404596,0.1980788942180789,0.2174991908512336,0.19033798136582902,0.20210877515667303,0.2777777777777768,0.496277915632759,0.7133802694641034,0.6342977156186036,-0.01999999999999999,4.234589913397868,0.1611764930284032,-0.09329999999999927
2013-02-01,0.46769079323369933,0.4575619379545204,-0.016933940697339,-0.2007915501605395,-0.1990150696566384,0.6117994810015626,8.333333333333325,4.255319148936176,0.21366731481549106,-0.2999999999999998,0.10000000000000142,0.29999999999999716,2.0647463675758315,-0.30000000000000426,0.16849199663018233,0.5429926752100966,0.14640721012448843,0.3558121228024236,0.10885457242564289,0.4616805170821747,0.8888888888888946,0.41649313627687423,0.7538851536250668,0.009999999999999981,5.895289877206911,0.19709968292660474,0.25269999999999015
2013-03-01,0.40285806541078273,-0.07638198631354509,0.1287197466253387,0.3134327117333413,0.3495520418780096,-0.4275913115267427,4.98960498960499,-4.489795918367346,0.10549924011036271,-0.20000000000000018,0.0,0.0,1.798201798201804,-0.10000000000000142,0.0841042893187538,-0.28119191025899326,0.09674548198599364,-0.13177986487334925,0.0916795479985133,0.27573529411764053,-0.1468428781204123,0.5307536003736013,0.32728535533104175,-0.009999999999999981,4.4940579208491815,0.5293167347714567,0.21059999999999945
2013-04-01,-0.08629719503872035,-0.30676728633659556,0.02198954650789453,0.5644051782724757,0.4078454476369009,-0.282472953500601,-17.32673267326733,8.119658119658112,0.1356042125743473,0.09999999999999964,-0.10000000000000142,-0.10000000000000142,-2.158979391560356,0.10000000000000142,0.2941176470588225,-0.2087979266581219,0.016323444762322836,-0.10158344504020977,0.04899298122289508,-0.09165902841429263,-0.2450980392156854,0.5498766401181188,0.3248421280689362,0.009999999999999981,4.052338099707398,0.28547931220281875,-0.15819999999999368
2013-05-01,0.07809780387764143,0.2715930059756566,0.28495569234932017,0.4318479631445715,0.4820245728300643,0.5636791100407157,11.377245508982025,-0.8893280632411016,0.16412385094903836,-0.09999999999999964,0.0,-0.09999999999999432,3.93681043129388,0.0,0.08378718056136769,0.041415548950163306,0.07043705332601125,0.07338218490213766,0.11709975834868214,-0.18348623853211565,0.29484029484028174,0.19717606303955026,0.5344768009872158,-0.039999999999999994,5.162625351514838,0.3544194025770775,-0.024600000000006617
2013-06-01,0.20749335325593865,0.26864383160560834,-0.02023591706646899,-0.029541370227215147,0.0008151786260013338,0.06728515792053802,-9.784946236559144,-6.081754735792622,0.1344639078297627,0.0,0.10000000000000142,0.09999999999999432,0.12062726176116367,0.0,0.29300962745919534,0.23804082055085551,0.1519339387800578,0.2220802212421935,0.17225429838272355,0.3676470588235281,0.09799118079374391,0.7510029748277081,0.41070728186203276,-0.020000000000000004,4.0817356205852695,0.5551120086413341,0.08120000000000971
2013-07-01,-0.31019310854143445,-0.8633777899976991,0.12312674464691753,-0.2273716007124893,-0.2085617513154836,0.37893681157439296,4.886769964243154,5.83864118895967,0.08218434241518136,-0.20000000000000018,-0.10000000000000142,-0.09999999999999432,-6.3855421686746965,-0.10000000000000142,0.08347245409014992,0.19574523005443378,0.22712663381188047,0.12438200955338097,0.12737636531541252,0.27472527472527375,0.04894762604013003,0.6672318054871118,0.45857824927659774,0.0,4.1107179213728084,0.349349872963689,-0.31110000000001037
2013-08-01,0.5782114503832148,0.8351662589187292,0.1516134194722074,0.1793500617029986,0.17362692389537582,-0.37807397988146585,4.20454545454545,-3.3099297893681046,0.1869624828617633,-0.09999999999999964,0.10000000000000142,0.19999999999999574,5.1480051480051525,0.0,0.16680567139282232,0.23872906826962748,0.19497178040022156,0.14823784867212808,0.1081321756829956,0.0,-0.09784735812133905,0.07855585690901279,0.516513149947051,-0.009999999999999995,4.88429482702426,0.5640882435073991,0.37640000000000384
2013-09-01,0.5084577384016464,0.02429235955101472,0.3010857589800242,0.4796005518691304,0.41209261666375063,0.04843580830815597,-7.306434023991271,4.149377593361003,0.12806814689050317,0.0,-0.10000000000000142,-0.10000000000000142,1.0526315789473717,-0.09999999999999432,0.16652789342215257,0.037694469193350066,0.15533251399697523,0.043780098817935986,0.1186051190816606,-0.09132420091323423,-0.14691478942212566,0.45098613469247706,0.5145609185191136,0.0,3.609162745272143,0.5757340145877254,0.32739999999999725
2013-10-01,-0.07887301444674533,0.23393280077073086,0.32282137496750796,-0.3775990584543032,-0.33894896044778244,0.2768047842802268,8.823529411764696,3.984063745019917,0.1607940301561861,0.0,0.0,0.10000000000000142,2.2771317829457294,-0.4000000000000057,0.12468827930174342,0.053523104853914205,0.09416276097145015,0.13232474785362935,0.16923516283595674,0.2742230347349217,-0.6866110838646411,0.6245044304912462,0.5751594266473647,0.009999999999999995,4.023308625048205,1.1356733972648358,-0.12439999999999429
2013-11-01,0.23360844107831458,-0.00500615256149306,0.4103772796416161,0.3199606202313632,0.2559658708550572,0.09769341307841461,18.918918918918926,-1.4367816091954033,0.20139958114724354,-0.2999999999999998,0.0,0.10000000000000142,-2.439602084320225,0.20000000000000284,0.2905770029057786,0.18444894273523804,0.18644565619931885,0.14879868474448887,0.1657814430376936,-0.27347310847766204,-0.6419753086419844,0.594545076510089,0.4079069338093877,-0.009999999999999995,3.678227201581663,0.0964583409165165,0.1186000000000007
2013-12-01,0.20106503661436737,-0.19504946826991443,0.09156213323122664,0.2322538436375421,0.2251441288181999,0.28031072500609433,-8.90909090909091,-2.3323615160349864,0.04005330731082779,-0.20000000000000018,0.0,-0.10000000000000142,0.048555474629763395,-0.10000000000000142,0.08278145695364003,0.2644169158479315,0.16995313542289558,0.17455270868400596,0.10647269660553071,-0.0914076782449813,0.3976143141153132,0.9931155102033795,0.47439853132176246,0.009999999999999995,0.9495053831790612,0.5691012563864728,0.09389999999999077
2014-01-01,-0.35575894744697134,-1.057913888116957,-0.3301537668299437,0.5670506837244238,0.5113090956372801,-1.0236126907603227,-11.377245508982037,-2.8855721393034828,0.13758262236844843,-0.10000000000000053,0.0,-0.29999999999999716,0.14559572919194963,0.0,0.16542597187758634,0.24241752904536895,0.08568071632473195,0.20743875370796694,0.1084655806067758,0.36596523330283404,0.8910891089108919,0.7911667486378837,0.7291831376763813,-0.01999999999999999,0.60606060606061,0.5884798958634585,-0.3386999999999887
2014-02-01,0.7556916490531584,0.9346723070121854,0.4539007092198455,0.5914375420861706,0.5589138543412364,1.1462513863639057,6.3063063063063085,6.454918032786883,0.1097694840834329,0.10000000000000053,-0.10000000000000142,0.0,5.960746304821907,0.0,0.4541701073492943,0.11007786202441583,0.09493094197770002,0.04761214730784058,0.047336531178987507,0.3646308113035568,0.9322865554465043,2.0751093072442384,0.671018957206515,0.0,3.6653105930214203,0.5787463491350175,0.5206999999999908
2014-03-01,0.9685206031106786,0.8898523877739262,0.5722876555310119,0.5177920443913964,0.5212524474453195,0.8721308139699291,2.754237288135597,2.6948989412896918,0.1982398048100409,0.0,0.20000000000000284,0.3999999999999986,0.3430139492339279,0.20000000000000284,-0.08220304151252966,0.204205530106516,0.1862946419120659,0.16035588661287292,0.14825095416837186,0.6357856494096259,0.6319883325230924,0.8403138253285425,0.5362412320680798,0.009999999999999995,1.0037357080864728,0.3297027314397072,0.6881000000000057
2014-04-01,0.0967670387519659,0.007965715560231956,0.16352419414782382,0.2495386343577044,0.2989917625275007,0.8365739132383698,7.525773195876284,2.1555763823805085,0.2268362503170529,-0.5,0.0,-0.10000000000000142,4.056517775752044,-0.30000000000000426,0.12340600575895255,0.18641856050976013,0.18890649762282052,0.17765842069927817,0.17112860892387616,0.18050541516245744,0.6280193236715137,1.0920226017202994,0.7153213989455454,0.009999999999999995,1.4271304217880365,0.42034767740097845,0.007699999999999818
2014-05-01,0.3831643017938591,0.26304680281645787,0.21767630543942929,0.1864880223465315,0.2788416512206071,-0.023894331486618015,-3.4515819750719046,-6.605504587155964,0.15546139495872247,0.09999999999999964,0.0,0.20000000000000284,3.9640823477880005,0.10000000000000142,0.24650780608053147,0.19030059035471947,0.19276844165485585,0.16497056306516988,0.16874010879019963,0.09009009009008917,-0.1440230436869916,0.7575628649207466,0.6085812192210938,0.0,-0.9760948837894579,0.5950691734657676,0.22939999999999827
2014-06-01,0.3432190311729588,0.3309745726525426,0.35048747377515177,0.35710291274546613,0.37170517143376713,0.11449787678694534,-9.533267130089374,-0.7858546168958758,0.24257650906414074,-0.20000000000000018,0.0,0.0,4.950495049504955,-0.10000000000000142,0.24590163934428144,0.1321132206079767,0.12966837733496828,0.10911299371054728,0.11300144390733458,0.09000900090010422,0.14423076923077982,0.7887913476208874,0.5435579675877156,0.010000000000000009,1.2609730694837173,0.4875210480379977,0.19530000000000314
2014-07-01,0.22212488441135658,0.475177634880275,0.21726475965597736,0.24995820762452325,0.2709154473923059,0.06828704988841583,19.099890230515925,6.5346534653465405,0.16060612607939895,0.10000000000000053,0.0,-0.10000000000000142,-2.7298273785628213,0.10000000000000142,0.08176614881438837,0.11254852864928111,0.15052325752511475,0.14189793631045333,0.17349135678601524,0.3597122302158251,-0.1440230436869916,1.0811102229086211,0.6740378876887609,-0.010000000000000009,1.3481247474561808,0.4746280179674267,0.0981000000000023
2014-08-01,-0.1888053207359519,-0.5813861854289115,0.6781962760561422,0.5050224322070918,0.505632179202542,0.7872617825737116,-9.308755760368658,-2.695167286245348,0.14165324436263838,-0.10000000000000053,0.10000000000000142,0.0,10.379694593479162,0.0,0.2450980392156854,-0.01600013473797013,0.08816305967800364,-0.012321467076015225,0.03860278774727721,0.0,-0.48076923076922906,0.9934257772684418,0.531813107478607,0.0,3.0083363537513508,0.22091246452737856,-0.22639999999999816
2014-09-01,0.28734401880725624,0.04141656543719119,0.03006541258685491,0.34921111471031274,0.3477186358398443,-0.28293993306324206,3.963414634146334,2.865329512893977,0.21110225534757276,-0.1999999999999993,-0.10000000000000142,0.10000000000000142,-8.132361189007288,-0.10000000000000142,0.08149959250203231,0.007159100480080838,0.1598120844780837,0.0349151254377178,0.13349324711895427,-0.44802867383512135,-0.28985507246376274,0.8172053965957549,0.5042008296587186,0.0,-0.967628430682621,0.37376500723136363,0.15489999999999782
2014-10-01,0.011934320486006733,-0.0851758385858381,0.6409319101233102,0.540102194263592,0.5078735383813315,0.4184377587634458,4.985337243401755,1.5784586815227541,0.1683827375450475,-0.20000000000000018,0.10000000000000142,0.0,1.9943019943019946,0.10000000000000142,0.12214983713354499,-0.019791390324119806,0.16960793346343372,-0.029770153880892547,0.08644662701926542,0.27002700270029045,-1.4534883720930258,0.29398825738988776,0.3165907773958532,0.0,-1.9257416947948025,0.6579461317454571,-0.05550000000000921
2014-11-01,0.6172120873449094,0.7051831057397928,0.2542557570767823,0.616293001511381,0.5707670278322308,0.4689183543329589,-6.797020484171323,-3.199268738574035,0.20815748437030823,0.09999999999999964,0.0,0.10000000000000142,-3.3719074221867484,0.0,0.2846685644571023,-0.18826601524659647,0.11162627356380295,-0.09549823379610967,0.08845321345321011,-0.5385996409335791,-1.2291052114061007,1.2047912244275594,0.2323334765528262,0.0,-6.7094156432271905,0.3656275600396608,0.4299000000000035
2014-12-01,-0.00790646459541966,-0.2013918281771332,0.2777643592096979,0.6576592002241588,0.6859668304874944,-0.3857496949568051,7.1928071928071935,1.227573182247399,0.19630377831236778,-0.20000000000000018,0.0,-0.10000000000000142,5.9260788767292905,-0.10000000000000142,-0.12165450121655041,-0.30846094445592387,0.05261883085969643,-0.17576137566680528,0.07070003431031147,-0.4512635379061325,-1.9412643106022975,1.2284752512665698,0.806916223391152,0.03,3.526076657217203,0.7071114967909464,-0.054299999999997794
2015-01-01,-0.7848268733052777,-0.5944467019895705,0.23765365191770194,0.8165095762036945,0.8788641760020255,0.19609350968932127,1.1183597390493905,-2.1455223880597063,0.14533641104557127,0.10000000000000053,-0.10000000000000142,-0.10000000000000142,4.171539961013648,0.10000000000000142,0.44660982541615546,-0.6370316441765556,0.09474756244156612,-0.47981878088962926,-0.036364014171574865,-0.5439709882139598,-2.538071065989844,1.0361582463829233,0.3139602643791095,-0.009999999999999995,2.989609512734903,0.7251817220079948,-0.6616000000000071
2015-02-01,-0.6385429169845525,-0.7409781347949229,0.23548823760282112,0.36966875532069565,0.36464618164153695,-0.506542845082314,-18.34101382488479,7.4356530028598655,0.18425246144215812,-0.20000000000000018,0.10000000000000142,-0.10000000000000142,2.282934131736525,-0.19999999999999574,0.20210185933711156,0.25346436802173855,0.15053521314700724,0.1769197343100215,0.11432847610535202,-0.1823154056517784,-0.46875000000000666,0.9132784558773199,0.539579974998694,0.0,-6.901952214452212,0.9698294116650574,-0.5252999999999872
2015-03-01,-0.33462612548724735,0.32257451851229746,0.3012601785186142,-0.33239346216445975,-0.1832825012664907,1.2551724897927663,8.352144469525967,-4.880212954747121,0.06816874605011236,-0.09999999999999964,-0.10000000000000142,-0.10000000000000142,-4.683497987559459,-0.10000000000000142,0.24203307785397588,0.26939517808124425,0.2427427010642358,0.18900077459333975,0.1515717785806281,0.2739726027397138,0.20931449502878952,1.4125052995705767,0.6810267040179063,0.0,6.916787293141913,-0.01342203058545266,-0.2746000000000066
2015-04-01,-0.5455808831756226,-0.016839109779032135,0.18324065074331042,0.2844350399435758,0.2985781068862048,0.08543427274756432,23.958333333333325,8.768656716417912,0.19372281316747397,0.0,0.0,0.0,7.447216890594999,0.19999999999999574,0.16096579476860828,0.10424788961589382,0.2454777678552844,0.08865248226950229,0.18451332020317235,0.0,-0.3133159268929431,0.7868646202772389,0.6565473173561154,0.009999999999999995,0.8708697720370306,0.28777340571015664,-0.4317000000000064
2015-05-01,-0.44130635364704185,0.027405533127322634,0.3013964436810346,0.21405909560032743,0.20939615592741045,0.45018594636914155,-9.327731092436975,9.090909090909083,0.24221649338507234,0.1999999999999993,0.0,0.0,-0.6252232940335833,0.10000000000000142,0.3214142225793415,0.3297745341246827,0.14170526961292396,0.23997363379817394,0.12209254200812314,0.36429872495447047,1.3095861707700385,0.8446861250391402,0.4944706597217685,0.0,-4.171654514455692,0.23842588719527047,-0.3394999999999868
2015-06-01,-0.3145062410606636,-0.3964245079812967,0.07056379680796532,0.05874051188161644,0.04133794262841661,-0.25601887936260725,11.67747914735866,8.41194968553458,0.12081561135526275,-0.2999999999999998,0.0,0.0,-5.662412367427649,-0.19999999999999574,0.0,0.27679208104607333,0.15557247360233895,0.19419071788917552,0.11987681623710778,0.3629764065335772,0.7238883143743546,0.8927490514635261,0.7614714732265382,0.010000000000000009,-1.1583450051103394,0.3254909488478397,-0.2318000000000069
2015-07-01,0.6480993526961187,0.7360891749179643,0.370792926411867,0.17154358731950037,0.16412426926206702,0.7510351152328898,-4.89626556016598,-17.331399564902107,0.19899935783895817,-0.09999999999999964,0.10000000000000142,0.0,15.396341463414643,-0.10000000000000142,0.16019223067682553,0.15863197801873063,0.20697005750545117,0.09126707412117074,0.09908961416980056,0.1808318264014508,-0.462012320328542,0.4985323423994048,0.5515756540683592,0.0,1.462984948872137,0.3543827833190516,0.5150000000000006
2015-08-01,-0.1838518594625027,-0.2981823092397806,0.24707145338007663,0.20397756246812726,0.1986554201136137,-0.020467190554929182,-1.3961605584642212,2.1929824561403466,0.09437217851835378,-0.10000000000000053,0.0,0.0,-9.725891677675037,0.0,0.35985605757697936,-0.000420108051790713,0.10388967905510249,0.007171763741609105,0.08043061312874578,-0.27075812274367506,-1.0314595152140282,0.735793196115897,0.4676155008559446,0.010000000000000009,0.6341297701279558,0.38628921954657613,-0.120900000000006
2015-09-01,-0.27910650288459626,-0.2358333192244877,0.059056513145971934,0.26812502373627645,0.2668323815711249,-0.2241077441077488,8.318584070796465,-1.8025751072961338,0.10554089709762238,-0.09999999999999964,-0.10000000000000142,0.0,0.3841229193341844,-0.20000000000000284,0.03984063745019473,-0.22475875193775918,0.20550455692969205,-0.1383026677047816,0.14424662050775972,-0.5429864253393646,-1.4590932777488352,0.6278400273024953,0.7985176581608577,0.0,1.3202805596189249,0.5169238899761286,-0.19239999999999213
2015-10-01,-0.4835506432950498,-0.16162023537257264,0.06846512213547484,0.26513544633659514,0.24129989424974685,-0.36553299245717374,-13.56209150326797,1.3986013986013957,0.21367070813564926,0.0,0.0,0.0,5.193148688046656,0.10000000000000142,0.35842293906809264,0.09894820166906904,0.18576665735092757,0.0,0.032923165562359635,-0.09099181073703999,-0.8461131676361644,0.7739829459154857,0.42848753110267257,-0.020000000000000018,0.9106726390996966,0.4575813089947145,-0.35089999999999577
2015-11-01,-0.7357319171217069,-0.27846881149311553,0.16593398815656357,-0.061197660889400485,-0.015663225170481354,0.24711161207813248,10.775047258979198,7.241379310344831,0.16061271295211288,0.09999999999999964,0.0,0.0,-1.1259310583751958,0.0,0.1984126984126977,0.11946174910508756,0.19403695316859704,0.06257886475782293,0.10696507179002168,-0.36429872495445936,-0.9600000000000053,0.8388138824482416,0.22318985900100508,0.0,-2.4065446274624813,0.771155670406598,-0.5463000000000022
2015-12-01,-0.490405888487655,-0.2606968426604239,0.31640103635077743,0.3817746093425223,0.4241788635761745,0.5276017903864005,-2.2184300341296925,-2.6527331189710623,0.18836479749033685,-0.09999999999999964,0.0,0.0,2.4001401541695833,0.20000000000000284,0.0,-0.10755534268560574,0.1252860903779407,-0.08406979843752493,0.06575432540172343,-0.2742230347349328,-1.184706515885836,0.3337733808985499,-3.145080376688958,0.12,-6.73232342217045,0.5753609192790554,-0.3605000000000018
2016-01-01,0.5240216999506275,0.42976615694556575,0.16748452333437136,0.12577005919476303,0.13148246526231144,-0.5613989804478248,-4.712041884816753,-3.303055326176718,0.0929569392704721,-0.20000000000000018,0.10000000000000142,0.10000000000000142,2.857142857142847,0.0,0.47524752475247567,-0.04584435630738959,0.16683909432542166,0.04104416351993212,0.17557189206949264,0.5499541704858002,-0.49046321525886283,0.5620016007152673,0.5679365256411772,0.10000000000000003,-1.6604868611961865,1.0376323263620035,0.40339999999999065
2016-02-01,-0.5184776724149187,-0.33153086780606245,0.6664739387594043,-0.05114743247409681,0.05502973929110144,0.9652822842310282,12.17948717948718,0.0853970964987294,0.136861950981082,0.10000000000000053,-0.20000000000000284,-0.10000000000000142,-4.025282767797734,0.09999999999999432,0.039416633819455704,-0.13296753235823022,0.22657222755197992,-0.052309838352349036,0.17321430401673332,-0.09115770282589475,-0.7119386637458813,1.1862552589242625,0.5421288236573618,0.03999999999999998,2.9057377049180433,0.656434172908904,-0.39569999999999084
2016-03-01,-0.7419897116952456,-0.04891080557201111,-0.3717789506364477,-0.012793401614985545,-0.006245566098173061,-0.5966631852387438,-9.306122448979593,-4.607508532423211,0.17851414864091808,0.09999999999999964,0.0,0.0,6.221837088388216,0.20000000000000284,0.2758077226162392,0.31347962382444194,0.164148099873751,0.23397814151573382,0.14324302201849104,0.09124087591241281,0.44125758411470706,1.5348576112957923,0.9036209688908281,-0.020000000000000018,0.35047194233142065,0.45857002316651574,-0.5704000000000065
2016-04-01,0.33821722395370735,-0.10801816312853152,0.2656570142021364,-0.1761199421965287,-0.15357850139394724,0.15949049253465297,4.680468046804687,3.75670840787119,0.13364703261822264,0.09999999999999964,0.0,0.0,-5.318975363028223,-0.10000000000000142,0.3143418467583592,0.38306451612901693,0.25944134714308564,0.3276238059647829,0.24622992357676843,0.27347310847767314,0.6040637012630468,0.7800268867459659,0.6021993285317828,0.010000000000000009,-1.2977735444695715,0.6294324840864896,0.23820000000000618
2016-05-01,-0.22677943798843359,-0.07926544670303626,0.16316762754269298,-0.07464374575887334,-0.047501241318925747,0.04142301505754009,-1.2897678417884806,3.87931034482758,0.03197686543301437,-0.2999999999999998,0.0,0.10000000000000142,-0.4480441151128778,-0.19999999999999574,0.19584802193497453,0.23640958693178504,0.2376790197565759,0.16327696876308195,0.17020495938522284,0.1818181818181941,1.1462882096070048,0.7223564864645038,0.39212522198790456,0.0,-1.7370325693606636,0.4614696395357054,-0.19350000000000023
2016-06-01,0.4723710200531528,0.2585217548875418,0.44526498696784156,0.1486444680867116,0.10488336290688238,0.7856359295347559,4.790940766550533,0.24896265560165887,0.17164697706741894,0.10000000000000053,0.0,-0.10000000000000142,-0.6058507876060215,0.0,0.15637216575450363,0.2775957287827202,0.1630674484192962,0.17523662037839394,0.10378087989906248,0.5444646098003547,1.2412304371289817,0.13051768760996563,0.610848999326441,0.010000000000000009,-0.666994025697687,0.37966673697531483,0.3263999999999925
2016-07-01,0.11720887146766668,0.03172983849912825,0.18225908592435225,0.4656138870472004,0.4255695997210873,-0.04908630118714008,2.9925187032418865,-0.8278145695364225,0.2587636232457058,-0.10000000000000053,0.10000000000000142,0.20000000000000284,3.831417624521083,0.09999999999999432,0.2732240437158584,-0.05037007434789409,0.11674880827341472,0.017289600813619188,0.14534588254426772,0.0,0.05330490405117683,0.34232387402060027,0.5406714586145611,0.010000000000000009,-2.319258496395471,0.4513864568497894,0.054100000000005366
2016-08-01,-0.15070828855183738,-0.42520557625593813,0.10715221781965045,0.07724266194710783,0.11108716217693715,-0.14946645812536907,-5.488297013720745,0.25041736227044975,0.09756435095489291,0.10000000000000053,-0.20000000000000284,-0.20000000000000284,-4.780275075478024,0.10000000000000142,0.07785130400934648,0.18492217858316895,0.23968139321870474,0.13930975575033866,0.17659775294585067,-0.27075812274367506,-0.586041555673944,-0.31152196831497614,0.5961844004252148,0.010000000000000009,1.7839068825910909,0.6151557645673433,-0.1518999999999977
2016-09-01,-0.10551340414769461,0.1963733432259307,0.26797883891236385,0.30273737532691136,0.23565069497852864,0.4276862707361051,-8.795900939368062,8.49292256452956,0.21152902302625787,0.09999999999999964,0.10000000000000142,0.10000000000000142,3.364453056191641,0.0,0.2333722287047868,0.26232097944252075,0.16866393208359032,0.18988819951462066,0.13272139651276937,0.09049773755656076,0.1607717041800738,0.9251384619494374,0.6469408370962437,0.0,-3.662730474414755,0.508212247915174,-0.11750000000000682
2016-10-01,0.015595615809083085,0.093265562370215,-0.046079764071604856,0.12700499802020815,0.17173738438192032,-0.05962108670076738,22.940074906367048,-3.760552570990028,0.06760159208647476,-0.09999999999999964,0.0,0.10000000000000142,-4.7205180640763515,-0.10000000000000142,0.5044625533566105,0.23426874979268764,0.12055842663214467,0.20473111304806224,0.12849829006211788,0.3616636528029016,-0.10700909577314732,0.7707542308235338,0.35688103191995335,0.0,-7.268504580448154,0.5500777616891384,-0.022700000000000387
2016-11-01,-0.417168298044468,-0.1144881255007002,0.16826867667059098,0.36187818508763847,0.26618968653175923,-0.10759503784468771,-13.175932977913174,-1.9138755980861233,0.08134284631027278,-0.20000000000000018,0.0,-0.10000000000000142,6.796637453049548,-0.09999999999999432,0.0,0.11789477167711837,0.13606698188182165,0.033377837116166376,0.044461959761932235,-0.18018018018017834,-0.2142474558114449,0.15195373573864135,0.4399516133976489,0.009999999999999953,2.114929734242388,0.683454607794598,-0.34199999999999875
2016-12-01,0.6835853098808187,0.011975156079557792,0.7033934707903811,0.3605733487970886,0.2929105515461883,0.9374050197558992,9.824561403508781,1.4634146341463428,0.15497682235523502,0.0,0.0,0.0,-0.11723329425556983,0.0,0.11583011583011782,0.2524522158776188,0.17596530397103738,0.17188906077794108,0.11615574970962328,0.18050541516245744,1.0198604401502775,-0.2765160102612074,0.5365545157249629,0.13000000000000006,-4.83262933187989,0.19978507968700931,0.49260000000001014
2017-01-01,-0.2628724699913376,0.16078998393107558,0.05941272803442477,0.31112724363484556,0.2999158761343601,0.7047127001484466,-4.952076677316297,4.4070512820512775,0.15129841549295087,0.0,0.0,0.0,-5.81824279007378,0.09999999999999432,0.2699575780948704,0.4043076694815628,0.2188700384122999,0.38356330308566555,0.2673527037933887,0.540540540540535,1.3283740701381497,-0.07003936390780341,0.46464950486226897,0.10999999999999999,3.0162745191619322,0.5913629291723899,-0.2085000000000008
2017-02-01,-0.4014738596471723,-0.11813859384935954,0.054048704734221964,0.3537326549149844,0.2948135520967954,-0.18622364673112068,6.806722689075628,-5.295471987720646,0.14969648693932136,-0.10000000000000053,-0.10000000000000142,0.0,5.447747908136025,0.10000000000000142,0.26923076923077716,0.15926573570097524,0.21200397657175074,0.13574524137516253,0.1770890979523987,0.17921146953405742,0.47194546407971494,0.018047992869152374,0.4575288760040319,0.010000000000000009,6.6898309010887225,0.572870131917802,-0.29930000000000234
2017-03-01,0.6598918716692825,-0.32647231874802785,0.4435686352085577,0.3944308715744693,0.3665755897683587,-0.08513948159515339,-6.372934697088906,3.0794165316045286,0.08502118673121561,-0.1999999999999993,0.0,-0.10000000000000142,-1.890933648488946,0.0,0.15343306482547003,-0.04672016261895173,-0.021514115650322907,-0.05121201775349915,-0.042185192997257204,0.26833631484795006,-0.052192066805845094,-0.8507771384812957,0.47251433529711395,0.13,3.6866559555343237,0.5180960344003838,0.5092999999999961
2017-04-01,1.01874791064267,1.228028927800584,0.033329040956853184,0.291728970592553,0.17984728140156836,0.22197207990994894,-3.6974789915966366,-1.650943396226412,0.1404398164006393,0.0,0.10000000000000142,0.20000000000000284,4.818447771467915,0.10000000000000142,0.2680965147453085,0.12341528217407749,0.11277416475390378,0.19088762746772847,0.20498598257618905,0.535236396074934,0.7832898172323688,0.12295608929027146,0.39880527885758355,0.10999999999999999,-1.8008208392662706,0.41367734652346666,0.7952999999999975
2017-05-01,0.11837348433949568,-0.17115418929035675,0.06360696950651334,0.7169689971204374,0.6334500100778184,-0.46500398874753657,0.9598603839441555,-3.437250199840125,0.14024285958611493,0.0,0.0,-0.10000000000000142,-4.350681333114426,-0.20000000000000284,0.11459129106188293,-0.07739779600562935,0.08080341683018855,-0.043118576084222315,0.08022221553702913,0.0,-0.10362694300517505,0.20505727325002,0.31383433514586834,0.010000000000000009,-2.3839986352780618,0.3483650510713643,0.12879999999999825
2017-06-01,0.20600993800727885,0.04762988880369079,0.3193461727647673,0.07401655939103247,0.10141293034409138,0.44819404165568066,7.951598962834927,12.003311258278138,0.13868014756113212,-0.10000000000000053,0.0,0.10000000000000142,8.221764503947826,0.0,0.19076688286914223,0.0651628661825221,0.12568110408464062,0.08426797215144166,0.13426450106710508,0.17746228926354135,0.4149377593360981,0.05549651009637557,0.44058308545957825,0.13,-0.8388308794617605,0.07075784601324742,0.20780000000000598
2017-07-01,-0.23946880378206137,-0.38644681515727086,0.2519480715411859,0.3393542118353521,0.33561966733532955,-0.04146981627296542,-3.4427542033626857,-7.169253510716922,0.12893718916928698,0.0,0.0,-0.10000000000000142,-1.0626486915146671,0.10000000000000142,0.34272658035034986,0.03276499715354486,0.09493696026947607,0.0370867830723709,0.07304601899196239,0.08857395925596645,-0.05165289256198191,0.15721159401134166,0.4337403793573724,0.10999999999999988,1.1983962638234313,0.45297193783604417,-0.12239999999999895
2017-08-01,-0.41385799965637515,-0.16682079639146474,0.01203903657609473,0.16404460278802713,0.18212682669529467,-0.18432840915655335,-3.8971807628524036,5.015923566878988,0.10015534298095652,0.10000000000000053,0.0,0.10000000000000142,0.6091696056428342,0.0,0.07590132827324236,0.38486261632881824,0.2182669603349341,0.2244421510375405,0.1079892010798833,0.1769911504424737,0.15503875968991832,0.3861670958910768,0.33189244401361506,0.010000000000000009,4.802124602725399,0.41426843127909674,-0.24670000000000414
2017-09-01,0.10321739348497783,0.0447606010365309,0.5469578759677018,0.31384375631295924,0.27245747798341213,1.563634450465612,1.8981880931837836,-3.487490523123582,0.06057759717938982,-0.10000000000000053,0.0,-0.10000000000000142,0.7010834926704845,0.20000000000000284,0.4550625711035261,0.5106389920997767,0.10968776605224662,0.37289931718436087,0.12185620967257726,0.26501766784452485,0.5159958720330149,0.9041703771238252,0.4295425467136793,-0.010000000000000009,-2.0480225988700473,0.35049288061337336,0.1524000000000001
2017-10-01,1.231820304342679,1.0639429086188645,0.09428032683846954,0.4264990398377577,0.3965949869077612,0.0031081319091130766,6.435224386113458,6.520031421838168,0.09591314758381486,-0.09999999999999964,0.0,0.10000000000000142,1.3924050632911467,-0.3999999999999986,0.03775009437523291,0.07750522450138408,0.2824233026913259,0.1304780876494105,0.24541101356745365,0.528634361233471,0.051334702258731824,0.4783371399251779,0.5845615171905294,0.0,-1.9932991221001783,0.42567125081860446,1.0161999999999978
2017-11-01,0.23924842142566405,0.07831545345542423,0.5479554459146163,0.4655093388335141,0.2508116345246947,0.7485185031701924,1.2728719172633296,-4.2035398230088505,0.15154707133586687,0.0,0.10000000000000142,0.10000000000000142,-2.137952559300871,0.0,0.15094339622641062,0.2668007428251684,0.11438669012251435,0.1432393987923941,0.04876301176282016,0.0,0.5130836326321164,-0.31764938226638284,0.4918722184353408,0.010000000000000009,2.9166125751871608,0.34489004818316626,0.25840000000000884
2017-12-01,0.19552388551384858,-0.2630292198485873,0.7813952105157451,0.24308179238961003,0.21141270883329177,0.336773045816563,-7.5412411626080145,0.9237875288683695,0.10246179735635685,-0.10000000000000053,0.0,-0.30000000000000426,1.0365173018657359,0.0,0.33911077618689056,0.21068892447551058,0.20802471081413643,0.1450211075242125,0.14721241358732762,-0.2629272567922891,0.20418580908627693,-0.040369785909577516,0.39858536088226426,0.14000000000000012,-2.8802085523272902,0.27583019835222267,0.22010000000000218
2018-01-01,-0.0018725779682204902,-0.3171237896541501,-0.10401758708706854,-0.13866863884286484,0.11440809047300604,-0.8711337036505618,10.365335598980451,0.4576659038901587,0.09286687499576729,-0.09999999999999964,-0.10000000000000142,0.10000000000000142,4.498106060606055,0.0,0.3379647014645215,0.42533443635115464,0.33812474444061547,0.3749218912726615,0.32180209171359664,0.615114235500891,0.8150789607743292,0.20191619955258755,0.44553505468338805,0.10999999999999988,-1.2468612001039103,0.10873243899103269,0.05999999999998806
2018-02-01,0.24245410866083894,0.8712984281912028,0.04430889205615518,0.18372404363802275,0.14916213633759945,0.2739754352590884,-1.6936104695919885,0.3037205770690887,0.26682920222131923,0.09999999999999964,0.10000000000000142,0.3999999999999986,-1.04213864975079,0.29999999999999716,0.07485029940119681,0.26922876006090224,0.1986645977335888,0.21442899633394852,0.18909580524120173,0.3493449781659441,0.707427993936327,0.11393675938677905,0.4169284057376377,0.010000000000000009,1.0653222270933904,0.3409483254689816,0.23700000000000898
2018-03-01,0.4898312333777355,-0.05399813676758569,0.2893565507518181,0.24451615654719205,0.2657528663399411,-0.003093134272957876,3.210649960845724,4.844814534443609,0.1526470071730568,-0.09999999999999964,0.0,-0.09999999999999432,4.059829059829068,-0.10000000000000142,0.4113687359760698,0.0192362410782021,0.21899722733866867,0.10649207225683632,0.21838376252496516,0.4351610095735481,0.0,0.5316552930595186,0.3346524451735444,0.09000000000000008,-3.2273456816900192,0.46380593270154424,0.4188999999999936
2018-04-01,1.1018847101021745,0.7437166039976129,0.08979501711257054,0.13330497057362223,0.1119703770300573,-0.2505516260078777,-3.1866464339908918,-0.5054151624548697,0.09441596978689848,0.0,0.0,0.19999999999999574,0.8653564095042476,0.0,0.22346368715082665,0.2604406656061986,0.1400860807504456,0.23836728261297235,0.18043956260662686,0.25996533795493715,0.5017561465127995,2.0562406331467775,0.20534762782447036,0.17999999999999994,-3.581514187099377,0.14484997680972445,0.8900000000000006
2018-05-01,-0.9004876472062606,-0.8082576052237722,0.30738232331031234,0.2959962610998623,0.26402970917089874,1.3835626350226837,6.347962382445149,-2.9027576197387495,0.21695189327584075,-0.20000000000000018,0.0,-0.29999999999999716,2.0212301875818017,0.0,0.2601263470828785,0.2257949781598212,0.20067801893777215,0.17196313110467987,0.17519340170468745,0.4321521175453702,1.4478282576135593,0.303026499370862,0.40956712873561063,0.010000000000000009,-2.9939562993956392,0.4004332088807905,-0.707099999999997
2018-06-01,0.7769349155879013,0.7145353886127914,0.09677064623732079,0.4405659578073262,0.3965040171400869,-0.4419793742958644,-12.159174649963155,0.5231689088191382,0.14656250420190808,0.20000000000000018,0.0,0.10000000000000142,3.05017103762828,0.10000000000000142,0.18532246108229344,0.09011451720948305,0.0987769546364925,0.0863244425697074,0.09039103949695093,0.344234079173833,0.49212598425196763,0.7990287911597838,0.06266981465394839,0.1200000000000001,-1.624652544809746,0.2994819388262071,0.6033999999999935
2018-07-01,0.1614372371557593,0.0590893940928261,0.21239663973868783,0.5096302544636666,0.4604489604893791,0.5161396034736976,1.342281879194629,-0.8178438661710086,0.04027926960257222,-0.20000000000000018,0.0,0.0,-0.5532503457814641,0.0,0.2589715131335657,0.07808204989283585,0.11655056934953834,0.10585225769144113,0.13153761583162282,0.17152658662091813,0.04897159647405669,0.5998249399939981,0.5753910228375236,0.08999999999999986,-1.8560919764212924,0.2603798149038994,0.102800000000002
2018-08-01,0.6463528132455432,0.2284554251530846,0.21048477274221433,0.4070357030457883,0.36453257354736035,-0.11716521313880346,6.62251655629138,-4.572713643178405,0.17246007247349038,0.0,0.0,-0.10000000000000142,0.25034770514602567,-0.3999999999999986,0.405904059040596,0.17873207703393845,0.07450552776688824,0.06951447565524127,0.00980334490128243,-0.171232876712335,-0.4405286343612369,0.2484474585960461,0.5154971752908022,0.0,-1.9110493398193151,0.36203246294987945,0.47339999999999804
2018-09-01,0.06507569254665668,0.041175299917939334,-0.17795281333187196,-0.01880655025180422,-0.03827602913191175,-0.5977335087772984,-2.9503105590062084,3.220738413197166,0.05426154062582178,-0.09999999999999964,-0.10000000000000142,-0.10000000000000142,2.816315205327413,0.19999999999999574,0.4042631385519968,0.2062281702117419,0.18496186373311296,0.2054633688165497,0.1852650564617253,0.0,0.0983284169124854,0.741105525291097,0.3172733758089574,0.040000000000000036,-1.9280400789433716,0.1589165547453586,-0.0007999999999981355
2018-10-01,-0.11027815455079137,-0.37473700302513846,0.29224598344426145,0.11286052668246782,0.14515729628286067,0.7629475326061286,-2.32,-3.1963470319634757,0.113150952744423,0.09999999999999964,0.10000000000000142,0.10000000000000142,-1.443799757117803,0.10000000000000142,0.18301610541728852,0.2339580144498754,0.212487614565271,0.17282118377628386,0.157526539797459,0.8576329331046351,0.4911591355599265,1.1113310972024282,0.44984281239524027,0.24,-2.1775025799793624,0.09618152331876129,-0.1512000000000029
2018-11-01,0.0793379083257717,-0.25525636296568344,0.5332517429027073,0.2846167763844498,0.2244171215247226,0.5616404177423373,-3.276003276003281,5.3459119496855445,0.06018979849793382,0.0,-0.10000000000000142,-0.20000000000000284,3.9704271631982424,0.0,0.2557544757033181,-0.07041919199911595,0.2016090098371448,0.0341147229397043,0.18560850282320907,-0.42517006802721413,-1.1241446725317572,1.047886299131351,0.3806866650634788,0.010000000000000231,-2.9011499103280936,0.21602513747054353,-0.007999999999995566
2018-12-01,0.02450318589461986,0.36093606698026637,-0.855053875640388,1.3059377840692221,1.14770515774687,-2.0193223016628514,-7.281964436917865,-1.716417910447765,0.12832766330028722,0.10000000000000009,0.10000000000000142,0.20000000000000284,-1.382670529365293,0.10000000000000142,0.4373177842565523,0.06848935445813442,0.24051896592260924,0.06918055149565117,0.1745387885643046,-0.2561912894961549,-0.6426099851705391,1.2973857624560825,0.3944289707718873,0.06999999999999984,-4.394828335506295,0.7250636880266503,-0.057999999999992724
2019-01-01,-0.6643059707801324,-0.8758069746189867,0.2879632810273147,-0.006164679128450867,0.41931954523533044,0.3529642798081767,11.963470319634695,-4.783599088838264,0.1675466761009048,0.10000000000000009,0.0,-0.10000000000000142,0.17358792896247088,0.10000000000000142,0.10885341074020616,-0.08149798035343991,0.270319114983697,-0.05160611873301635,0.13140604467805073,-0.08561643835616195,-0.9452736318408039,0.9479821136629596,0.501224101235076,0.1299999999999999,-2.9888061821694456,0.4738743746525831,-0.6118000000000023
2019-02-01,-0.5464105661296959,-0.5847674956903304,0.049556541827899814,0.2418073213502847,0.22768313502756765,-0.0329579220030185,-8.564437194127239,2.551834130781505,0.004664800746367881,-0.20000000000000018,-0.10000000000000142,-0.29999999999999716,-5.811783524393499,0.0,0.36245016310256783,0.3001255142321968,0.16106394238510902,0.1831501831501825,0.09040536599591587,0.3427592116538092,0.050226017076848706,0.2827959396340951,0.3131059058613328,0.0,0.3748608914660556,0.3208807623684251,-0.5147000000000048
2019-03-01,0.037535091907470175,-0.24060753152428394,0.7014604654550727,0.16400500215256741,0.17887191558536575,1.1513318875146172,6.244424620874223,0.6998444790046632,0.15193213697881625,0.0,0.10000000000000142,0.0,3.552221907727149,-0.10000000000000142,0.2889129649692901,0.37817929172307974,0.1458730559831034,0.22657435139445958,0.09226615386110915,0.512382578992332,0.8032128514056325,0.23705262341837674,0.2858635260411413,0.010000000000000231,0.7119099025500342,0.36466160230514966,-0.054000000000002046
2019-04-01,-0.584880588904857,-0.643400818619333,0.007956715467849484,-0.09824187969463827,-0.061281831336590376,-0.3646400961509033,6.801007556675054,2.0849420849420763,0.19694600618782587,-0.09999999999999964,-0.10000000000000142,-0.10000000000000142,-0.6150061500615034,-0.20000000000000284,0.07202016564638036,0.3759679404743643,0.1643938264383582,0.28233513471558336,0.2008577694113889,0.679694137638065,0.6474103585657254,-0.3583356205121846,0.41658772974888514,0.009999999999999787,-5.909960020858684,0.23695868676809617,-0.5438999999999936
2019-05-01,0.1153763419832865,-0.004124632304114417,0.3703194728733816,-0.009560686457288359,0.037096063980857075,1.0560104680998883,1.650943396226423,1.8910741301058964,0.017929358328183653,-0.10000000000000009,0.0,0.0,0.04125412541253759,0.10000000000000142,0.32385750269881,0.02468332856644384,0.08397042714227698,0.07256191950464341,0.10264852563792726,0.08438818565399409,-0.19792182088075316,0.20136160681607507,0.3623337727276521,-0.029999999999999805,-2.9312149762916517,0.7482527065917566,0.006399999999999295
2019-06-01,0.04443706539574155,0.3752564168344241,0.3386874779312654,0.12498377942753436,0.15714165317182172,0.1335302567422758,-3.8669760247486473,-3.563474387527843,0.14606487936368318,0.0,0.0,0.10000000000000142,-1.1134020618556728,0.10000000000000142,0.3228120516499233,-0.03251128102280676,0.1990717611749071,0.04737274616908316,0.18283657892446126,-0.0843170320404707,-0.6941001487357323,0.17733209984787113,0.2680883042135429,-0.010000000000000231,1.5859925141153308,0.6501985962239498,-0.046900000000007935
2019-07-01,-0.4848810250152602,-0.7115244102285367,0.47256196091667313,-0.05729799047763384,-0.03430774481950616,0.528357545511482,-0.24135156878519748,6.158583525789063,0.06563332847160375,0.10000000000000009,0.0,-0.20000000000000284,-2.1128718376424827,0.10000000000000142,0.2145155523775477,0.23078761661827762,0.2059077639787077,0.13335394843647652,0.11394360757048805,0.16877637130801038,0.19970044932600128,0.3139400851444485,0.5887670304493886,0.020000000000000018,-1.417598201461312,0.5669378598264885,-0.45579999999999643
2019-08-01,0.6849073187575438,0.6597901511985471,0.3838483477365928,0.5098349690823012,0.4437697418443465,0.5893939241676582,10.88709677419355,7.469180565627265,0.15370651331350071,-0.10000000000000009,0.0,0.0,1.9312695257029278,0.0,0.39243667499107016,0.09147700174354512,0.2267547857794039,0.04632220956939381,0.11477844865834808,0.08424599831506896,-0.7473841554558991,0.7835046201566387,0.3861273225081785,-0.27,0.5194476118079328,0.6161516391514965,0.4562000000000097
2019-09-01,-0.3383704050117342,-0.8146184039777293,0.1609273975333947,0.19760296064916805,0.182746198646222,-0.7922434075457896,-4.654545454545456,-0.8771929824561431,0.12965621258327342,-0.10000000000000009,0.0,0.0,-0.7522986904430207,0.10000000000000142,0.0710732054015617,0.1538846099767177,0.19365082974263093,0.06076975016879871,0.07321984257735448,-0.42087542087542174,-0.40160642570280514,0.28014182356965733,0.29653273552943116,-0.08999999999999986,-5.167632972019154,0.4861630516080906,-0.32920000000000016
2019-10-01,-0.8442522707120981,-0.8232300099794698,0.007109240590930099,0.2094120198433025,0.19575752587728257,-0.01460184788902863,1.067887109077037,3.6759700476514556,0.0627621973375625,0.10000000000000009,0.0,-0.10000000000000142,2.3161145423919116,0.09999999999999432,0.28409090909089496,0.2827282299262768,0.2201310195621753,0.17737846201304475,0.1492206829493803,0.4226542688081203,0.10080645161290036,0.005226832507854162,0.4196433603901095,-0.20999999999999996,2.8110047846889863,0.9197724493593462,-0.7106000000000137
2019-11-01,0.5019319103877651,0.8335295838774792,0.5374203821655987,0.46528928414431014,0.3452023960494488,0.4159616469261218,2.1132075471698153,0.7879185817465606,0.1366697477881873,0.0,-0.10000000000000142,0.0,-5.5014405268212325,0.0,0.3541076487252104,0.281542260504386,0.2181379024040364,0.10296679080419313,0.06152189795054497,-0.42087542087542174,0.20140986908359082,-0.05871547960916157,0.024497613502605375,-0.28,3.1090427250985764,0.7619060162258995,0.34210000000000207
2019-12-01,-0.23239798621111918,0.050856111580133145,0.16191984614080113,-0.3958183274656135,-0.46129225711130095,0.029588469523877947,14.412416851441234,-5.993485342019545,0.08373607970091346,0.0,0.0,0.0,-2.7439024390243927,0.0,0.14114326040930436,0.29122185210892493,0.17774564297226014,0.2720526032454096,0.22095838296891657,0.08453085376163294,0.0,-0.485950381828415,0.664272948166067,0.0,6.46313941825476,0.3280766993654094,-0.21039999999999281
2020-01-01,-0.6553569655153413,-0.3535886366576202,0.4588548395066949,1.0090224039468687,0.9746211869624766,-0.33640661582966525,2.131782945736438,3.2571032571032665,0.15613265346456906,0.0,0.0,-0.10000000000000142,6.344230482161506,0.0,0.17618040873854657,0.19216641534238743,0.2616344635741674,0.17544364232504606,0.17733555721708427,0.5067567567567544,0.1507537688442362,-0.14968956339016515,-0.49076814691897397,0.0,0.9951127598186504,0.4787805751880869,-0.5225999999999971
2020-02-01,0.3362241150981271,0.22716463046703605,-0.34643411778760846,0.5272384214963566,0.4329790767150232,-0.006539564364405059,-2.024035420619863,-1.946308724832213,0.17233327413488375,-0.10000000000000009,0.0,0.20000000000000284,-2.2178551375631628,0.0,0.38691523039042774,0.04746707213065804,0.2452046371421268,0.07943343860656871,0.19520223525695268,-0.5042016806722671,-1.304565980933281,-0.1451734048235398,0.3231542719718927,0.030000000000000027,0.6821361940298587,0.4395461912479748,0.25739999999998986
2020-03-01,-3.9119691043517424,-4.51984146658585,-6.574104108198053,-2.2316733889754192,-1.3716263885338087,-8.708250954587305,-18.269851517107817,-7.5290896646132754,-0.9179673392736398,0.9000000000000004,-0.19999999999999574,-0.29999999999999716,-15.389032443296013,-0.6999999999999957,0.6657323055361042,-0.4528447444551498,-0.11818827841568735,-0.2887934744149945,-0.0754457506852102,-0.2533783783783883,-1.8301982714794107,9.093063158268189,-0.3696986121623169,-0.93,21.57044414847413,3.4958174119591012,-2.9876999999999896
2020-04-01,-13.187752931490081,-15.371556283705957,-10.94791344317727,-6.146650963626588,12.087159556119186,-13.685683898449852,-26.066350710900476,-20.13323464100666,-13.56506179793896,10.4,0.10000000000000142,-2.8000000000000043,-21.852731591448926,-2.5,4.559693699965184,-0.7920147553434065,-0.48978858208451603,-0.415264071505983,-0.3239926599892917,-1.1854360711261558,-3.9357845675815573,13.891523378055215,-1.5411415943889617,-0.6,40.687815566352285,6.421194431971267,-9.704000000000008
2020-05-01,1.6538180906531252,4.46000247937921,8.322173817232548,2.412522485928159,-4.234384779183953,19.41301905102406,11.00427350427351,15.940685820203893,2.0042016162421517,-1.6000000000000014,0.5,1.0,21.841076856274434,0.6999999999999957,-1.0652463382157085,-0.08983252093487382,-0.12568392374673332,0.10015601224984128,0.10451324633484749,0.5141388174807249,1.6711590296495826,3.9344104239060096,-0.39450488766639147,0.0,8.938244853737821,5.086146272855152,1.1026999999999987
2020-06-01,6.553017435935615,7.858988928367627,5.448143656351467,2.308945392733186,-0.03338765925233744,7.75185923791295,21.84793070259865,6.554756195043976,3.4809079975947066,-2.1999999999999993,-0.10000000000000142,0.5,9.21240199572344,0.7000000000000028,-1.144010767160164,0.4847499237691677,0.16464967672902286,0.3155606011044698,0.15612727725522468,0.34100596760444635,1.3785790031813239,-3.6787458089645564,0.30274650462400743,0.03,-5.407757334659369,1.3835678316296507,4.334400000000002
2020-07-01,3.7472132271539227,3.6779644440097625,1.5337468835331824,0.8141225337487068,0.9561049732448756,1.0806894977622106,20.53712480252765,15.453863465866458,1.1505691104154003,-0.8000000000000007,0.0,0.8000000000000043,6.542666014031662,0.0,0.034036759700484254,0.5096443382793581,0.5792762056656242,0.29538697611970477,0.3557595753837406,0.5947323704333041,0.9414225941422716,-2.323164962951252,0.39783861519457897,0.009999999999999995,-10.681429885661709,0.8327832783278311,2.6885000000000048
2020-08-01,0.9779469953359987,1.434946620971922,0.8002338582964841,1.1371595731531459,-3.2515755349736497,0.46682636611754535,-8.51900393184797,-0.32488628979857603,1.1245556712505822,-1.799999999999999,0.10000000000000142,0.29999999999999716,-1.5467075038284817,0.20000000000000284,0.3402517863218657,0.3731343283582156,0.38632853258735445,0.2792174262273184,0.29160353354868995,0.08445945945945166,0.6735751295336767,-1.4386930227535788,-0.11256214205351833,0.010000000000000009,2.9869413279381973,0.446774387117177,0.8088999999999942
2020-09-01,0.0125058751559326,-0.026208912509784188,1.2441093308199758,1.2031341236539372,0.6412379408015756,1.7237756941763882,5.515759312320911,7.56192959582791,0.6739051703936294,-0.6000000000000005,0.09999999999999432,0.20000000000000284,1.2754705241872832,-0.30000000000000426,0.06781959986437158,0.2626139536318739,0.19037187711885561,0.17831601029845157,0.15868038729416334,0.16877637130801038,0.6176016469377155,-1.9513037140679312,0.3770620831869964,-0.010000000000000009,1.8966317819766543,1.0410952952485397,0.12590000000000146
2020-10-01,0.8049650452395696,1.0266439040375497,0.3043409764690752,1.4920766970359711,-0.062263650029148465,-0.5273901870842201,4.752206381534285,-2.3030303030303068,0.4867038160400572,-0.8999999999999995,0.0,0.19999999999999574,4.407925049915518,0.30000000000000426,0.10166045408335211,0.1238475828567287,0.1386962552011095,0.08947523725215678,0.09202162982639983,0.6739679865206405,0.5115089514066584,-2.224022849643137,0.1441136342283933,0.0,0.8342680874929842,0.8325718892770784,0.7185000000000059
2020-11-01,0.3537338457753503,0.5479712924567837,-0.26272390430568393,-0.12824072237866968,-0.8235893325237664,-1.1839862479900765,0.0,4.962779156327546,0.19163273901445788,-0.20000000000000018,0.0,-0.10000000000000142,0.3236245954692629,-0.20000000000000284,0.3385240352065111,0.2274132890799363,0.25064424854999157,0.10175842360033993,0.09288483228599986,-0.16736401673640433,0.9160305343511421,-2.247389612997941,0.02503475482591444,0.0,5.496071751373144,1.2926508137036885,0.4000999999999948
2020-12-01,1.319920561671828,0.7920336668942429,0.4037135924067625,-0.12244843927881055,0.19585191775333133,0.42610374062401757,4.601425793907965,3.7234042553191404,-0.12961263337840645,0.0,0.0,0.20000000000000284,-0.689149560117297,0.0,0.9109311740890691,0.4346309661148906,0.13334271670970566,0.41897052955595093,0.2755551347000562,0.08382229673093988,1.1094301563287834,-1.7845195191950824,0.32157320129166944,0.0,3.3051042936698805,0.6157116995747947,1.1265999999999963
2021-01-01,0.5278407531287055,0.974957539840271,1.2690083911397476,-0.019880847454256667,10.09278624404768,3.586564615092658,0.6195786864931829,5.754985754985764,0.22097819681792252,-0.2999999999999998,0.20000000000000284,0.10000000000000142,5.743392883508047,-0.10000000000000142,0.06686726847207058,0.24499608845809373,0.017015547031329348,0.42384506948978107,0.36356425171866213,1.2562814070351758,2.14463840399004,-1.1205605736191893,0.20594084036793525,0.0,0.5996810207336667,1.3384311223155532,0.5498000000000047
2021-02-01,-3.3042347358776314,-4.1505197352141865,-0.9194139967757198,0.07953920288461536,-7.24050250742091,-2.893540265303818,-13.916256157635464,-8.24353448275862,0.3618851627083197,-0.20000000000000018,-0.3999999999999986,-0.20000000000000284,9.285115889416362,0.0,0.4009355162044814,0.33956762230333837,0.15015514799159302,0.33255767944453396,0.20699842869373875,0.8271298593879317,2.83203125,0.9726198841032874,0.4638985096639514,-0.009999999999999995,6.091064747288977,1.3733980893199105,-2.367599999999996
2021-03-01,2.8977701174189185,3.1337542110889016,4.305071016974438,0.94112816165417,20.159332178493973,10.19310398204405,20.743919885550778,3.1121550205519766,0.5942251360022244,-0.10000000000000053,0.29999999999999716,0.20000000000000284,8.585665005749332,0.10000000000000142,-0.06655574043260559,0.524320981565296,0.2459443190924393,0.5201877934272403,0.40562999408455536,0.9023789991796427,2.089268755935425,0.006154316946016536,0.2783570855137807,-0.009999999999999995,11.219701724498643,1.1867789465109357,2.2746999999999957
2021-04-01,0.17594038151924618,0.22311131154697517,0.7901907356948179,0.8956105242438062,-13.346564610774692,0.2655838454785009,-11.789099526066348,-2.6195899772209597,0.24613123301346906,0.0,0.0,0.0,9.965878338628077,0.10000000000000142,0.6327006327006224,0.6238653990587206,0.8108038414641028,0.526836923421814,0.5844781311662439,1.0569105691056846,1.3488372093023226,-1.1991520708098724,0.41222188977370067,0.0,4.4608067073334645,1.5079624644645184,0.2744
2021-05-01,0.8873899513690775,1.0952185844516515,-0.16626115166261668,0.5163388066981023,-2.3870521057825833,-1.2591668308487125,7.45466756212223,-0.29239766081871066,0.33059680330873586,-0.2999999999999998,0.0,-0.10000000000000142,6.5054568799486345,0.0,0.6287227001985585,0.6635060424433847,0.6595775780164903,0.5175714099871831,0.5029844363041214,0.9654062751407899,3.2124827902707764,-0.4161287529592328,0.7542088161409444,-0.010000000000000009,-0.3832994623517605,1.404268818590082,0.8093999999999966
2021-06-01,0.3674825234604384,0.01582357631200182,0.8205044884032731,0.3338314927314068,-0.35745197928704897,0.2531825175476232,4.0000000000000036,-2.521994134897365,0.5204563471547186,0.10000000000000053,-0.10000000000000142,-0.10000000000000142,3.6668675909182324,0.10000000000000142,0.42749095692207195,0.8461787818155431,0.7935672408473149,0.5407903859486973,0.46623928065938625,0.8764940239043728,1.7785682525566893,-2.711479969954067,3.5669477817013684,0.020000000000000004,-0.6275178184071972,0.07430037883418006,0.40569999999999595
2021-07-01,0.4541141317472075,0.8962892949517354,-0.15846796395525553,0.3965567269561765,0.6171799314846238,-2.107474568774881,-3.8461538461538436,0.24067388688326918,0.6460019201755651,-0.5,0.0,0.0,6.434732047679037,0.09999999999999432,0.39292730844793233,0.4614747980816958,0.359083885885525,0.4560500183891092,0.418957119048291,0.9668246445497575,1.2887723896898073,-1.059650445386362,0.3938020263623443,0.020000000000000004,2.489540292611947,0.7683402775403358,0.46050000000001035
2021-08-01,-0.2076768619846625,-0.58715997276646,0.6806106664873246,-0.0019267822735979934,-0.14265675070359585,0.33252761650890417,-0.24999999999999467,4.441776710684264,0.3761191589103374,-0.3000000000000007,0.0,0.0,-1.0106528270964255,-0.09999999999999432,0.391389432485334,0.2842925602144719,0.1252476242427747,0.3825876839715914,0.32184709053897365,0.7283452246839461,0.6750053914168719,-0.8940027835369624,0.39724176029152236,-0.010000000000000009,4.974771165597502,1.037809015996105,-0.06640000000000157
2021-09-01,-1.1852820317521218,-1.2240976998686204,0.13627072450601574,0.24599060996679523,-0.8941073346160899,0.2296562810992775,-1.253132832080206,-5.229885057471262,0.3102217033004395,-0.39999999999999947,0.0,-0.10000000000000142,-0.3495217071376011,0.0,0.6497725795971299,0.4525517463950024,0.25125718197684943,0.3282455276546914,0.21204836896415724,0.2803774610694809,0.9695178116230663,-0.46754625177213294,0.5365160669349667,-0.009999999999999995,1.2825777155140994,0.6783694186844214,-0.8436999999999983
2021-10-01,1.3435446231408799,1.4092560273794907,0.6330633863887991,0.3568682726806882,0.12544834825822804,0.4915064628157939,0.6979695431472033,3.032140691328067,0.5420549363542193,-0.20000000000000018,-0.09999999999999432,0.0,3.7290012922281734,0.09999999999999432,0.5164622336991664,0.9638202329232071,0.704331099972122,0.6616136830434272,0.498900958583004,0.7597819015458862,2.0311611605665414,0.19088526481032542,0.40079798060039806,0.0,-1.5525135934369771,0.8515403492888041,1.0966999999999985
2021-11-01,0.678038170963835,0.5905521810200431,0.20151801398693436,-0.04149721968628173,-0.15817562676740948,0.16050072650051206,7.5614366729678695,4.17892878163626,0.4428829119887956,-0.40000000000000036,0.09999999999999432,0.20000000000000284,-0.347036839295245,0.10000000000000142,0.28901734104045396,0.8566262881938069,0.6170384992260303,0.666293494158654,0.5281881874614314,0.7632766320514683,1.173559561682569,0.6133545419531927,0.5653956953622918,0.0,1.2717715171628674,0.8353729410986332,0.5781999999999954
2021-12-01,-0.2902878489551397,-0.11877036315856015,-0.3751017140891322,-0.2963492833967907,-0.2984208657866527,-1.4703125418463303,0.23432923257176164,6.553672316384174,0.39268243650740775,-0.19999999999999973,0.10000000000000142,0.0,2.866327350656306,0.10000000000000142,0.5123278898494954,0.6905230550805275,0.6259571074712644,0.6197309417040442,0.5849959375282099,0.19376001220534622,-0.8011114445079293,1.5526932049703124,0.5014473283220688,0.0,0.17461608381570404,0.7581650344407498,-0.1932999999999936
2022-01-01,-0.3847966543571557,-0.9540228722812572,0.05710794730131585,-0.731544827939623,-0.5618163909983043,1.2544169611307332,-1.0520163646990044,1.9618239660657455,0.12682223527527015,0.10000000000000009,-0.3999999999999986,-0.29999999999999716,-2.690972222222221,0.20000000000000284,0.669002867155144,0.6046039630400957,0.5529840802300345,0.547280976192388,0.5008167441526545,1.3171519064441695,2.1194341545881734,0.5591603004068357,0.3151841618302287,0.0,-7.564650540843854,0.6724705619733262,-0.28070000000001016
2022-02-01,0.6196499297304259,0.5806836917517044,0.06703035612365404,-0.08388936928099833,0.08539671123779513,0.3489792357354693,2.1854695806261093,-4.004160166406656,0.5459781608735614,-0.10000000000000009,0.20000000000000284,0.29999999999999716,4.353256021409457,0.09999999999999432,0.12658227848101333,0.6926379347568234,0.5286706165847699,0.5903993617304204,0.4393798671143756,1.132452620346558,2.5185329454297634,0.458969944719656,0.6926381562162076,0.0,-1.7204412182583728,0.36124430647559436,0.48969999999999914
2022-03-01,0.5796258967684542,0.4548208882658944,0.5232824199656427,-0.40688212043711314,-0.4216399600944998,0.8997320421420651,-1.7341040462427793,2.8710725893824396,0.32487982761477685,-0.19999999999999973,0.0,0.0,5.154727303812612,0.10000000000000142,0.5056890012642201,1.115641476274165,0.27161752921707194,0.8795198773254853,0.39655724294911376,2.050809549639254,2.9106308873585007,1.5810588541116388,0.8848223613618034,0.12000000000000001,1.8451833355237257,0.287679051441625,0.44760000000000844
2022-04-01,0.0486237889668395,-0.050520155521238674,0.5185791196030909,-0.020102979131808585,0.04111349297888367,1.0962983911235513,6.294117647058828,-2.632964718272779,0.203548888081162,0.0,-0.10000000000000142,-0.20000000000000284,-3.5769449638240802,-0.19999999999999574,0.5031446540880502,0.30833512934780316,0.5044005313849409,0.2996444452209701,0.34805250013285605,0.6101601124208988,2.036813402355264,1.0051819842947118,0.7069167557087308,0.13,-6.692131003690605,-0.09041632817913259,0.01649999999999352
2022-05-01,-0.10498817034699792,-0.44530754020404295,-0.1398059781823835,-0.1037781741527466,-0.22783856419192894,-0.9913107330804083,-14.443829551743226,-7.463493780421848,0.1985186943933348,-0.10000000000000009,0.0,-0.19999999999999574,-2.7485034988618207,0.09999999999999432,0.43804755944931717,0.9484996239963239,0.5331928925972562,0.6210152248893985,0.3494929704254801,0.8973867230186894,2.9931024085032565,1.7531063529037771,0.6441566635439155,0.44,-8.228688388560046,-0.23152827033682266,-0.11939999999999884
2022-06-01,-0.31134817212471466,-0.5499599410641154,0.062442076757740494,-0.3843781449858863,-0.48412351206045257,-0.3028430160692208,0.6468305304010435,0.8766803039158333,0.28566915036465357,0.0,0.0,-0.20000000000000284,-2.184655396618984,-0.09999999999999432,0.2803738317756821,1.2561019986405686,0.6803326679517774,0.9634278294741394,0.59189291399524,1.0041672942712188,2.561747258015523,2.156139698696591,0.8108158068685034,0.43999999999999995,-2.6974893758100027,-0.32691776406666984,-0.29649999999999466
2022-07-01,0.2029341305509913,0.08484933881842682,0.0886781050474239,1.1315122243731324,0.9477603884961994,-0.9706244409610654,-11.18251928020566,-1.1008111239860896,0.4686330878588496,-0.10000000000000009,0.0,0.10000000000000142,2.5968270849951347,-0.10000000000000142,0.4659832246039386,-0.014917428642136077,0.35300119027377175,-0.006001474648065219,0.22032594250540605,-0.37992032325183667,-2.846376997762712,1.2105346402006,0.5026259904790553,0.47,0.9385454094907653,0.010625028872368603,0.09449999999999648
2022-08-01,-0.12516918091738383,-0.019893615067723136,0.5427541986335882,0.4479276097422602,0.3444585790395971,0.5464089929440696,10.85383502170767,-8.318687756297594,0.1894533291523004,0.10000000000000009,-0.10000000000000142,-0.10000000000000142,-12.81962681409814,0.19999999999999574,0.3092145949288527,0.062391281496565476,0.4903621970395289,0.27865661788033513,0.5653069058170646,-0.22739585412447916,-1.001931877446982,0.9469324690726033,0.6297407503547792,0.6500000000000001,1.4484303556633105,-0.03418124373535392,-0.17659999999999343
2022-09-01,0.19337997533044327,-0.00846922355587365,0.06984425384144455,0.33749534821050364,0.2255986485738548,-0.6795218443147899,-3.3289817232376007,1.3418530351437807,0.14345144168699253,-0.10000000000000009,0.10000000000000142,0.10000000000000142,7.015457788347201,-0.09999999999999432,0.4007398273736307,0.42426727482827165,0.5702530898544778,0.35483429665856825,0.4441514278774372,0.07216089736719056,-0.6113984255006422,0.8999430712780976,0.5594559725094372,0.22999999999999998,-5.278441574155302,-0.4648390390862289,0.0648999999999944
2022-10-01,-0.03840389843995373,0.25042451751950967,0.18003326701674371,-0.15155390714925998,0.19631575477776497,0.46790486083747584,-2.363268062120194,-0.1891551071878994,0.2324491151306729,0.10000000000000009,0.0,0.0,-3.268518518518515,0.0,0.3991403131716309,0.5594754832984217,0.3933258669599482,0.4668955704560718,0.3592772998929128,0.4812017191895279,-1.0589851361339164,0.9129177117470189,0.7066952601523901,0.52,-2.4174490643162905,-0.3583813418874482,-0.12439999999999429
2022-11-01,-0.29401627015126497,-0.7975447632813881,-0.26696010574224216,0.02689842003804621,0.047529391099221385,-1.635165187783283,-0.8298755186721962,-10.044219835754898,0.19683121236333534,0.0,-0.10000000000000142,-0.10000000000000142,1.7708433042978866,-0.10000000000000142,0.3669724770642091,0.2614032556282231,0.30928627016122423,0.25865212561164697,0.2882861175174778,0.031973852493960564,-0.7183252157050624,0.7045327680925029,0.6357031860843909,0.6999999999999997,2.3071636613541946,-0.2543782408766182,-0.3299000000000092
2022-12-01,-1.1775520230755787,-1.7454120085577562,-0.08813678829543425,0.28235746070366385,0.28189596331125166,-1.1820834390517954,-9.623430962343093,-1.8258426966292096,0.06483318421701689,-0.10000000000000009,-0.10000000000000142,-0.29999999999999716,2.5395033860045046,0.19999999999999574,0.3656307129798808,0.01539563433359259,0.35594772329976543,0.13533631073217034,0.35438780150851557,-0.7138544589267326,-1.9988067959430977,0.28541424115471337,0.31732908232735557,0.31999999999999984,-0.604567845947146,-0.54321679628202,-1.0210000000000008
2023-01-01,0.7403294095005952,1.7531290957605083,1.2931597793983007,0.6346328195829587,0.18480974393981775,3.819754886452742,4.783950617283961,1.4306151645207432,0.2811937126640851,0.0,0.20000000000000284,0.5,-5.356815263254444,0.10000000000000142,0.24286581663632845,0.5314022594635093,0.4140759271916483,0.5355453439654045,0.4728435597510128,0.6674774645871961,0.9034614594198409,0.4870509381530441,0.31154700606899066,0.23000000000000043,-2.4909085057767233,-0.09016963161948555,0.46760000000000446
2023-02-01,0.13591363613749685,0.0501882315268265,-0.06257458955585271,0.2823245780992245,0.3483057957696767,-1.528480705194446,2.72459499263622,13.187588152327212,0.18736755052461973,0.10000000000000009,-0.10000000000000142,-0.3999999999999986,-4.467920139561931,0.10000000000000142,0.3937007874015519,0.3428533386591992,0.4893570621394172,0.2949133744475585,0.3608357091187564,0.17269193322577703,-0.5987080510477361,-0.24155803046308488,0.24552182322870042,0.2400000000000002,-0.2673355556289003,-0.15887938328476015,0.006799999999998363
2023-03-01,0.3764844756045216,-0.6430924241476177,0.014201061206575716,0.48208015689747974,0.44219766262891813,-1.1750301606024083,-2.078853046594986,-8.28660436137072,0.043852295151736165,-0.10000000000000009,-0.10000000000000142,-0.10000000000000142,-2.049305062392204,0.10000000000000142,0.36199095022626526,0.12307181953890023,0.3367058722950844,0.14157779658034997,0.3273155881929002,0.027668208518982773,-0.6212572824729534,-0.3673357436728475,0.483579236894327,0.08000000000000007,7.829770335561581,-1.4025291663920414,0.19580000000000553
2023-04-01,0.23015130592305422,0.9484261041224462,0.3085065186523739,0.27073482468344956,0.13522568044626038,0.4742390618689196,-1.68374816983895,0.6793478260869623,0.15534956875991046,-0.10000000000000009,0.0,0.10000000000000142,3.2211289487312333,0.0,0.480913736098576,0.3392739405144063,0.4545350273802429,0.3454968294600791,0.3541393737057863,0.2184474626759858,-0.059907726540675554,-1.0517162872604957,0.22321754537832916,0.17999999999999972,0.3406579916523489,-0.8781270443074418,0.08440000000000225
2023-05-01,-0.32038556882264535,-0.18225741456299183,-0.042466123615014784,0.31270211042528917,0.29838977355445273,0.34643492714478974,19.806403574087874,6.545209176788114,0.18020917135961323,0.20000000000000018,0.0,0.0,-6.000401364639774,0.0,0.2093927609931212,0.1614687381333635,0.3647229997324919,0.16590107627281192,0.29393434062694457,-0.27671033169853754,-1.2603733632273184,-0.11880601991449691,0.11331644862402346,0.22999999999999954,-1.0368557883468466,0.3425119469708582,-0.33840000000000714
2023-06-01,-0.8015567440745164,-0.6905024406838045,0.31476904063030275,0.1946730931739138,0.10789633228240891,0.25251502261831593,-11.746426351771289,-8.359721342621917,0.14455044810639528,0.0,0.0,0.0,-2.0068317677198966,0.0,0.5671641791044735,0.224175331482801,0.2177785289873002,0.26550145651267343,0.2578033808352087,0.19089928465994,0.07490046122917704,-0.41466428460887883,0.4729033916908598,0.020000000000000462,0.9271850661392023,-0.14690703089367263,-0.7028999999999996
2023-07-01,0.786159752935478,0.3980532739314313,0.4767679878850739,0.40545774867866147,0.22069977195635637,-0.0026938929446940207,3.0985915492957705,5.736005528680033,0.10456761611497001,-0.10000000000000009,-0.10000000000000142,0.0,-5.697167755991284,0.0,0.474918373404587,0.1957146710348745,0.20692652486684615,0.11455229146086765,0.13904012061312088,0.48873431977389803,-0.009847947687702252,0.0007192493913343867,0.21813789887328294,0.040000000000000036,-2.6610730034296926,-0.032213242046452706,0.5306000000000068
2023-08-01,-0.06679437539827138,-0.04326490763816304,0.0651407551218508,0.222132346078463,0.1324650449245457,0.4471982758620596,-9.767759562841526,4.313725490196085,0.13970508129168557,0.20000000000000018,0.10000000000000142,0.09999999999999432,6.896153401871308,0.19999999999999574,0.11816838995568624,0.4835707415079771,0.20067322630761275,0.30097755519995495,0.11124493960987802,0.5427465796392417,1.5147635274883386,0.16797621786299732,-0.262887799945144,0.20999999999999996,1.5509485009595148,-0.04905685786016356,-0.1185000000000116
2023-09-01,0.18028685244741993,0.03937679791581328,0.1282820417905839,0.12106387205721436,0.030275963804804462,0.28786497166048974,3.6336109008326956,-4.135338345864659,0.09983297175879535,0.0,0.0,-0.09999999999999432,0.0540306894315945,-0.09999999999999432,0.35408675125405686,0.3900915440960384,0.3097745332385715,0.3711664048937635,0.3082990082631021,-0.016124396211469882,0.4866501086619124,0.13635108058747125,0.18359528055817975,0.0,0.3593556381660479,-0.13665672216341962,0.07870000000001198
2023-10-01,-0.5466184787138562,-0.532045544002957,0.26898340844045965,0.3732939783092526,0.30972397248771877,-0.6083972187555742,0.8035062089116085,-0.39215686274509665,0.10165135503175105,0.19999999999999973,-0.10000000000000142,0.09999999999999432,-7.3334053353493855,-0.10000000000000142,0.20582181711261693,0.13668493471667986,0.29561504352111356,0.05353363147448942,0.15242632727514582,-0.25242255535765645,-1.4451559084554422,0.4624315053436634,0.2671795438596636,0.0,1.1390295098160363,-0.07757690232055303,-0.478500000000011
2023-11-01,0.39315648922202406,0.4776517264893698,0.35598726074159703,0.5770098042243932,0.48798442098487715,-0.26592524496065195,10.28985507246376,-0.7217847769028896,0.08111077048844617,-0.19999999999999973,0.10000000000000142,-0.29999999999999716,0.2564102564102555,0.19999999999999574,0.2640845070422726,0.14689823722116024,0.30020195404181216,0.007408382996931806,0.11061118919502011,-0.27344683603032216,-0.9153891971535155,-0.22503618184982477,0.4854971728510682,0.0,3.8760872882649178,0.05883062085594304,0.24909999999999854
2023-12-01,-0.25856624619908786,-0.003907523319168771,0.40793315977170064,0.2905351866980377,0.31012888384482906,-0.05395634931341098,-1.182654402102501,-0.7931262392597449,0.09827508088549042,0.09999999999999964,0.0,-0.20000000000000284,-0.9532666821669422,-0.29999999999999716,0.3511852502194879,0.1924399963653789,0.25704883607775564,0.13745647897409619,0.18110223137888237,-0.4243351260670103,-1.1824912202992977,-0.10374303752127556,-0.09957446249280189,0.0,2.600264433671229,0.14554427292925443,-0.2500999999999891
2024-01-01,-1.3725223179007373,-1.5412696862033393,-0.36337713626011237,-0.009799358142048575,0.43044275796562115,-1.154389469232775,-8.377659574468089,3.1312458361092643,0.11156658612621051,-0.09999999999999964,-0.19999999999999574,0.0,-1.6666666666666718,0.0,0.5249343832020914,0.30996854969052023,0.3588818467727739,0.4685188229492043,0.5182765025872449,0.6505411738056299,0.5763089015712319,-0.08340178597003867,0.28566468434134684,0.0,0.42955326460480947,0.2675662539280754,-1.1038000000000068
2024-02-01,1.0710293956096573,1.2633465523778087,0.4394157163932322,0.05573931152762501,0.156463565216014,0.2981121083580618,12.844702467343971,1.421188630490966,0.13118345305416224,0.19999999999999973,0.19999999999999574,0.30000000000000426,0.7400334208641723,0.10000000000000142,0.14505366985786416,0.40975401843086345,0.39609441363710474,0.30107174997955344,0.26398937442768666,0.755348627853647,1.440474958815141,0.16067702040249987,0.2558291349020525,0.0,1.7308240661533913,0.41371697343477454,0.7614999999999981
2024-03-01,0.17200977214937296,0.13851744051125436,0.33536950532997434,0.08754155162808974,0.14232887487406476,-0.09847030689156266,-16.591639871382636,-5.923566878980891,0.14500311629503937,0.0,0.0,0.0,-2.7725118483412303,0.10000000000000142,0.3765932792583859,0.4431338373525273,0.3891445158509699,0.3588965562244084,0.3883591005208187,0.36576853273768695,0.06629374798960974,-0.629649855657366,-0.007449643766876957,0.0,-0.6895198587325124,0.21126390302892428,0.08070000000000732
2024-04-01,-0.2131249533384838,-0.5413556137835673,0.18157486350471874,0.10336770768346604,0.13043193147352916,-0.22211724520108111,6.32228218966846,-1.4218009478673022,0.04064369451182159,0.0,-0.19999999999999574,0.0,-8.250060931026082,-0.10000000000000142,0.31746031746031633,0.21706766556210955,0.27052450819466944,0.24626538142686893,0.2417854420575516,0.5417848995715735,0.7381563731158947,-0.22814632132240886,0.025248759957774425,0.0,-3.2062318308825555,-0.049604357552035516,-0.2160999999999973
2024-05-01,0.6180955554181189,0.5598359637132067,0.4640895065599615,0.5053066361975667,0.46899525444779044,0.7033437279493793,-3.6258158085569203,-3.5027472527472514,0.049514378213677546,0.0,0.09999999999999432,0.19999999999999574,3.3603400185947763,0.0,0.3739930955120929,0.04855873210594108,0.14040654936740005,0.005675322885334566,0.06459314495028678,-0.040812656073818676,-0.647915385752873,0.4165868225297187,0.17296397460695445,0.0,-1.55707829129611,0.3159075183126081,0.4157999999999902
2024-06-01,0.030734759029571457,-0.18351344838453132,0.28216140631240894,0.04498753723631843,0.23320906422172882,-0.004972650422674363,-0.8276899924755443,3.843416370106767,0.05520024364245035,0.19999999999999973,0.0,0.0,-4.703161141094836,0.0,0.34393809114359186,-0.041829647960411886,0.09273959037392476,0.15484645069234748,0.2402294436318897,0.5653822731550795,0.23539733581916522,0.2518336941467414,0.030303439723389225,0.0,0.10663191256183868,0.2330924711131832,-0.037499999999994316
2024-07-01,-0.9101631415148637,-0.7842032717608305,0.3697617091207972,0.10451860674265401,0.027838820570558198,0.7531679618804743,-3.7177541729893737,-0.7539410555174819,0.033609182282257066,0.10000000000000053,-0.09999999999999432,-0.09999999999999432,0.13484358144553177,0.10000000000000142,0.19994287346472017,0.16770805381991494,0.17274411884795615,0.1594638130469006,0.19074480138900896,-0.03922351208702768,0.549794071445886,-0.18206692561770765,0.3941661767284277,0.0,-2.293102938130609,0.13336054331369862,-0.7639999999999958
2024-08-01,0.45531064048562886,0.4763623015547003,0.13582406132550684,0.1268696581196771,0.12547786923877702,-0.41370336302245514,9.85027580772262,3.038674033149169,0.005705302127445577,0.0,0.09999999999999432,0.0,1.2658227848101333,0.0,0.3990877993158559,0.1572221743858515,0.25396626324700744,0.12365035236308053,0.17655051215921258,0.2237305870690598,-0.7220553316674594,0.31360282308197096,0.1900517941399782,0.0,0.5723457089213291,0.4412573226913574,0.2750999999999948
2024-09-01,-0.619829156166074,-0.5567951780295677,0.5084945217612047,0.03819454969837821,0.1307540525138151,0.6483646702081236,-2.654232424677183,-4.75871313672922,0.0982523754888831,-0.10000000000000053,0.0,0.09999999999999432,-7.6728723404255295,0.0,0.34071550255538874,0.2133336729690294,0.30711493354182995,0.22197289509158225,0.2745110779026616,0.05632293648558662,-1.088611658048333,0.4874647630320528,0.05098592955639081,-0.20000000000000018,-2.53831561831922,0.3944903477271833,-0.5481000000000051
2024-10-01,-0.33955057890919793,-0.6676283011955886,0.12262906863531597,0.18605158537767785,0.23282797821728707,0.457512243600644,0.9579955784819516,0.9852216748768461,0.02089771518314354,0.0,-0.09999999999999432,-0.19999999999999574,6.279706178885203,-0.20000000000000284,0.339558573853993,0.2856398459641696,0.3114750009353573,0.26577752005412236,0.29643788573372465,0.4256166292536001,0.1579059845972397,0.3597127091713226,0.261811119760047,-0.2999999999999998,-0.7785467128027745,0.28765481422292627,-0.3363999999999976
2024-11-01,-0.17794399288223461,0.29304865948833747,0.3188143552625755,0.35447479055137343,0.26337293238085646,0.21835617903425142,-5.109489051094895,5.36585365853659,0.08483965937509108,0.10000000000000053,0.09999999999999432,0.19999999999999574,2.534218728825044,-0.10000000000000142,0.3948110547095318,0.28419261732848256,0.28781808405158316,0.11486497341237634,0.10498094192132879,-0.20302000806611264,0.05136695366305677,0.21232960338666285,-0.1163079394437383,-0.1900000000000004,1.4073981815917458,0.5535063997712752,-0.21710000000000207
2024-12-01,1.0421733766397212,0.4469070646416995,0.7116782723396442,0.09945690502166649,0.10655299963329146,0.4188639981502318,14.923076923076927,-2.9761904761904767,0.14992503748125774,-0.10000000000000053,0.0,0.10000000000000142,-3.581813375627807,0.10000000000000142,0.2528089887640306,0.3399383308901438,0.18657583749928097,0.2743968484478998,0.1887675255320076,0.1335671328958732,0.08372464071466634,-0.8159274581661435,-2.3384811423222907,-0.15999999999999925,-0.503561778432815,0.15287954210712051,0.6970000000000027
2025-01-01,-0.261743314132834,-0.4005100236707526,-0.6030885443635614,0.17342502378574487,0.24632346325146326,-1.2588781239483482,-9.437751004016059,-0.27266530334014716,-0.030319108618204194,-0.09999999999999964,-0.19999999999999574,-0.19999999999999574,1.864290610006858,0.10000000000000142,0.42028579434016944,0.42726162139017365,0.4265929177532435,0.35045887709135304,0.3148249541047976,0.9679250832826058,1.5535290798388557,-3.7045243608733847,0.16958663189750034,-0.15000000000000036,0.46907789161831914,0.24060388316982095,-0.28699999999999193
2025-02-01,1.033931046612846,1.2406113569036537,-0.1195109245242576,-0.2091924450268845,0.12496814364406639,-0.18072316171359182,10.19955654101996,-1.1619958988380086,0.02653726590340355,0.20000000000000018,0.10000000000000142,0.29999999999999716,-2.543399273314495,-0.10000000000000142,0.2790178571428381,0.22510589068882592,0.2547452855180321,0.4018593970514406,0.44787979484215423,0.38278095444568283,0.8307429281939616,0.1194790038091531,0.040117083971136225,0.0,0.17201130359993932,0.315701995886597,0.6903999999999968
2025-03-01,-0.05825955273676131,0.44804105805349437,0.7786709210284126,0.5710636964929128,0.6527570096319213,1.6195696122916603,-9.72501676727029,3.181189488243441,0.04232202640388483,0.0,0.0,0.10000000000000142,-4.0044186688759975,0.0,0.4730105731775236,0.03315826188146076,0.06913185749619633,0.015882974245751136,0.09748691517839081,0.10123575106801841,-0.37495472026759513,0.0012759851952814927,1.296124804524168,0.0,4.510609591561399,0.35543543154397117,-0.1367000000000047
2025-04-01,0.08659902375682815,-0.059965211962642595,0.14003982001837834,0.027552499490868243,0.5436818225885265,-0.28515219169300554,4.011887072808329,-3.150134048257369,0.06819171975729343,0.0,0.09999999999999432,-0.20000000000000284,2.100115074798614,0.10000000000000142,0.02769315978952136,0.16167112278562268,0.23857041972428217,0.16595072295757518,0.1875992879210031,-0.20900896041640138,-0.05144570157624706,-0.4656912352049014,0.325574512145721,0.0,-1.5638294751048942,0.39983213506671333,-0.027000000000001023
2025-05-01,-0.16058871982903566,-0.08548114996804745,-0.13984398275662668,-0.38263473053893327,-0.7003249311347992,-1.1953003768565673,-7.928571428571429,-2.006920415224911,0.00820266902230582,0.09999999999999964,-0.09999999999999432,0.10000000000000142,2.9867568329106753,-0.20000000000000284,0.44296788482836025,0.09928130327003792,0.13048792067804627,0.18232263178754593,0.22947841468663466,0.28241525853158755,0.11068454131706318,0.4974899939226285,0.19982497171144864,0.0,-2.7421758569299515,0.29994304297498164,-0.21540000000000248
2025-06-01,0.5080943490598289,0.3405718563428417,0.25816036385997165,-0.31617987388870006,-0.0945590752923886,0.4401985156200938,6.982156710628384,-1.2005649717514166,-0.012618455753388158,-0.20000000000000018,0.0,0.0,-1.4500683994528085,-0.10000000000000142,0.22050716648289725,0.2541949971929469,0.23402152998077685,0.28722899192910045,0.26313697432227556,0.2769037978265443,0.7008713535747058,0.2555674577636724,-0.09405041607660758,0.0,2.8501379098988755,0.4877244562902616,0.2916000000000025
2025-07-01,0.4094463359233913,0.5020526873499742,0.49312838949855387,0.569240510145641,0.49768814099915293,0.9305961980923483,3.8433647570703444,0.07147962830593713,0.04038415426745878,0.20000000000000018,0.0,0.10000000000000142,-1.59633536923931,-0.09999999999999432,0.30253025302529046,0.22835098853577485,0.3125209822436803,0.1712126113473822,0.24500281475725583,0.7121837165240175,0.7167234184674465,-0.44305829322411894,0.24547193331703188,0.0,-0.46781883194277896,0.37780390655619556,0.21869999999999834
2025-08-01,-0.26429426659076993,0.014989400352605209,0.29188699199274026,0.13071190017928114,0.22819120791899294,-0.04603440186262686,-9.846368715083798,-3.785714285714281,-0.04415233818167996,0.0,0.0,-0.10000000000000142,-2.3980815347721784,0.09999999999999432,0.4112969564025182,0.3482644202266627,0.3097218588179462,0.26228733459359166,0.2246302301668779,-0.2881959732618067,-0.09452732525785379,0.5217777035544602,0.0529180252381245,0.0,-1.7483459569499815,0.30464688656328676,-0.29419999999998936
2025-09-01,0.04260775185560561,-0.03741690795644459,0.11147398739439485,0.12575076198972912,0.1306932331422983,0.0,2.168861347792417,7.2011878247958405,0.047957998889391895,0.10000000000000053,0.0,0.0,3.613238907356564,0.20000000000000284,0.21845985800110768,0.2950901819104068,0.2177737336973129,0.2608155986582039,0.18940290733462373,0.42417673584627114,-0.021365075731583083,0.41019383504241613,0.26437249473902913,-0.11000000000000032,-6.514519028611476,0.3779546092356645,-0.05940000000001078
2025-10-01,-0.44114175551797086,-0.8511198166599288,0.21066189968881321,-0.26135269456423194,-0.2525163344402448,,-3.487490523123582,-1.8005540166205036,-0.08830133461159573,,0.0,0.10000000000000142,0.013948946854513977,,0.4087193460490468,,,0.19275220372183544,0.22764150794776228,0.2258494337108674,-0.5582818808337109,0.06408484106670276,0.15381381012753437,-0.1299999999999999,-4.015514487793748,0.3323397711951115,-0.42669999999999675
2025-11-01,-0.18286990155058636,-0.08527683597221447,0.09850263975061946,0.05096839959224386,0.012338407002054907,,3.6135113904163463,-0.28208744710860323,0.025882531185295043,,0.09999999999999432,0.19999999999999574,-4.51882845188285,,0.407055630936215,,,0.21975271953764697,0.17761291387345945,0.09372569612933201,0.5076921305801063,0.3232766498031836,0.06525499130012324,-0.20999999999999996,-2.22418418282454,0.13483267265324006,-0.22929999999999495
2025-12-01,0.45499354675238024,-0.14846097854523954,0.09000522030278013,-0.20137244913247532,-0.11527519230434269,-0.2968724421850921,4.473085670962851,4.80905233380482,-0.010729004285292554,-0.09999999999999964,-0.09999999999999432,-0.19999999999999574,-4.323692667250945,-0.10000000000000142,0.0540540540540535,0.297788428704604,0.2329002576704653,0.3308571071852118,0.32713836305298116,0.12817107185547627,-0.22182853913879086,0.2855133462721815,0.30968254700591835,-0.1599999999999997,2.163645203861897,0.33887198269284546,0.25209999999999866
2026-01-01,-0.44859750468254633,0.0957873170993162,-0.19303746245661335,0.09068034278369996,0.13296391306869548,-0.1996875998438008,0.5079825834542806,-6.005398110661265,0.10098969905070199,-0.10000000000000053,0.09999999999999432,0.29999999999999716,10.53435114503818,-0.29999999999999716,0.35116153430576613,0.170842649932057,0.2950448142634121,0.34765430562468946,0.44492751356677296,0.9099772505687387,0.8705368246643141,0.9985964326041596,0.08611226192729582,-0.08000000000000007,0.8906414658190975,0.25989362701464014,-0.4001999999999981
2026-02-01,0.8575913411481562,0.6740929514846838,0.21683635162326187,-0.39239215215696177,-0.4468330577334423,0.6536180202932895,-2.8158844765342916,10.552763819095468,-0.09836561743341576,0.10000000000000053,0.0,0.20000000000000284,-4.392265193370171,-0.10000000000000142,0.32301480484524525,0.26700307420970404,0.21605021740240815,0.3999286948838554,0.3939122649955218,0.6644976831312155,2.248414312160496,1.7235113966083127,0.14064535360440722,0.0,-0.38074059099026947,0.8276298999705611,0.5721999999999952
2026-03-01,-0.14817678766462228,0.342565970552422,0.2727065677331275,-0.0210823053199638,-0.13138652501318848,0.8455109289134732,13.075780089153044,-11.493506493506489,0.13507031230275413,-0.10000000000000053,-0.09999999999999432,-0.10000000000000142,-0.5056342097659594,-0.10000000000000142,0.2146498524282281,0.8651438343614481,0.19579505385114437,0.6669806004369283,0.29621358395170994,0.9917992112617346,2.439015341235806,1.3618184930316968,0.41170583837135677,0.0,2.0124467293512804,0.18363725668062436,-0.18099999999999739
2026-04-01,0.752302359703716,0.707673670664577,0.19964016951483643,-0.45848621227729813,-0.3172796464570471,0.03416766687400763,-7.0959264126149835,4.402054292002933,0.09328710999054746,0.0,0.09999999999999432,0.10000000000000142,10.135037026281402,-0.10000000000000142,0.16064257028112205,0.6400377846336402,0.376460730477457,0.4164014631565349,0.26132067448567664,1.1430418619686522,2.395068614206708,1.2807846740333417,0.3932567475164017,0.0,0.06631079871357581,0.5136835038250132,0.5036999999999949
2026-05-01,-0.009656671199120836,0.05072811552644385,0.3698511647328928,0.18702336278901832,0.2102344804508327,0.4593543640854181,-16.407355021216407,-0.9135628952916419,0.03967304374110636,0.0,0.0,0.0,-0.6328279499011158,0.0,0.21384656508955935,0.47291422864139676,0.20809544962627768,0.4811143524811712,0.3593433116647615,0.48963520259774906,2.645001096483468,1.0061914741062772,0.03839868662067758,-0.010000000000000231,2.011199098770766,1.1302165955520804,-0.07269999999999754
2026-06-01,0.2701202518000656,0.344594122772679,0.442780303705681,0.18304949585872254,0.27233161469657485,0.7384062803764468,21.74280879864636,-2.553191489361706,0.01951391468013597,-0.09999999999999964,0.0,0.10000000000000142,-4.710096855512802,-0.29999999999999716,0.26673779674579734,-0.42248165303806484,-0.016660666843182348,-0.09272207697451629,0.14675712847780353,-0.0419823292559629,-1.4393521709165968,0.5846426465255794,0.2824260270901435,0.0,-1.948811225152658,0.44016876757089207,0.13870000000000005
2026-07-01,0.20148501558565624,0.16298143060580195,0.007692307692308553,0.18995127599015227,0.2699512241576718,-0.6101070067111802,-9.03405142460042,4.294032023289662,0.013216524431691745,-0.10000000000000053,0.0,0.0,1.2392091339459732,-0.10000000000000142,0.15961691939343492,0.07366914435544825,0.2154345141564873,0.15594808830463602,0.2455155058386671,0.0076363566942294625,-0.29438192033509614,-0.2009165689068726,0.34949428660306925,0.0,1.0832118722671202,0.4447290094829359,0.08490000000000464
2026-08-01,,,,,,0.841543424598501,-2.5974025974025983,-2.7215631542219065,0.10194257235089932,0.0,0.10000000000000142,0.0,,0.20000000000000284,0.26560424966799445,0.3960181843858157,0.2897956881014574,,,0.28570519550763507,0.9632479022094742,1.5691440380369182,,0.0,,,
