date,Industrial Production,Manufacturing Production,Real Personal Consumption Expenditure,Real Personal Income excluding transfers,Real Personal Income,Real Retail & Food Services Sales,Housing Starts,Building Permits,Nonfarm Payroll Employment,Unemployment Rate,Average Weekly Hours — Total Private,Average Weekly Hours — Manufacturing,Job Openings,Labor Force Participation Rate,Average Hourly Earnings — Total Private,CPI All Items,Core CPI,PCE Price Index,Core PCE Price Index,Producer Prices — Final Demand,Producer Prices — All Commodities,Commercial & Industrial Loans,Consumer Credit,Federal Funds Rate,Total Bank Reserves,M2 Money Supply,Total Capacity Utilization
1913-01-01,,,,,,,,,,,,,,,,,,,,,12.1,,,,,,
1913-02-01,,,,,,,,,,,,,,,,,,,,,12.0,,,,,,
1913-03-01,,,,,,,,,,,,,,,,,,,,,12.0,,,,,,
1913-04-01,,,,,,,,,,,,,,,,,,,,,12.0,,,,,,
1913-05-01,,,,,,,,,,,,,,,,,,,,,11.9,,,,,,
1913-06-01,,,,,,,,,,,,,,,,,,,,,11.9,,,,,,
1913-07-01,,,,,,,,,,,,,,,,,,,,,12.0,,,,,,
1913-08-01,,,,,,,,,,,,,,,,,,,,,12.0,,,,,,
1913-09-01,,,,,,,,,,,,,,,,,,,,,12.2,,,,,,
1913-10-01,,,,,,,,,,,,,,,,,,,,,12.2,,,,,,
1913-11-01,,,,,,,,,,,,,,,,,,,,,12.1,,,,,,
1913-12-01,,,,,,,,,,,,,,,,,,,,,11.9,,,,,,
1914-01-01,,,,,,,,,,,,,,,,,,,,,11.8,,,,,,
1914-02-01,,,,,,,,,,,,,,,,,,,,,11.8,,,,,,
1914-03-01,,,,,,,,,,,,,,,,,,,,,11.7,,,,,,
1914-04-01,,,,,,,,,,,,,,,,,,,,,11.7,,,,,,
1914-05-01,,,,,,,,,,,,,,,,,,,,,11.6,,,,,,
1914-06-01,,,,,,,,,,,,,,,,,,,,,11.6,,,,,,
1914-07-01,,,,,,,,,,,,,,,,,,,,,11.6,,,,,,
1914-08-01,,,,,,,,,,,,,,,,,,,,,12.0,,,,,,
1914-09-01,,,,,,,,,,,,,,,,,,,,,12.1,,,,,,
1914-10-01,,,,,,,,,,,,,,,,,,,,,11.7,,,,,,
1914-11-01,,,,,,,,,,,,,,,,,,,,,11.7,,,,,,
1914-12-01,,,,,,,,,,,,,,,,,,,,,11.6,,,,,,
1915-01-01,,,,,,,,,,,,,,,,,,,,,11.8,,,,,,
1915-02-01,,,,,,,,,,,,,,,,,,,,,11.8,,,,,,
1915-03-01,,,,,,,,,,,,,,,,,,,,,11.8,,,,,,
1915-04-01,,,,,,,,,,,,,,,,,,,,,11.8,,,,,,
1915-05-01,,,,,,,,,,,,,,,,,,,,,11.9,,,,,,
1915-06-01,,,,,,,,,,,,,,,,,,,,,11.8,,,,,,
1915-07-01,,,,,,,,,,,,,,,,,,,,,11.9,,,,,,
1915-08-01,,,,,,,,,,,,,,,,,,,,,11.8,,,,,,
1915-09-01,,,,,,,,,,,,,,,,,,,,,11.8,,,,,,
1915-10-01,,,,,,,,,,,,,,,,,,,,,12.1,,,,,,
1915-11-01,,,,,,,,,,,,,,,,,,,,,12.3,,,,,,
1915-12-01,,,,,,,,,,,,,,,,,,,,,12.8,,,,,,
1916-01-01,,,,,,,,,,,,,,,,,,,,,13.3,,,,,,
1916-02-01,,,,,,,,,,,,,,,,,,,,,13.5,,,,,,
1916-03-01,,,,,,,,,,,,,,,,,,,,,13.9,,,,,,
1916-04-01,,,,,,,,,,,,,,,,,,,,,14.1,,,,,,
1916-05-01,,,,,,,,,,,,,,,,,,,,,14.2,,,,,,
1916-06-01,,,,,,,,,,,,,,,,,,,,,14.3,,,,,,
1916-07-01,,,,,,,,,,,,,,,,,,,,,14.4,,,,,,
1916-08-01,,,,,,,,,,,,,,,,,,,,,14.7,,,,,,
1916-09-01,,,,,,,,,,,,,,,,,,,,,15.0,,,,,,
1916-10-01,,,,,,,,,,,,,,,,,,,,,15.7,,,,,,
1916-11-01,,,,,,,,,,,,,,,,,,,,,16.8,,,,,,
1916-12-01,,,,,,,,,,,,,,,,,,,,,17.1,,,,,,
1917-01-01,,,,,,,,,,,,,,,,,,,,,17.6,,,,,,
1917-02-01,,,,,,,,,,,,,,,,,,,,,18.0,,,,,,
1917-03-01,,,,,,,,,,,,,,,,,,,,,18.5,,,,,,
1917-04-01,,,,,,,,,,,,,,,,,,,,,19.7,,,,,,
1917-05-01,,,,,,,,,,,,,,,,,,,,,20.8,,,,,,
1917-06-01,,,,,,,,,,,,,,,,,,,,,21.0,,,,,,
1917-07-01,,,,,,,,,,,,,,,,,,,,,21.2,,,,,,
1917-08-01,,,,,,,,,,,,,,,,,,,,,21.5,,,,,,
1917-09-01,,,,,,,,,,,,,,,,,,,,,21.3,,,,,,
1917-10-01,,,,,,,,,,,,,,,,,,,,,21.1,,,,,,
1917-11-01,,,,,,,,,,,,,,,,,,,,,21.2,,,,,,
1917-12-01,,,,,,,,,,,,,,,,,,,,,21.2,,,,,,
1918-01-01,,,,,,,,,,,,,,,,,,,,,21.6,,,,,,
1918-02-01,,,,,,,,,,,,,,,,,,,,,21.1,,,,,,
1918-03-01,,,,,,,,,,,,,,,,,,,,,21.8,,,,,,
1918-04-01,,,,,,,,,,,,,,,,,,,,,22.1,,,,,,
1918-05-01,,,,,,,,,,,,,,,,,,,,,22.1,,,,,,
1918-06-01,,,,,,,,,,,,,,,,,,,,,22.2,,,,,,
1918-07-01,,,,,,,,,,,,,,,,,,,,,22.7,,,,,,
1918-08-01,,,,,,,,,,,,,,,,,,,,,23.2,,,,,,
1918-09-01,,,,,,,,,,,,,,,,,,,,,23.7,,,,,,
1918-10-01,,,,,,,,,,,,,,,,,,,,,23.5,,,,,,
1918-11-01,,,,,,,,,,,,,,,,,,,,,23.5,,,,,,
1918-12-01,,,,,,,,,,,,,,,,,,,,,23.5,,,,,,
1919-01-01,4.8739,,,,,,,,,,,,,,,,,,,,23.2,,,,,,
1919-02-01,4.6585,,,,,,,,,,,,,,,,,,,,22.4,,,,,,
1919-03-01,4.5238,,,,,,,,,,,,,,,,,,,,22.6,,,,,,
1919-04-01,4.6046,,,,,,,,,,,,,,,,,,,,22.9,,,,,,
1919-05-01,4.6315,,,,,,,,,,,,,,,,,,,,23.3,,,,,,
1919-06-01,4.9277,,,,,,,,,,,,,,,,,,,,23.4,,,,,,
1919-07-01,5.2239,,,,,,,,,,,,,,,,,,,,24.3,,,,,,
1919-08-01,5.3047,,,,,,,,,,,,,,,,,,,,24.9,,,,,,
1919-09-01,5.197,,,,,,,,,,,,,,,,,,,,24.3,,,,,,
1919-10-01,5.1432,,,,,,,,,,,,,,,,,,,,24.4,,,,,,
1919-11-01,5.0624,,,,,,,,,,,,,,,,,,,,24.9,,,,,,
1919-12-01,5.1432,,,,,,,,,,,,,,,,,,,,26.0,,,,,,
1920-01-01,5.6279,,,,,,,,,,,,,,,,,,,,27.2,,,,,,
1920-02-01,5.6279,,,,,,,,,,,,,,,,,,,,27.1,,,,,,
1920-03-01,5.5201,,,,,,,,,,,,,,,,,,,,27.3,,,,,,
1920-04-01,5.2239,,,,,,,,,,,,,,,,,,,,28.5,,,,,,
1920-05-01,5.3586,,,,,,,,,,,,,,,,,,,,28.8,,,,,,
1920-06-01,5.4124,,,,,,,,,,,,,,,,,,,,28.7,,,,,,
1920-07-01,5.2778,,,,,,,,,,,,,,,,,,,,28.6,,,,,,
1920-08-01,5.3047,,,,,,,,,,,,,,,,,,,,27.8,,,,,,
1920-09-01,5.1162,,,,,,,,,,,,,,,,,,,,26.8,,,,,,
1920-10-01,4.9008,,,,,,,,,,,,,,,,,,,,24.9,,,,,,
1920-11-01,4.4969,,,,,,,,,,,,,,,,,,,,23.0,,,,,,
1920-12-01,4.2276,,,,,,,,,,,,,,,,,,,,20.8,,,,,,
1921-01-01,3.9853,,,,,,,,,,,,,,,,,,,,19.6,,,,,,
1921-02-01,3.9045,,,,,,,,,,,,,,,,,,,,18.1,,,,,,
1921-03-01,3.7968,,,,,,,,,,,,,,,,,,,,17.7,,,,,,
1921-04-01,3.7968,,,,,,,,,,,,,,,,,,,,17.0,,,,,,
1921-05-01,3.9045,,,,,,,,,,,,,,,,,,,,16.6,,,,,,
1921-06-01,3.8776,,,,,,,,,,,,,,,,,,,,16.1,,,,,,
1921-07-01,3.8506,,,,,,,,,,,,,,,,,,,,16.1,,,,,,
1921-08-01,3.9853,,,,,,,,,,,,,,,,,,,,16.1,,,,,,
1921-09-01,4.0122,,,,,,,,,,,,,,,,,,,,16.1,,,,,,
1921-10-01,4.2545,,,,,,,,,,,,,,,,,,,,16.2,,,,,,
1921-11-01,4.2007,,,,,,,,,,,,,,,,,,,,16.2,,,,,,
1921-12-01,4.1738,,,,,,,,,,,,,,,,,,,,16.0,,,,,,
1922-01-01,4.3353,,,,,,,,,,,,,,,,,,,,15.7,,,,,,
1922-02-01,4.5238,,,,,,,,,,,,,,,,,,,,16.0,,,,,,
1922-03-01,4.7662,,,,,,,,,,,,,,,,,,,,16.0,,,,,,
1922-04-01,4.6046,,,,,,,,,,,,,,,,,,,,16.1,,,,,,
1922-05-01,4.847,,,,,,,,,,,,,,,,,,,,16.6,,,,,,
1922-06-01,5.0893,,,,,,,,,,,,,,,,,,,,16.6,,,,,,
1922-07-01,5.0893,,,,,,,,,,,,,,,,,,,,17.1,,,,,,
1922-08-01,4.9816,,,,,,,,,,,,,,,,,,,,17.0,,,,,,
1922-09-01,5.2509,,,,,,,,,,,,,,,,,,,,17.1,,,,,,
1922-10-01,5.5471,,,,,,,,,,,,,,,,,,,,17.2,,,,,,
1922-11-01,5.7894,,,,,,,,,,,,,,,,,,,,17.3,,,,,,
1922-12-01,5.951,,,,,,,,,,,,,,,,,,,,17.3,,,,,,
1923-01-01,5.8163,,,,,,,,,,,,,,,,,,,,17.6,,,,,,
1923-02-01,5.8971,,,,,,,,,,,,,,,,,,,,17.8,,,,,,
1923-03-01,6.0856,,,,,,,,,,,,,,,,,,,,18.0,,,,,,
1923-04-01,6.2203,,,,,,,,,,,,,,,,,,,,17.9,,,,,,
1923-05-01,6.301,,,,,,,,,,,,,,,,,,,,17.5,,,,,,
1923-06-01,6.2472,,,,,,,,,,,,,,,,,,,,17.3,,,,,,
1923-07-01,6.1933,,,,,,,,,,,,,,,,,,,,17.0,,,,,,
1923-08-01,6.0856,,,,,,,,,,,,,,,,,,,,16.9,,,,,,
1923-09-01,5.951,,,,,,,,,,,,,,,,,,,,17.2,,,,,,
1923-10-01,5.9241,,,,,,,,,,,,,,,,,,,,17.1,,,,,,
1923-11-01,5.9241,,,,,,,,,,,,,,,,,,,,17.0,,,,,,
1923-12-01,5.7894,,,,,,,,,,,,,,,,,,,,16.9,,,,,,
1924-01-01,5.924,,,,,,,,,,,,,,,,,,,,17.2,,,,,,
1924-02-01,6.0318,,,,,,,,,,,,,,,,,,,,17.2,,,,,,
1924-03-01,5.9241,,,,,,,,,,,,,,,,,,,,17.0,,,,,,
1924-04-01,5.7356,,,,,,,,,,,,,,,,,,,,16.7,,,,,,
1924-05-01,5.4932,,,,,,,,,,,,,,,,,,,,16.5,,,,,,
1924-06-01,5.2509,,,,,,,,,,,,,,,,,,,,16.4,,,,,,
1924-07-01,5.1701,,,,,,,,,,,,,,,,,,,,16.5,,,,,,
1924-08-01,5.3586,,,,,,,,,,,,,,,,,,,,16.7,,,,,,
1924-09-01,5.5471,,,,,,,,,,,,,,,,,,,,16.7,,,,,,
1924-10-01,5.6817,,,,,,,,,,,,,,,,,,,,16.9,,,,,,
1924-11-01,5.7894,,,,,,,,,,,,,,,,,,,,17.1,,,,,,
1924-12-01,5.951,,,,,,,,,,,,,,,,,,,,17.5,,,,,,
1925-01-01,6.1395,,,,,,,,,,,,,,,,,,,,17.7,,,,,,
1925-02-01,6.1395,,,,,,,,,,,,,,,,,,,,17.9,,,,,,
1925-03-01,6.1395,,,,,,,,,,,,,,,,,,,,17.9,,,,,,
1925-04-01,6.1933,,,,,,,,,,,,,,,,,,,,17.5,,,,,,
1925-05-01,6.1664,,,,,,,,,,,,,,,,,,,,17.5,,,,,,
1925-06-01,6.1125,,,,,,,,,,,,,,,,,,,,17.7,,,,,,
1925-07-01,6.2741,,,,,,,,,,,,,,,,,,,,18.0,,,,,,
1925-08-01,6.1664,,,,,,,,,,,,,,,,,,,,17.9,,,,,,
1925-09-01,6.0856,,,,,,,,,,,,,,,,,,,,17.8,,,,,,
1925-10-01,6.328,,,,,,,,,,,,,,,,,,,,17.8,,,,,,
1925-11-01,6.4626,,,,,,,,,,,,,,,,,,,,18.0,,,,,,
1925-12-01,6.5434,,,,,,,,,,,,,,,,,,,,17.8,,,,,,
1926-01-01,6.4357,,,,,,,,,,,,,,,,,,,,17.8,,,,,,
1926-02-01,6.4357,,,,,,,,,,,,,,,,,,,,17.6,,,,,,
1926-03-01,6.5165,,,,,,,,,,,,,,,,,,,,17.3,,,,,,
1926-04-01,6.5165,,,,,,,,,,,,,,,,,,,,17.3,,,,,,
1926-05-01,6.4626,,,,,,,,,,,,,,,,,,,,17.3,,,,,,
1926-06-01,6.5434,,,,,,,,,,,,,,,,,,,,17.3,,,,,,
1926-07-01,6.5703,,,,,,,,,,,,,,,,,,,,17.1,,,,,,
1926-08-01,6.6511,,,,,,,,,,,,,,,,,,,,17.1,,,,,,
1926-09-01,6.7588,,,,,,,,,,,,,,,,,,,,17.2,,,,,,
1926-10-01,6.7588,,,,,,,,,,,,,,,,,,,,17.1,,,,,,
1926-11-01,6.7319,,,,,,,,,,,,,,,,,,,,17.0,,,,,,
1926-12-01,6.705,,,,,,,,,,,,,,,,,,,,16.9,,,,,,
1927-01-01,6.678,,,,,,,,,,,,,,,,,,,,16.4,,,,,,
1927-02-01,6.7319,,,,,,,,,,,,,,,,,,,,16.6,,,,,,
1927-03-01,6.8127,,,,,,,,,,,,,,,,,,,,16.5,,,,,,
1927-04-01,6.6511,,,,,,,,,,,,,,,,,,,,16.3,,,,,,
1927-05-01,6.705,,,,,,,,,,,,,,,,,,,,16.2,,,,,,
1927-06-01,6.678,,,,,,,,,,,,,,,,,,,,16.2,,,,,,
1927-07-01,6.5972,,,,,,,,,,,,,,,,,,,,16.2,,,,,,
1927-08-01,6.5972,,,,,,,,,,,,,,,,,,,,16.4,,,,,,
1927-09-01,6.4895,,,,,,,,,,,,,,,,,,,,16.6,,,,,,
1927-10-01,6.3549,,,,,,,,,,,,,,,,,,,,16.7,,,,,,
1927-11-01,6.3549,,,,,,,,,,,,,,,,,,,,16.6,,,,,,
1927-12-01,6.3818,,,,,,,,,,,,,,,,,,,,16.6,,,,,,
1928-01-01,6.5165,,,,,,,,,,,,,,,,,,,,16.6,,,,,,
1928-02-01,6.5703,,,,,,,,,,,,,,,,,,,,16.5,,,,,,
1928-03-01,6.6242,,,,,,,,,,,,,,,,,,,,16.5,,,,,,
1928-04-01,6.5972,,,,,,,,,,,,,,,,,,,,16.7,,,,,,
1928-05-01,6.678,,,,,,,,,,,,,,,,,,,,16.8,,,,,,
1928-06-01,6.7319,,,,,,,,,,,,,,,,,,,,16.7,,,,,,
1928-07-01,6.8127,,,,,,,,,,,,,,,,,,,,16.8,,,,,,
1928-08-01,6.9473,,,,,,,,,,,,,,,,,,,,16.8,,,,,,
1928-09-01,7.0012,,,,,,,,,,,,,,,,,,,,17.0,,,,,,
1928-10-01,7.1358,,,,,,,,,,,,,,,,,,,,16.7,,,,,,
1928-11-01,7.2704,,,,,,,,,,,,,,,,,,,,16.5,,,,,,
1928-12-01,7.4051,,,,,,,,,,,,,,,,,,,,16.5,,,,,,
1929-01-01,7.5128,,,,,,,,,,,,,,,,,,,,16.5,,,,,,
1929-02-01,7.4858,,,,,,,,,,,,,,,,,,,,16.4,,,,,,
1929-03-01,7.5128,,,,,,,,,,,,,,,,,,,,16.6,,,,,,
1929-04-01,7.6474,,,,,,,,,,,,,,,,,,,,16.5,,,,,,
1929-05-01,7.7821,,,,,,,,,,,,,,,,,,,,16.3,,,,,,
1929-06-01,7.8359,,,,,,,,,,,,,,,,,,,,16.4,,,,,,
1929-07-01,7.9436,,,,,,,,,,,,,,,,,,,,16.6,,,,,,
1929-08-01,7.8628,,,,,,,,,,,,,,,,,,,,16.6,,,,,,
1929-09-01,7.809,,,,,,,,,,,,,,,,,,,,16.6,,,,,,
1929-10-01,7.6743,,,,,,,,,,,,,,,,,,,,16.4,,,,,,
1929-11-01,7.2974,,,,,,,,,,,,,,,,,,,,16.1,,,,,,
1929-12-01,6.9742,,,,,,,,,,,,,,,,,,,,16.1,,,,,,
1930-01-01,6.9742,,,,,,,,,,,,,,,,,,,,15.9,,,,,,
1930-02-01,6.9473,,,,,,,,,,,,,,,,,,,,15.7,,,,,,
1930-03-01,6.8396,,,,,,,,,,,,,,,,,,,,15.5,,,,,,
1930-04-01,6.7857,,,,,,,,,,,,,,,,,,,,15.5,,,,,,
1930-05-01,6.678,,,,,,,,,,,,,,,,,,,,15.3,,,,,,
1930-06-01,6.4895,,,,,,,,,,,,,,,,,,,,15.0,,,,,,
1930-07-01,6.1933,,,,,,,,,,,,,,,,,,,,14.5,,,,,,
1930-08-01,6.0587,,,,,,,,,,,,,,,,,,,,14.5,,,,,,
1930-09-01,5.951,,,,,,,,,,,,,,,,,,,,14.5,,,,,,
1930-10-01,5.7894,,,,,,,,,,,,,,,,,,,,14.3,,,,,,
1930-11-01,5.6548,,,,,,,,,,,,,,,,,,,,14.0,,,,,,
1930-12-01,5.5201,,,,,,,,,,,,,,,,,,,,13.7,,,,,,
1931-01-01,5.4932,,,,,,,,,,,,,,,,,,,,13.5,,,,,,
1931-02-01,5.5201,,,,,,,,,,,,,,,,,,,,13.2,,,,,,
1931-03-01,5.6279,,,,,,,,,,,,,,,,,,,,13.1,,,,,,
1931-04-01,5.6548,,,,,,,,,,,,,,,,,,,,12.9,,,,,,
1931-05-01,5.574,,,,,,,,,,,,,,,,,,,,12.6,,,,,,
1931-06-01,5.4394,,,,,,,,,,,,,,,,,,,,12.4,,,,,,
1931-07-01,5.3586,,,,,,,,,,,,,,,,,,,,12.4,,,,,,
1931-08-01,5.1701,,,,,,,,,,,,,,,,,,,,12.4,,,,,,
1931-09-01,4.9277,,,,,,,,,,,,,,,,,,,,12.3,,,,,,
1931-10-01,4.7392,,,,,,,,,,,,,,,,,,,,12.1,,,,,,
1931-11-01,4.6854,,,,,,,,,,,,,,,,,,,,12.1,,,,,,
1931-12-01,4.6585,,,,,,,,,,,,,,,,,,,,11.8,,,,,,
1932-01-01,4.5238,,,,,,,,,,,,,,,,,,,,11.6,,,,,,
1932-02-01,4.4161,,,,,,,,,,,,,,,,,,,,11.4,,,,,,
1932-03-01,4.3623,,,,,,,,,,,,,,,,,,,,11.4,,,,,,
1932-04-01,4.0661,,,,,,,,,,,,,,,,,,,,11.3,,,,,,
1932-05-01,3.9314,,,,,,,,,,,,,,,,,,,,11.1,,,,,,
1932-06-01,3.7968,,,,,,,,,,,,,,,,,,,,11.0,,,,,,
1932-07-01,3.6891,,,,,,,,,,,,,,,,,,,,11.1,,,,,,
1932-08-01,3.7968,,,,,,,,,,,,,,,,,,,,11.2,,,,,,
1932-09-01,4.0391,,,,,,,,,,,,,,,,,,,,11.3,,,,,,
1932-10-01,4.1738,,,,,,,,,,,,,,,,,,,,11.1,,,,,,
1932-11-01,4.1738,,,,,,,,,,,,,,,,,,,,11.0,,,,,,
1932-12-01,4.093,,,,,,,,,,,,,,,,,,,,10.8,,,,,,
1933-01-01,4.0122,,,,,,,,,,,,,,,,,,,,10.5,,,,,,
1933-02-01,4.0391,,,,,,,,,,,,,,,,,,,,10.3,,,,,,
1933-03-01,3.7968,,,,,,,,,,,,,,,,,,,,10.4,,,,,,
1933-04-01,4.0661,,,,,,,,,,,,,,,,,,,,10.4,,,,,,
1933-05-01,4.7392,,,,,,,,,,,,,,,,,,,,10.8,,,,,,
1933-06-01,5.4663,,,,,,,,,,,,,,,,,,,,11.2,,,,,,
1933-07-01,5.9779,,,,,,,,,,,,,,,,,,,,11.9,,,,,,
1933-08-01,5.7356,,,,,,,,,,,,,,,,,,,,12.0,,,,,,
1933-09-01,5.4124,,,,,,,,,,,,,,,,,,,,12.2,,,,,,
1933-10-01,5.1432,,,,,,,,,,,,,,,,,,,,12.3,,,,,,
1933-11-01,4.847,,,,,,,,,,,,,,,,,,,,12.3,,,,,,
1933-12-01,4.8739,,,,,,,,,,,,,,,,,,,,12.2,,,,,,
1934-01-01,5.0354,,,,,,,,,,,,,,,,,,,,12.4,,,,,,
1934-02-01,5.2778,,,,,,,,,,,,,,,,,,,,12.7,,,,,,
1934-03-01,5.5201,,,,,,,,,,,,,,,,,,,,12.7,,,,,,
1934-04-01,5.5201,,,,,,,,,,,,,,,,,,,,12.7,,,,,,
1934-05-01,5.6278,,,,,,,,,,,,,,,,,,,,12.7,,,,,,
1934-06-01,5.5201,,,,,,,,,,,,,,,,,,,,12.9,,,,,,
1934-07-01,5.1432,,,,,,,,,,,,,,,,,,,,12.9,,,,,,
1934-08-01,5.0893,,,,,,,,,,,,,,,,,,,,13.2,,,,,,
1934-09-01,4.7931,,,,,,,,,,,,,,,,,,,,13.4,,,,,,
1934-10-01,5.0085,,,,,,,,,,,,,,,,,,,,13.2,,,,,,
1934-11-01,5.0624,,,,,,,,,,,,,,,,,,,,13.2,,,,,,
1934-12-01,5.3855,,,,,,,,,,,,,,,,,,,,13.3,,,,,,
1935-01-01,5.8163,,,,,,,,,,,,,,,,,,,,13.6,,,,,,
1935-02-01,5.9241,,,,,,,,,,,,,,,,,,,,13.7,,,,,,
1935-03-01,5.8971,,,,,,,,,,,,,,,,,,,,13.7,,,,,,
1935-04-01,5.7894,,,,,,,,,,,,,,,,,,,,13.8,,,,,,
1935-05-01,5.7894,,,,,,,,,,,,,,,,,,,,13.8,,,,,,
1935-06-01,5.8702,,,,,,,,,,,,,,,,,,,,13.8,,,,,,
1935-07-01,5.8702,,,,,,,,,,,,,,,,,,,,13.7,,,,,,
1935-08-01,6.0856,,,,,,,,,,,,,,,,,,,,13.9,,,,,,
1935-09-01,6.2472,,,,,,,,,,,,,,,,,,,,13.9,,,,,,
1935-10-01,6.4357,,,,,,,,,,,,,,,,,,,,13.9,,,,,,
1935-11-01,6.5703,,,,,,,,,,,,,,,,,,,,13.9,,,,,,
1935-12-01,6.6511,,,,,,,,,,,,,,,,,,,,14.0,,,,,,
1936-01-01,6.5434,,,,,,,,,,,,,,,,,,,,13.9,,,,,,
1936-02-01,6.3818,,,,,,,,,,,,,,,,,,,,13.9,,,,,,
1936-03-01,6.4626,,,,,,,,,,,,,,,,,,,,13.7,,,,,,
1936-04-01,6.8665,,,,,,,,,,,,,,,,,,,,13.7,,,,,,
1936-05-01,7.0012,,,,,,,,,,,,,,,,,,,,13.5,,,,,,
1936-06-01,7.1358,,,,,,,,,,,,,,,,,,,,13.7,,,,,,
1936-07-01,7.2704,,,,,,,,,,,,,,,,,,,,13.9,,,,,,
1936-08-01,7.3781,,,,,,,,,,,,,,,,,,,,14.0,,,,,,
1936-09-01,7.5128,,,,,,,,,,,,,,,,,,,,14.0,,,,,,
1936-10-01,7.6205,,,,,,,,,,,,,,,,,,,,14.0,,,,,,
1936-11-01,7.8359,,,,,,,,,,,,,,,,,,,,14.2,,,,,,
1936-12-01,8.0783,,,,,,,,,,,,,,,,,,,,14.5,,,,,,
1937-01-01,8.0513,,,,,,,,,,,,,,,,,,,,14.8,,,,,,
1937-02-01,8.159,,,,,,,,,,,,,,,,,,,,14.9,,,,,,
1937-03-01,8.3475,,,,,,,,,,,,,,,,,,,,15.1,,,,,,
1937-04-01,8.3475,,,,,,,,,,,,,,,,,,,,15.2,,,,,,
1937-05-01,8.3745,,,,,,,,,,,,,,,,,,,,15.1,,,,,,
1937-06-01,8.2667,,,,,,,,,,,,,,,,,,,,15.0,,,,,,
1937-07-01,8.3206,,,,,,,,,,,,,,,,,,,,15.2,,,,,,
1937-08-01,8.2667,,,,,,,,,,,,,,,,,,,,15.1,,,,,,
1937-09-01,7.9975,,,,,,,,,,,,,,,,,,,,15.1,,,,,,
1937-10-01,7.4051,,,,,,,,,,,,,,,,,,,,14.7,,,,,,
1937-11-01,6.678,,,,,,,,,,,,,,,,,,,,14.4,,,,,,
1937-12-01,6.0856,,,,,,,,,,,,,,,,,,,,14.1,,,,,,
1938-01-01,5.951,,,,,,,,,,,,,,,,,,,,14.0,,,,,,
1938-02-01,5.8971,,,,,,,,,,,,,,,,,,,,13.8,,,,,,
1938-03-01,5.8971,,,,,,,,,,,,,,,,,,,,13.7,,,,,,
1938-04-01,5.7894,,,,,,,,,,,,,,,,,,,,13.5,,,,,,
1938-05-01,5.6548,,,,,,,,,,,,,,,,,,,,13.5,,,,,,
1938-06-01,5.7086,,,,,,,,,,,,,,,,,,,,13.5,,,,,,
1938-07-01,6.0318,,,,,,,,,,,,,,,,,,,,13.6,,,,,,
1938-08-01,6.3549,,,,,,,,,,,,,,,,,,,,13.4,,,,,,
1938-09-01,6.5434,,,,,,,,,,,,,,,,,,,,13.5,,,,,,
1938-10-01,6.705,,,,,,,,,,,,,,,,,,,,13.4,,,,,,
1938-11-01,6.9742,,,,,,,,,,,,,,,,,,,,13.4,,,,,,
1938-12-01,7.055,,,,,,,,,,,,,,,,,,,,13.3,,,,,,
1939-01-01,7.055,,,,,,,,29923.0,,,37.1,,,,,,,,,13.3,,,,,,
1939-02-01,7.1089,,,,,,,,30100.0,,,37.2,,,,,,,,,13.3,,,,,,
1939-03-01,7.1358,,,,,,,,30280.0,,,37.3,,,,,,,,,13.2,,,,,,
1939-04-01,7.1089,,,,,,,,30094.0,,,37.3,,,,,,,,,13.1,,,,,,
1939-05-01,7.0819,,,,,,,,30299.0,,,37.0,,,,,,,,,13.1,,,,,,
1939-06-01,7.2435,,,,,,,,30502.0,,,37.4,,,,,,,,,13.0,,,,,,
1939-07-01,7.4589,,,,,,,,30419.0,,,37.3,,,,,,,,,13.0,,,,,,
1939-08-01,7.5666,,,,,,,,30663.0,,,38.1,,,,,,,,,12.9,,,,,,
1939-09-01,8.0244,,,,,,,,31031.0,,,38.1,,,,,,,,,13.6,,,,,,
1939-10-01,8.4283,,,,,,,,31411.0,,,39.1,,,,,,,,,13.7,,,,,,
1939-11-01,8.6437,,,,,,,,31470.0,,,38.5,,,,,,,,,13.6,,,,,,
1939-12-01,8.6437,,,,,,,,31542.0,,,38.4,,,,,,,,,13.7,,,,,,
1940-01-01,8.536,,,,,,,,31603.0,,,37.9,,,,,,,,,13.7,,,,,,
1940-02-01,8.2667,,,,,,,,31715.0,,,37.3,,,,,,,,,13.6,,,,,,
1940-03-01,8.0783,,,,,,,,31825.0,,,37.4,,,,,,,,,13.5,,,,,,
1940-04-01,8.2398,,,,,,,,31701.0,,,37.4,,,,,,,,,13.5,,,,,,
1940-05-01,8.4822,,,,,,,,31879.0,,,37.5,,,,,,,,,13.5,,,,,,
1940-06-01,8.7514,,,,,,,,31977.0,,,37.6,,,,,,,,,13.4,,,,,,
1940-07-01,8.8592,,,,,,,,31942.0,,,38.0,,,,,,,,,13.4,,,,,,
1940-08-01,8.913,,,,,,,,32352.0,,,38.4,,,,,,,,,13.4,,,,,,
1940-09-01,9.1015,,,,,,,,32810.0,,,39.0,,,,,,,,,13.4,,,,,,
1940-10-01,9.2361,,,,,,,,33267.0,,,39.3,,,,,,,,,13.6,,,,,,
1940-11-01,9.4516,,,,,,,,33669.0,,,38.6,,,,,,,,,13.7,,,,,,
1940-12-01,9.7747,,,,,,,,34174.0,,,39.6,,,,,,,,,13.8,,,,,,
1941-01-01,10.017,,,,,,,,34481.0,,,39.4,,,,,,,,,13.9,,,,,,
1941-02-01,10.3132,,,,,,,,34843.0,,,40.1,,,,,,,,,13.9,,,,,,
1941-03-01,10.6364,,,,,,,,35092.0,,,40.4,,,,,,,,,14.0,,,,,,
1941-04-01,10.6633,,,,,,,,35468.0,,,40.5,,,,,,,,,14.4,,,,,,
1941-05-01,11.148,,,,,,,,36182.0,,,40.8,,,,,,,,,14.6,,,,,,
1941-06-01,11.2288,,,,,,,,36650.0,,,41.4,,,,,,,,,15.0,,,,,,
1941-07-01,11.3634,,,,,,,,37137.0,,,41.1,,,,,,,,,15.3,,,,,,
1941-08-01,11.4981,,,,,,,,37544.0,,,41.2,,,,,,,,,15.6,,,,,,
1941-09-01,11.4981,,,,,,,,37835.0,,,41.3,,,,,,,,,15.8,,,,,,
1941-10-01,11.6058,,,,,,,,37949.0,,,41.2,,,,,,,,,15.9,,,,,,
1941-11-01,11.6596,,,,,,,,38024.0,,,40.4,,,,,,,,,15.9,,,,,,
1941-12-01,11.8481,,,,,,,,38104.0,,,40.9,,,,,,,,,16.2,,,,,,
1942-01-01,12.0905,,,,,,,,38347.0,,,42.1,,,,,,,,,16.5,,,,,,
1942-02-01,12.3059,,,,,,,,38512.0,,,42.4,,,,,,,,,16.7,,,,,,
1942-03-01,12.4405,,,,,,,,38935.0,,,42.7,,,,,,,,,16.8,,,,,,
1942-04-01,12.0905,,,,,,,,39352.0,,,42.8,,,,,,,,,17.0,,,,,,
1942-05-01,12.1174,,,,,,,,39771.0,,,43.1,,,,,,,,,17.0,,,,,,
1942-06-01,12.1443,,,,,,,,40029.0,,,43.0,,,,,,,,,17.0,,,,,,
1942-07-01,12.4405,,,,,,,,40472.0,,,43.5,,,,,,,,,17.0,,,,,,
1942-08-01,12.8175,,,,,,,,40988.0,,,43.3,,,,,,,,,17.1,,,,,,
1942-09-01,13.1137,,,,,,,,41259.0,,,43.2,,,,,,,,,17.2,,,,,,
1942-10-01,13.5445,,,,,,,,41515.0,,,43.7,,,,,,,,,17.2,,,,,,
1942-11-01,13.8677,,,,,,,,41674.0,,,44.2,,,,,,,,,17.3,,,,,,
1942-12-01,14.1908,,,,,,,,41915.0,,,44.2,,,,,,,,,17.4,,,,,,
1943-01-01,14.3255,,,,,,,,42172.0,,,44.6,,,,,,,,,17.5,,6577.83,,,,
1943-02-01,14.7024,,,,,,,,42393.0,,,44.5,,,,,,,,,17.7,,6463.04,,,,
1943-03-01,14.8102,,,,,,,,42552.0,,,44.7,,,,,,,,,17.8,,6234.21,,,,
1943-04-01,14.9986,,,,,,,,42647.0,,,45.1,,,,,,,,,17.9,,6125.75,,,,
1943-05-01,15.1063,,,,,,,,42596.0,,,45.4,,,,,,,,,17.9,,5936.26,,,,
1943-06-01,15.0256,,,,,,,,42781.0,,,45.3,,,,,,,,,17.9,,5822.23,,,,
1943-07-01,15.4833,,,,,,,,42700.0,,,45.4,,,,,,,,,17.8,,5718.37,,,,
1943-08-01,15.8064,,,,,,,,42546.0,,,45.4,,,,,,,,,17.8,,5638.75,,,,
1943-09-01,16.2104,,,,,,,,42492.0,,,45.6,,,,,,,,,17.8,,5647.59,,,,
1943-10-01,16.4527,,,,,,,,42675.0,,,45.6,,,,,,,,,17.8,,5650.74,,,,
1943-11-01,16.6681,,,,,,,,42821.0,,,45.7,,,,,,,,,17.7,,5576.87,,,,
1943-12-01,16.4527,,,,,,,,42746.0,,,44.6,,,,,,,,,17.8,,5462.52,,,,
1944-01-01,16.6412,,,,,,,,42654.0,,,45.4,,,,,,,,,17.8,,5398.57,,,,
1944-02-01,16.7758,,,,,,,,42538.0,,,45.4,,,,,,,,,17.8,,5354.36,,,,
1944-03-01,16.7489,,,,,,,,42294.0,,,45.2,,,,,,,,,17.9,,5370.36,,,,
1944-04-01,16.7489,,,,,,,,42063.0,,,45.2,,,,,,,,,17.9,,5379.18,,,,
1944-05-01,16.6412,,,,,,,,41985.0,,,45.3,,,,,,,,,17.9,,5430.5,,,,
1944-06-01,16.5874,,,,,,,,41947.0,,,45.5,,,,,,,,,18.0,,5467.79,,,,
1944-07-01,16.5604,,,,,,,,41904.0,,,45.4,,,,,,,,,17.9,,5498.2,,,,
1944-08-01,16.7758,,,,,,,,41850.0,,,45.4,,,,,,,,,17.9,,5533.96,,,,
1944-09-01,16.6681,,,,,,,,41679.0,,,45.2,,,,,,,,,17.9,,5549.23,,,,
1944-10-01,16.722,,,,,,,,41708.0,,,45.6,,,,,,,,,17.9,,5565.93,,,,
1944-11-01,16.5873,,,,,,,,41711.0,,,45.4,,,,,,,,,18.0,,5570.1,,,,
1944-12-01,16.5335,,,,,,,,41860.0,,,45.4,,,,,,,,,18.0,,5585.69,,,,
1945-01-01,16.3719,,,,,,,,41895.0,,,45.5,,,,,,,,,18.1,,5602.73,,,,
1945-02-01,16.3181,,,,,,,,41897.0,,,45.5,,,,,,,,,18.1,,5573.81,,,,
1945-03-01,16.2104,,,,,,,,41798.0,,,45.3,,,,,,,,,18.1,,5667.69,,,,
1945-04-01,15.9142,,,,,,,,41446.0,,,45.0,,,,,,,,,18.2,,5582.45,,,,
1945-05-01,15.4833,,,,,,,,41304.0,,,44.3,,,,,,,,,18.3,,5605.25,,,,
1945-06-01,15.1333,,,,,,,,41149.0,,,44.8,,,,,,,,,18.3,,5704.45,,,,
1945-07-01,14.7832,,,,,,,,40874.0,,,44.7,,,,,,,,,18.3,,5748.78,,,,
1945-08-01,13.2483,,,,,,,,40466.0,,,40.9,,,,,,,,,18.2,,5767.01,,,,
1945-09-01,12.0635,,,,,,,,38507.0,,,41.5,,,,,,,,,18.1,,5758.27,,,,
1945-10-01,11.5788,,,,,,,,38600.0,,,41.5,,,,,,,,,18.2,,5932.02,,,,
1945-11-01,12.0097,,,,,,,,38996.0,,,41.2,,,,,,,,,18.4,,6095.55,,,,
1945-12-01,12.0635,,,,,,,,39110.0,,,41.1,,,,,,,,,18.4,,6567.05,,,,
1946-01-01,11.3903,,,,,,,,39829.0,,,40.9,,,,,,,,,18.4,,6504.51,,,,
1946-02-01,10.8249,,,,,,,,39244.0,,,40.4,,,,,,,,,18.5,,6765.95,,,,
1946-03-01,11.9558,,,,,,,,40195.0,,,40.6,,,,,,,,,18.8,,7005.45,,,,
1946-04-01,11.7404,,,,,,,,40913.0,,,40.4,,,,,,,,,19.0,,7333.22,,,,
1946-05-01,11.3096,,,,,,,,41349.0,,,39.8,,,,,,,,,19.1,,7532.37,,,,
1946-06-01,12.0097,,,,,,,,41735.0,,,40.0,,,,,,,,,19.4,,7702.21,,,,
1946-07-01,12.4136,,,,,,,,42153.0,,,40.2,,,,,,,,,21.5,,7933.64,,,,
1946-08-01,12.8714,,,,,,,,42642.0,,,40.6,,,,,,,,,22.2,,8345.16,,,,
1946-09-01,13.1137,,,,,,,,42915.0,,,40.4,,,,,,,,,21.4,,8599.6,,,,
1946-10-01,13.356,,,,,,,,43093.0,,,40.4,,,,,,,,,23.1,,8895.14,,,,
1946-11-01,13.4368,,,,,,,,43395.0,,,40.3,,,,,,,,,24.1,,9218.28,,,,
1946-12-01,13.5176,,,,,,,,43379.0,,,40.5,,,,,,,,,24.3,,9444.39,,,,
1947-01-01,13.6792,,,,,,,,43535.0,,,40.5,,,,21.48,,,,,24.5,11.2894,9770.2,,,,
1947-02-01,13.76,,,,,,,,43557.0,,,40.4,,,,21.62,,,,,24.7,11.5179,10089.0,,,,
1947-03-01,13.8407,,,,,,,,43607.0,,,40.3,,,,22.0,,,,,25.3,11.7667,10345.85,,,,
1947-04-01,13.733,,,,,,,,43499.0,,,40.5,,,,22.0,,,,,25.1,12.0269,10645.94,,,,
1947-05-01,13.7869,,,,,,,,43638.0,,,40.4,,,,21.95,,,,,25.0,12.2788,10926.31,,,,
1947-06-01,13.7869,,,,,,,,43810.0,,,40.4,,,,22.08,,,,,25.0,12.4832,11135.65,,,,
1947-07-01,13.7061,,,,,,,,43743.0,,,40.4,,,,22.23,,,,,25.3,12.78,11364.12,,,,
1947-08-01,13.7869,,,,,,,,43960.0,,,40.0,,,,22.4,,,,,25.6,13.0822,11582.88,,,,
1947-09-01,13.8946,,,,,,,,44203.0,,,40.5,,,,22.84,,,,,26.1,13.3523,11860.3,,,,
1947-10-01,14.0292,,,,,,,,44411.0,,,40.5,,,,22.91,,,,,26.4,13.6287,12205.13,,,,
1947-11-01,14.2177,,,,,,,,44484.0,,,40.5,,,,23.06,,,,,26.7,13.8998,12534.87,,,,
1947-12-01,14.2716,,,,,,,,44581.0,,,40.8,,,,23.41,,,,,27.2,14.2053,12855.62,,,,
1948-01-01,14.3524,,,,,,,,44679.0,3.4,,40.5,,58.6,,23.68,,,,,27.7,14.4049,13228.61,,,,
1948-02-01,14.3793,,,,,,,,44533.0,3.8,,40.2,,58.9,,23.67,,,,,27.2,14.5635,13524.28,,,,
1948-03-01,14.2177,,,,,,,,44683.0,4.0,,40.4,,58.5,,23.5,,,,,27.2,14.7454,13921.24,,,,
1948-04-01,14.2447,,,,,,,,44379.0,3.9,,40.1,,59.0,,23.82,,,,,27.4,14.9301,14264.07,,,,
1948-05-01,14.487,,,,,,,,44796.0,3.5,,40.2,,58.3,,24.01,,,,,27.5,15.0976,14500.28,,,,
1948-06-01,14.6755,,,,,,,,45034.0,3.6,,40.3,,59.2,,24.15,,,,,27.7,15.2158,14775.27,,,,
1948-07-01,14.6755,,,,,,,,45160.0,3.6,,40.2,,59.3,,24.4,,,,,28.0,15.2705,15041.57,,,,
1948-08-01,14.6216,,,,,,,,45178.0,3.9,,40.2,,58.9,,24.43,,,,,28.2,15.212,15229.7,,,,
1948-09-01,14.5139,,,,,,,,45294.0,3.8,,40.1,,58.9,,24.36,,,,,28.1,15.1478,15515.14,,,,
1948-10-01,14.6217,,,,,,,,45245.0,3.7,,39.8,,58.7,,24.31,,,,,27.8,15.0945,15579.62,,,,
1948-11-01,14.4332,,,,,,,,45192.0,3.8,,39.8,,58.7,,24.16,,,,,27.8,15.0462,15603.37,,,,
1948-12-01,14.2985,,,,,,,,45032.0,4.0,,39.6,,59.1,,24.05,,,,,27.6,15.0348,15803.23,,,,
1949-01-01,14.1639,,,,,,,,44668.0,4.3,,39.4,,58.7,,24.01,,,,,27.3,14.9254,15901.7,,,,
1949-02-01,14.0292,,,,,,,,44497.0,4.7,,39.4,,59.0,,23.91,,,,,26.8,14.7874,16009.26,,,,
1949-03-01,13.76,,,,,,,,44240.0,5.0,,39.1,,58.9,,23.91,,,,,26.8,14.6621,16092.98,,,,
1949-04-01,13.6792,,,,,,,,44236.0,5.3,,38.8,,58.8,,23.92,,,,,26.5,14.5149,16413.2,,,,
1949-05-01,13.4907,,,,,,,,43984.0,6.1,,38.9,,59.0,,23.91,,,,,26.3,14.3455,16638.1,,,,
1949-06-01,13.4638,,,,,,,,43739.0,6.2,,39.0,,58.6,,23.92,,,,,26.0,14.1386,16860.93,,,,
1949-07-01,13.4368,,,,,,,,43531.0,6.7,,39.2,,58.9,,23.7,,,,,26.0,14.0212,17061.1,,,,
1949-08-01,13.5715,,,,,,,,43624.0,6.8,,39.2,,59.2,,23.7,,,,,26.0,13.923,17355.49,,,,
1949-09-01,13.7061,,,,,,,,43780.0,6.6,,39.4,,59.1,,23.75,,,,,26.1,13.8246,17695.16,,,,
1949-10-01,13.1945,,,,,,,,42942.0,7.9,,39.6,,59.6,,23.67,,,,,26.0,13.7376,18021.32,,,,
1949-11-01,13.5446,,,,,,,,43242.0,6.4,,39.1,,59.4,,23.7,,,,,26.0,13.6548,18435.99,,,,
1949-12-01,13.7869,,,,,,,,43522.0,6.6,,39.4,,59.2,,23.61,,,,,25.9,13.5957,18772.21,,,,
1950-01-01,14.0292,,,,,,,,43526.0,6.5,,39.6,,58.9,,23.51,,,,,25.9,13.6493,19050.87,,,,
1950-02-01,14.0831,,,,,,,,43297.0,6.4,,39.7,,58.9,,23.61,,,,,26.1,13.7957,19371.63,,,,
1950-03-01,14.5409,,,,,,,,43954.0,6.3,,39.7,,58.8,,23.64,,,,,26.1,13.9531,19734.83,,,,
1950-04-01,15.0255,,,,,,,,44382.0,5.8,,40.3,,59.2,,23.65,,,,,26.1,14.1119,20148.38,,,,
1950-05-01,15.3756,,,,,,,,44718.0,5.5,,40.3,,59.1,,23.77,,,,,26.4,14.2519,20621.68,,,,
1950-06-01,15.8334,,,,,,,,45083.0,5.4,,40.6,,59.4,,23.88,,,,,26.6,14.388,21118.84,,,,
1950-07-01,16.345,,,,,,,,45454.0,5.0,,40.9,,59.1,,24.07,,,,,27.3,14.7712,22086.29,,,,
1950-08-01,16.8566,,,,,,,,46192.0,4.5,,41.3,,59.5,,24.2,,,,,27.9,15.2975,22728.26,,,,
1950-09-01,16.7489,,,,,,,,46438.0,4.4,,40.8,,59.2,,24.34,,,,,28.4,15.8075,23171.57,,,,
1950-10-01,16.8566,,,,,,,,46706.0,4.2,,41.1,,59.4,,24.5,,,,,28.6,16.3104,23242.15,,,,
1950-11-01,16.8297,,,,,,,,46776.0,4.2,,41.0,,59.3,,24.6,,,,,29.0,16.8092,23258.56,,,,
1950-12-01,17.1259,,,,,,,,46861.0,4.3,,40.9,,59.2,,24.98,,,,,29.7,17.3061,23229.16,,,,
1951-01-01,17.1797,,,,,,,,47288.0,3.7,,41.0,,59.1,,25.38,,,,,30.5,17.7542,23797.6,,,,
1951-02-01,17.2875,,,,,,,,47577.0,3.4,,40.9,,59.1,,25.83,,,,,30.9,18.1862,24109.42,,,,
1951-03-01,17.3682,,,,,,,,47873.0,3.4,,41.0,,59.8,,25.88,,,,,30.9,18.6363,24280.96,,,,
1951-04-01,17.3952,,,,,,,,47861.0,3.1,,41.0,,59.1,,25.92,,,,,30.8,19.1031,24076.15,,,,
1951-05-01,17.3413,,,,,,,,47952.0,3.0,,41.0,,59.4,,25.99,,,,,30.7,19.5512,23994.88,,,,
1951-06-01,17.2605,,,,,,,,48064.0,3.2,,40.9,,59.0,,25.93,,,,,30.5,20.0031,23841.03,,,,
1951-07-01,16.9913,,,,,,,,48061.0,3.1,,40.6,,59.4,,25.91,,,,,30.3,20.2509,23706.57,,,,
1951-08-01,16.8297,,,,,,,,48012.0,3.1,,40.4,,59.2,,25.86,,,,,30.1,20.3672,23940.11,,,,
1951-09-01,16.9374,,,,,,,,47954.0,3.3,,40.4,,59.1,,26.03,,,,,30.1,20.4775,24098.29,,,,
1951-10-01,16.9105,,,,,,,,48006.0,3.5,,40.3,,59.4,,26.16,,,,,30.1,20.6053,24288.01,,,,
1951-11-01,17.0451,,,,,,,,48147.0,3.5,,40.4,,59.2,,26.32,,,,,30.1,20.7329,24639.74,,,,
1951-12-01,17.1528,,,,,,,,48314.0,3.1,,40.7,,59.6,,26.47,,,,,30.1,20.9657,24627.95,,,,
1952-01-01,17.3413,,,,,,,,48296.0,3.2,,40.8,,59.5,,26.45,,,,,30.0,22.1319,24801.92,,,,
1952-02-01,17.449,,,,,,,,48522.0,3.1,,40.8,,59.5,,26.41,,,,,29.8,22.4316,25151.92,,,,
1952-03-01,17.5029,,,,,,,,48504.0,2.9,,40.6,,58.9,,26.39,,,,,29.8,22.3763,25195.58,,,,
1952-04-01,17.3413,,,,,,,,48620.0,2.9,,40.3,,58.8,,26.46,,,,,29.6,22.138,25548.05,,,,
1952-05-01,17.1798,,,,,,,,48642.0,3.0,,40.5,,59.1,,26.47,,,,,29.6,21.9293,26146.47,,,,
1952-06-01,17.0182,,,,,,,,48282.0,3.0,,40.6,,59.1,,26.53,,,,,29.5,22.0525,26762.43,,,,
1952-07-01,16.7489,,,,,,,,48143.0,3.2,,40.2,,58.9,,26.68,,,,,29.6,22.1461,27210.19,,,,
1952-08-01,17.826,,,,,,,,48924.0,3.4,,40.7,,58.7,,26.69,,,,,29.8,22.3937,27468.78,,,,
1952-09-01,18.4723,,,,,,,,49320.0,3.1,,41.1,,59.2,,26.63,,,,,29.6,22.6967,27869.82,,,,
1952-10-01,18.6608,,,,,,,,49597.0,3.0,,41.2,,58.7,,26.69,,,,,29.5,23.0685,28496.56,,,,
1952-11-01,19.0378,,,,,,,,49816.0,2.8,,41.2,,59.1,,26.69,,,,,29.3,23.4435,29049.11,,,,
1952-12-01,19.1455,,,,,,,,50166.0,2.7,,41.2,,59.2,,26.71,,,,,29.1,23.23,29685.58,,,,
1953-01-01,19.1993,,,,,,,,50144.0,2.9,,41.1,,59.5,,26.64,,,,,29.1,23.4687,30479.45,,,,
1953-02-01,19.307,,,,,,,,50339.0,2.6,,41.0,,59.5,,26.59,,,,,29.1,23.6226,30886.61,,,,
1953-03-01,19.4686,,,,,,,,50473.0,2.6,,41.2,,59.6,,26.63,,,,,29.2,23.6983,31639.33,,,,
1953-04-01,19.5494,,,,,,,,50435.0,2.7,,40.9,,59.1,,26.69,,,,,29.0,23.8228,32117.35,,,,
1953-05-01,19.6571,,,,,,,,50490.0,2.5,,41.0,,58.6,,26.7,,,,,29.1,23.8827,32431.82,,,,
1953-06-01,19.5763,,,,,,,,50519.0,2.5,,40.9,,58.9,,26.77,,,,,29.0,23.7607,32501.58,,,,
1953-07-01,19.8187,,,,,,,,50536.0,2.6,,40.7,,58.9,,26.79,,,,,29.4,23.7782,32792.3,,,,
1953-08-01,19.7109,,,,,,,,50489.0,2.7,,40.7,,58.6,,26.85,,,,,29.3,23.9951,33060.61,,,,
1953-09-01,19.307,,,,,,,,50368.0,2.9,,40.1,,58.5,,26.89,,,,,29.4,24.0138,33255.74,,,,
1953-10-01,19.1455,,,,,,,,50240.0,3.1,,40.1,,58.5,,26.95,,,,,29.2,23.9825,33482.28,,,,
1953-11-01,18.6877,,,,,,,,49908.0,3.5,,40.0,,58.6,,26.85,,,,,29.1,23.87,33558.31,,,,
1953-12-01,18.2299,,,,,,,,49703.0,4.5,,39.7,,58.3,,26.87,,,,,29.2,23.1686,33696.92,,,,
1954-01-01,18.0953,,,,,,,,49469.0,4.9,,39.5,,58.6,,26.94,,,,,29.4,23.0112,34064.9,,,,
1954-02-01,18.1492,,,,,,,,49382.0,5.2,,39.7,,59.3,,26.99,,,,,29.3,22.952,33701.35,,,,
1954-03-01,18.0414,,,,,,,,49157.0,5.7,,39.6,,59.1,,26.93,,,,,29.3,22.927,33507.66,,,,
1954-04-01,17.9337,,,,,,,,49179.0,5.9,,39.7,,59.2,,26.86,,,,,29.4,22.7987,33706.5,,,,
1954-05-01,18.0414,,,,,,,,48965.0,5.9,,39.7,,58.9,,26.93,,,,,29.4,22.6694,33704.8,,,,
1954-06-01,18.0953,,,,,,,,48895.0,5.6,,39.7,,58.5,,26.94,,,,,29.2,22.5139,33815.39,,,,
1954-07-01,18.1222,,,,,,,,48835.0,5.8,,39.7,,58.4,,26.86,,,,,29.3,22.439,34057.2,0.8,,,
1954-08-01,18.0953,,,,,,,,48826.0,6.0,,39.8,,58.7,,26.85,,,,,29.3,22.4422,34009.56,1.22,,,
1954-09-01,18.1222,,,,,,,,48886.0,6.1,,39.9,,59.2,,26.81,,,,,29.2,22.4805,34137.28,1.07,,,
1954-10-01,18.3377,,,,,,,,48942.0,5.7,,39.7,,58.8,,26.72,,,,,29.1,22.5787,34363.37,0.85,,,
1954-11-01,18.6338,,,,,,,,49180.0,5.3,,40.1,,58.6,,26.78,,,,,29.2,22.6956,34608.56,0.83,,,
1954-12-01,18.8762,,,,,,,,49331.0,5.0,,40.1,,58.1,,26.77,,,,,29.0,22.5382,35028.27,1.28,,,
1955-01-01,19.307,,,,,,,,49496.0,4.9,,40.4,,58.6,,26.77,,,,,29.2,22.8036,35372.51,1.39,,,
1955-02-01,19.5494,,,,,,,,49644.0,4.7,,40.6,,58.4,,26.82,,,,,29.3,22.9901,35925.41,1.29,,,
1955-03-01,20.0071,,,,,,,,49962.0,4.6,,40.7,,58.5,,26.79,,,,,29.2,23.1876,36530.32,1.35,,,
1955-04-01,20.2495,,,,,,,,50248.0,4.7,,40.8,,59.0,,26.79,,,,,29.3,23.3723,37235.21,1.43,,,
1955-05-01,20.5726,,,,,,,,50512.0,4.3,,41.1,,58.8,,26.77,,,,,29.1,23.7085,37736.78,1.43,,,
1955-06-01,20.5996,,,,,,,,50790.0,4.2,,40.8,,58.8,,26.71,,,,,29.3,24.1102,38536.67,1.64,,,
1955-07-01,20.7611,,,,,,,,50987.0,4.0,,40.7,,59.3,,26.76,,,,,29.3,24.5263,39029.43,1.68,,,
1955-08-01,20.7342,,,,,,,,51111.0,4.2,,40.7,,59.7,,26.72,,,,,29.4,24.963,39732.77,1.96,,,
1955-09-01,20.8688,,,,,,,,51266.0,4.1,,40.7,,59.7,,26.85,,,,,29.6,25.3672,40394.19,2.18,,,
1955-10-01,21.2189,,,,,,,,51429.0,4.3,,41.0,,59.8,,26.82,,,,,29.6,25.7546,40833.66,2.24,,,
1955-11-01,21.2727,,,,,,,,51592.0,4.2,,41.1,,59.9,,26.88,,,,,29.5,26.4404,41366.82,2.35,,,
1955-12-01,21.3535,,,,,,,,51805.0,4.2,,40.9,,60.2,,26.87,,,,,29.5,26.7161,41869.03,2.48,,,
1956-01-01,21.4882,,,,,,,,51975.0,4.0,,40.8,,60.2,,26.83,,,,,29.7,27.1736,42120.13,2.45,,,
1956-02-01,21.2997,,,,,,,,52167.0,3.9,,40.7,,59.9,,26.86,,,,,29.8,27.6564,42561.07,2.5,,,
1956-03-01,21.2997,,,,,,,,52294.0,4.2,,40.6,,59.8,,26.89,,,,,29.9,28.5289,43205.25,2.5,,,
1956-04-01,21.4612,,,,,,,,52375.0,4.0,,40.5,,59.9,,26.93,,,,,30.1,29.285,43383.97,2.62,,,
1956-05-01,21.2728,,,,,,,,52506.0,4.3,,40.4,,60.2,,27.03,,,,,30.3,29.6299,43799.61,2.75,,,
1956-06-01,21.0843,,,,,,,,52586.0,4.3,,40.3,,60.1,,27.15,,,,,30.3,30.263,44053.63,2.71,,,
1956-07-01,20.438,,,,,,,,51955.0,4.4,,40.3,,60.1,,27.29,,,,,30.2,30.7252,44173.42,2.75,,,
1956-08-01,21.2727,,,,,,,,52631.0,4.1,,40.3,,60.0,,27.31,,,,,30.4,31.0855,44498.86,2.73,,,
1956-09-01,21.7574,,,,,,,,52604.0,3.9,,40.5,,60.0,,27.35,,,,,30.6,31.4451,44778.98,2.95,,,
1956-10-01,21.9459,,,,,,,,52777.0,3.9,,40.6,,59.8,,27.51,,,,,30.6,31.8895,44934.15,2.96,,,
1956-11-01,21.7574,,,,,,,,52821.0,4.3,,40.4,,59.8,,27.51,,,,,30.7,32.2609,45400.79,2.88,,,
1956-12-01,22.0806,,,,,,,,52929.0,4.2,,40.6,,59.8,,27.63,,,,,30.8,32.473,45448.24,2.94,,,
1957-01-01,21.9998,,,,,,,,52887.0,4.2,,40.4,,59.5,,27.67,28.5,,,,31.0,32.687,45700.5,2.84,,,
1957-02-01,22.2152,,,,,,,,53097.0,3.9,,40.5,,59.9,,27.8,28.6,,,,31.0,32.6895,46042.24,3.0,,,
1957-03-01,22.1883,,,,,,,,53156.0,3.7,,40.4,,59.8,,27.86,28.7,,,,31.0,33.0407,46245.3,2.96,,,
1957-04-01,21.8921,,,,,,,,53238.0,3.9,,40.0,,59.5,,27.93,28.8,,,,31.1,33.3856,46517.42,3.0,,,
1957-05-01,21.8113,,,,,,,,53150.0,4.1,,40.0,,59.5,,28.0,28.8,,,,31.0,33.6362,46838.04,3.0,,,
1957-06-01,21.8652,,,,,,,,53067.0,4.3,,40.0,,59.8,,28.11,28.9,,,,31.1,34.0596,47000.29,3.0,,,
1957-07-01,21.9998,,,,,,,,53123.0,4.2,,40.0,,60.0,,28.19,29.0,,,,31.3,34.3749,47368.47,2.99,,,
1957-08-01,21.9998,,,,,,,,53128.0,4.1,,40.0,,59.3,,28.28,29.0,,,,31.4,34.5961,47646.21,3.24,,,
1957-09-01,21.8113,,,,,,,,52934.0,4.4,,39.7,,59.6,,28.32,29.1,,,,31.3,34.5474,47741.48,3.47,,,
1957-10-01,21.4882,,,,,,,,52763.0,4.5,,39.4,,59.5,,28.32,29.2,,,,31.2,34.4197,47879.0,3.5,,,
1957-11-01,20.9765,,,,,,,,52558.0,5.1,,39.2,,59.5,,28.41,29.3,,,,31.3,34.3325,47959.67,3.28,,,
1957-12-01,20.5726,,,,,,,,52384.0,5.2,,39.1,,59.6,,28.47,29.3,,,,31.4,33.8853,48078.27,2.98,,,
1958-01-01,20.1956,,,,,,,,52076.0,5.8,,38.9,,59.3,,28.64,29.3,,,,31.5,34.6988,48292.47,2.72,,,
1958-02-01,19.7648,,,,,,,,51576.0,6.4,,38.7,,59.3,,28.7,29.4,,,,31.5,34.8623,48097.52,1.67,,,
1958-03-01,19.5225,,,,,,,,51299.0,6.7,,38.8,,59.3,,28.87,29.5,,,,31.7,34.7528,47773.44,1.2,,,
1958-04-01,19.1993,,,,,,,,51027.0,7.4,,38.9,,59.6,,28.94,29.5,,,,31.6,34.5718,47662.5,1.26,,,
1958-05-01,19.3878,,,,,,,,50914.0,7.4,,38.9,,59.8,,28.94,29.5,,,,31.7,34.4375,47618.28,0.63,,,
1958-06-01,19.8994,,,,,,,,50914.0,7.3,,39.1,,59.5,,28.91,29.6,,,,31.6,34.2718,47507.36,0.93,,,
1958-07-01,20.1956,,,,,,,,51039.0,7.5,,39.3,,59.6,,28.89,29.6,,,,31.6,34.1831,47552.28,0.68,,,
1958-08-01,20.5995,,,,,,,,51233.0,7.4,,39.5,,59.8,,28.94,29.6,,,,31.6,34.3612,47592.98,1.53,,,
1958-09-01,20.7881,,,,,,,,51506.0,7.1,,39.5,,59.7,,28.91,29.7,,,,31.6,34.5237,47712.92,1.76,,,
1958-10-01,21.0304,,,,,,,,51485.0,6.7,,39.6,,59.6,,28.91,29.7,,,,31.5,34.7518,47823.17,1.8,,,
1958-11-01,21.6497,,,,,,,,51944.0,6.2,,39.9,,59.2,,28.95,29.8,,,,31.6,34.9156,47987.48,2.27,,,
1958-12-01,21.6767,,,,,,,,52085.0,6.2,,39.9,,59.2,,28.97,29.9,,,,31.6,34.9489,48394.35,2.42,,,
1959-01-01,21.9998,,,2426.0,2583.56,,1657.0,,52478.0,6.0,,40.2,,59.3,,29.01,29.9,15.164,15.501,,31.7,35.213,48961.16,2.48,18.9,286.6,
1959-02-01,22.4306,,,2434.8,2593.596,,1667.0,,52688.0,5.9,,40.3,,59.0,,29.0,29.9,15.179,15.513,,31.7,35.2201,49513.71,2.43,18.6,287.7,
1959-03-01,22.7538,,,2452.7,2610.396,,1620.0,,53014.0,5.6,,40.4,,59.3,,28.97,30.0,15.189,15.531,,31.7,35.1304,50007.73,2.8,18.4,289.2,
1959-04-01,23.2384,,,2470.0,2627.446,,1590.0,,53321.0,5.2,,40.5,,59.4,,28.98,30.0,15.219,15.57,,31.8,35.5581,50463.43,2.96,18.7,290.1,
1959-05-01,23.5885,,,2486.4,2642.72,,1498.0,,53550.0,5.1,,40.7,,59.2,,29.04,30.1,15.227,15.589,,31.8,36.3064,51007.24,2.9,18.6,292.2,
1959-06-01,23.6155,,,2493.9,2650.841,,1503.0,,53681.0,5.0,,40.6,,59.2,,29.11,30.2,15.271,15.635,,31.7,37.1404,51675.44,3.39,18.5,294.1,
1959-07-01,23.05,,,2492.0,2649.304,,1547.0,,53804.0,5.1,,40.3,,59.4,,29.15,30.2,15.303,15.672,,31.7,37.6645,52356.85,3.47,18.7,295.2,
1959-08-01,22.2691,,,2477.7,2634.369,,1430.0,,53336.0,5.2,,40.4,,59.2,,29.18,30.2,15.325,15.697,,31.6,38.089,53038.53,3.5,18.6,296.4,
1959-09-01,22.2421,,,2477.7,2636.381,,1540.0,,53428.0,5.5,,40.4,,59.3,,29.25,30.3,15.365,15.738,,31.7,38.2605,53683.75,3.76,18.6,296.7,
1959-10-01,22.0806,,,2480.6,2639.735,,1355.0,,53358.0,5.7,,40.1,,59.4,,29.35,30.4,15.402,15.765,,31.6,38.4113,54365.95,3.98,18.6,296.5,
1959-11-01,22.2152,,,2497.2,2659.765,,1416.0,,53634.0,5.8,,39.9,,59.1,,29.35,30.4,15.412,15.794,,31.5,38.6978,54794.81,4.0,18.6,297.1,
1959-12-01,23.5885,,,2525.8,2687.012,,1601.0,,54174.0,5.3,,40.3,,59.5,,29.41,30.5,15.43,15.818,,31.5,39.2932,56010.68,3.99,19.0,297.8,
1960-01-01,24.2078,,,2537.6,2695.694,,1460.0,1092.0,54274.0,5.2,,40.6,,59.1,,29.37,30.5,15.421,15.822,,31.6,39.6291,56015.58,3.99,18.8,298.2,
1960-02-01,23.9924,,,2539.9,2698.789,,1503.0,1088.0,54513.0,4.8,,40.3,,59.1,,29.41,30.6,15.437,15.852,,31.6,39.7872,56364.63,3.97,18.2,298.4,
1960-03-01,23.777,,,2542.2,2703.859,,1109.0,955.0,54454.0,5.4,,40.0,,58.5,,29.41,30.6,15.446,15.853,,31.8,40.018,56862.88,3.84,18.0,299.3,
1960-04-01,23.5885,,,2551.4,2713.243,,1289.0,1016.0,54813.0,5.2,,40.0,,59.5,,29.54,30.6,15.502,15.882,,31.8,40.5152,57711.4,3.92,18.1,300.1,
1960-05-01,23.5616,,,2557.6,2719.777,,1271.0,1052.0,54475.0,5.1,,40.1,,59.5,,29.57,30.6,15.518,15.908,,31.7,40.8926,57951.03,3.85,18.2,300.9,
1960-06-01,23.2654,,,2557.0,2721.855,,1247.0,958.0,54348.0,5.4,,39.9,,59.7,,29.61,30.7,15.525,15.917,,31.7,41.3564,58387.06,3.32,18.3,302.3,
1960-07-01,23.1846,,,2561.9,2726.734,,1197.0,999.0,54306.0,5.5,,39.9,,59.5,,29.55,30.6,15.553,15.945,,31.7,41.3958,58746.71,3.23,18.5,304.1,
1960-08-01,23.1577,,,2555.4,2722.383,,1344.0,994.0,54272.0,5.6,,39.7,,59.5,,29.61,30.6,15.579,15.968,,31.6,41.3249,58947.15,2.98,18.5,306.9,
1960-09-01,22.9153,,,2556.1,2725.93,,1097.0,984.0,54227.0,5.5,,39.4,,59.7,,29.61,30.6,15.588,15.981,,31.6,41.4006,59364.65,2.6,18.6,308.4,
1960-10-01,22.8884,,,2564.1,2733.981,,1246.0,972.0,54142.0,6.1,,39.7,,59.4,,29.75,30.8,15.606,15.99,,31.7,41.5247,59628.99,2.47,18.8,309.5,
1960-11-01,22.5653,,,2549.4,2722.236,,1246.0,979.0,53961.0,6.1,,39.3,,59.8,,29.78,30.8,15.659,16.033,,31.7,41.6827,59874.01,2.44,19.0,310.9,
1960-12-01,22.1344,,,2534.5,2709.794,,1063.0,951.0,53742.0,6.6,,38.4,,59.7,,29.81,30.7,15.662,16.028,,31.7,42.1051,60025.31,1.98,19.3,312.4,
1961-01-01,22.1613,,,2556.6,2734.05,,1183.0,969.0,53683.0,6.6,,39.3,,59.6,,29.84,30.8,15.665,16.032,,31.8,42.0358,60671.85,1.45,19.3,314.1,
1961-02-01,22.1344,,,2556.8,2744.703,,1226.0,961.0,53557.0,6.9,,39.4,,59.6,,29.84,30.8,15.679,16.048,,31.8,41.9503,60310.13,2.54,19.0,316.5,
1961-03-01,22.2691,,,2569.4,2755.967,,1312.0,1000.0,53659.0,6.9,,39.5,,59.7,,29.84,30.9,15.67,16.053,,31.8,42.0518,60455.46,2.02,18.8,318.3,
1961-04-01,22.7268,,,2578.3,2761.873,,1166.0,1002.0,53627.0,7.0,,39.5,,59.3,,29.81,30.9,15.661,16.075,,31.6,42.2127,60075.87,1.49,18.9,319.9,
1961-05-01,23.0769,,,2593.7,2783.267,,1228.0,1027.0,53786.0,7.1,,39.7,,59.4,,29.84,30.9,15.67,16.096,,31.5,42.1342,60179.69,1.98,18.9,322.2,
1961-06-01,23.4,,,2614.5,2809.575,,1382.0,1070.0,53977.0,6.9,,40.0,,59.7,,29.84,31.0,15.677,16.12,,31.3,42.4519,60334.75,1.73,19.0,324.3,
1961-07-01,23.6693,,,2620.7,2817.586,,1335.0,1083.0,54123.0,7.0,,40.0,,59.3,,29.92,31.0,15.711,16.145,,31.5,42.5813,60395.98,1.17,19.1,325.6,
1961-08-01,23.8847,,,2631.9,2819.181,,1312.0,1159.0,54298.0,6.6,,40.1,,59.3,,29.94,31.1,15.724,16.162,,31.5,42.6567,60619.48,2.0,19.2,327.6,
1961-09-01,23.8578,,,2637.0,2822.627,,1429.0,1098.0,54388.0,6.7,,39.5,,59.0,,29.98,31.1,15.742,16.194,,31.5,42.7707,60883.09,1.88,19.4,329.5,
1961-10-01,24.3156,,,2665.2,2850.442,,1415.0,1123.0,54522.0,6.5,,40.3,,59.1,,29.98,31.1,15.741,16.199,,31.5,42.9778,61158.22,2.26,19.7,331.1,
1961-11-01,24.6926,,,2689.7,2875.937,,1385.0,1152.0,54742.0,6.1,,40.7,,59.1,,29.98,31.2,15.742,16.202,,31.5,43.1337,61748.29,2.61,19.8,333.4,
1961-12-01,24.908,,,2704.5,2893.211,,1365.0,1161.0,54872.0,6.0,,40.4,,58.8,,30.01,31.2,15.746,16.216,,31.6,43.7997,62248.53,2.33,20.1,335.5,
1962-01-01,24.6925,,,2700.8,2890.321,,1361.0,1122.0,54891.0,5.8,,40.0,,58.8,,30.04,31.2,15.776,16.235,,31.7,43.9853,62282.8,2.15,20.1,337.5,
1962-02-01,25.0964,,,2713.9,2902.573,,1278.0,1194.0,55188.0,5.5,,40.4,,59.0,,30.11,31.2,15.818,16.262,,31.7,43.8688,62640.35,2.37,19.6,340.1,
1962-03-01,25.2311,,,2731.9,2922.539,,1443.0,1134.0,55275.0,5.6,,40.6,,58.9,,30.17,31.3,15.839,16.3,,31.7,44.1012,63128.57,2.85,19.5,343.1,
1962-04-01,25.285,,,2749.0,2937.504,,1524.0,1235.0,55602.0,5.6,,40.6,,58.7,,30.21,31.3,15.857,16.303,,31.6,44.5398,63866.91,2.78,19.7,345.5,
1962-05-01,25.258,,,2752.9,2941.678,,1483.0,1142.0,55628.0,5.5,,40.6,,58.9,,30.24,31.4,15.867,16.326,,31.5,44.8413,64601.04,2.36,19.8,347.5,
1962-06-01,25.2042,,,2756.3,2945.739,,1404.0,1154.0,55644.0,5.5,,40.5,,58.8,,30.21,31.4,15.877,16.356,,31.5,45.5419,65137.42,2.68,19.9,349.3,
1962-07-01,25.4465,,,2769.4,2960.008,,1450.0,1189.0,55746.0,5.4,,40.5,,58.5,,30.22,31.4,15.868,16.37,,31.6,45.7268,65512.18,2.71,20.1,350.8,
1962-08-01,25.4734,,,2772.5,2964.773,,1517.0,1200.0,55838.0,5.7,,40.5,,59.0,,30.28,31.5,15.891,16.372,,31.6,45.9234,66055.12,2.93,19.9,352.8,
1962-09-01,25.635,,,2775.8,2966.166,,1324.0,1223.0,55978.0,5.6,,40.5,,59.0,,30.42,31.5,15.969,16.404,,31.9,46.3736,66438.33,2.9,20.1,354.9,
1962-10-01,25.6619,,,2785.0,2981.84,,1533.0,1181.0,56041.0,5.4,,40.3,,58.7,,30.38,31.5,15.953,16.403,,31.7,46.8487,67028.88,2.9,20.2,357.2,
1962-11-01,25.7696,,,2798.3,2992.828,,1622.0,1236.0,56056.0,5.7,,40.5,,58.5,,30.38,31.5,15.964,16.415,,31.7,47.1998,67642.1,2.94,19.6,359.8,
1962-12-01,25.7696,,,2813.0,3006.868,,1564.0,1236.0,56028.0,5.5,,40.3,,58.4,,30.38,31.6,15.958,16.42,,31.6,47.4376,68126.72,2.93,20.1,362.7,
1963-01-01,25.9581,,,2806.3,3025.392,,1244.0,1248.0,56115.0,5.7,,40.5,,58.6,,30.44,31.5,15.997,16.451,,31.6,47.6623,68656.46,2.92,20.0,365.2,
1963-02-01,26.2544,,,2813.7,3009.442,,1456.0,1212.0,56230.0,5.9,,40.5,,58.6,,30.48,31.6,16.014,16.47,,31.5,47.8294,69376.75,3.0,19.6,367.9,
1963-03-01,26.4159,,,2826.3,3023.049,,1534.0,1258.0,56320.0,5.7,,40.5,,58.6,,30.51,31.7,16.001,16.48,,31.5,47.9739,70073.41,2.98,19.5,370.7,
1963-04-01,26.6582,,,2834.3,3031.344,,1689.0,1288.0,56580.0,5.7,,40.5,,58.8,,30.48,31.7,16.0,16.5,,31.4,48.3917,70801.61,2.9,19.6,373.3,
1963-05-01,26.9814,,,2846.3,3044.315,,1641.0,1350.0,56616.0,5.9,,40.5,,58.8,,30.51,31.7,16.026,16.53,,31.5,48.649,71335.14,3.0,19.6,376.1,
1963-06-01,27.0622,,,2861.0,3058.664,,1588.0,1345.0,56659.0,5.6,,40.7,,58.5,,30.61,31.8,16.061,16.558,,31.6,49.2469,71875.59,2.99,19.8,378.4,
1963-07-01,26.9545,,,2862.7,3060.387,,1614.0,1321.0,56794.0,5.6,,40.6,,58.7,,30.69,31.8,16.093,16.573,,31.7,49.4664,72716.45,3.02,20.0,381.1,
1963-08-01,27.0083,,,2872.9,3071.095,,1639.0,1310.0,56910.0,5.4,,40.6,,58.5,,30.75,31.9,16.115,16.588,,31.6,49.4768,73576.16,3.49,19.7,383.6,
1963-09-01,27.2776,,,2893.0,3091.894,,1763.0,1413.0,57078.0,5.5,,40.6,,58.7,,30.72,31.9,16.112,16.618,,31.6,49.8225,74169.77,3.48,20.0,386.0,
1963-10-01,27.4661,,,2908.9,3109.05,,1779.0,1414.0,57283.0,5.5,,40.7,,58.8,,30.75,32.0,16.143,16.655,,31.6,50.4111,75112.95,3.5,20.0,388.3,
1963-11-01,27.6007,,,2915.8,3115.477,,1622.0,1357.0,57255.0,5.7,,40.7,,58.8,,30.78,32.0,16.166,16.67,,31.7,51.2382,75606.92,3.48,20.1,391.5,
1963-12-01,27.5469,,,2936.6,3140.08,,1491.0,1423.0,57361.0,5.5,,40.6,,58.5,,30.88,32.1,16.19,16.694,,31.6,52.1741,76581.45,3.38,20.7,393.2,
1964-01-01,27.7892,,,2936.3,3151.381,,1603.0,1296.0,57487.0,5.6,,40.1,,58.6,,30.94,32.2,16.224,16.717,,31.8,52.4186,77461.36,3.48,20.7,395.2,
1964-02-01,27.9777,,,2962.7,3164.424,,1820.0,1442.0,57753.0,5.4,,40.7,,58.8,,30.91,32.2,16.247,16.749,,31.6,52.5482,78336.23,3.48,20.1,397.6,
1964-03-01,27.9777,,,2977.8,3180.427,,1517.0,1313.0,57897.0,5.4,,40.6,,58.7,,30.94,32.2,16.257,16.765,,31.6,52.7139,79240.41,3.43,20.2,399.8,
1964-04-01,28.4355,,,2996.0,3199.779,,1448.0,1264.0,57922.0,5.3,,40.7,,59.1,,30.95,32.2,16.269,16.78,,31.6,53.229,79908.16,3.47,20.3,401.7,
1964-05-01,28.597,,,3014.9,3218.991,,1467.0,1299.0,58089.0,5.1,,40.8,,59.1,,30.98,32.2,16.271,16.794,,31.5,53.7445,80834.52,3.5,20.2,404.2,
1964-06-01,28.6778,,,3026.6,3230.324,,1550.0,1280.0,58219.0,5.2,,40.8,,58.7,,31.01,32.3,16.294,16.806,,31.5,54.2937,81428.18,3.5,20.5,407.1,
1964-07-01,28.8663,,,3043.0,3247.888,,1562.0,1304.0,58412.0,4.9,,40.8,,58.6,,31.02,32.3,16.315,16.823,,31.6,54.7159,82294.5,3.42,20.6,410.1,
1964-08-01,29.0548,,,3061.5,3266.271,,1569.0,1306.0,58619.0,5.0,,40.9,,58.6,,31.05,32.3,16.327,16.845,,31.6,55.1046,82973.05,3.5,20.6,413.4,
1964-09-01,29.1625,,,3074.4,3279.764,,1455.0,1265.0,58903.0,5.1,,40.9,,58.7,,31.08,32.3,16.352,16.852,,31.7,55.7749,83921.97,3.45,20.9,416.9,
1964-10-01,28.7586,,,3076.4,3281.585,,1524.0,1230.0,58793.0,5.1,,40.7,,58.6,,31.12,32.4,16.362,16.859,,31.7,56.2908,84530.18,3.36,21.0,419.1,
1964-11-01,29.6472,,,3099.1,3303.656,,1486.0,1254.0,59218.0,4.8,,41.0,,58.5,,31.21,32.5,16.385,16.883,,31.7,56.8628,84944.03,3.52,21.2,422.1,
1964-12-01,29.9973,,,3128.9,3336.322,,1484.0,1164.0,59421.0,5.0,,41.2,,58.6,,31.25,32.5,16.409,16.907,,31.7,58.3481,85959.57,3.85,21.6,424.8,
1965-01-01,30.3204,,,3134.5,3357.223,,1361.0,1264.0,59582.0,4.9,,41.3,,58.6,,31.28,32.6,16.427,16.93,,31.8,59.241,87182.59,3.9,21.6,427.5,
1965-02-01,30.5089,,,3151.6,3359.115,,1433.0,1185.0,59800.0,5.1,,41.3,,58.7,,31.28,32.6,16.434,16.95,,31.9,60.0693,88152.04,3.98,21.2,430.4,
1965-03-01,30.9128,,,3167.2,3375.375,,1423.0,1211.0,60003.0,4.7,,41.3,,58.7,,31.31,32.6,16.455,16.96,,31.9,61.1489,88916.07,4.05,21.3,433.2,
1965-04-01,31.0474,,,3178.8,3389.254,,1438.0,1162.0,60259.0,4.8,,41.2,,58.8,,31.38,32.7,16.481,16.98,,32.0,62.1331,90047.41,4.09,21.5,435.5,
1965-05-01,31.2898,,,3199.2,3407.894,,1478.0,1207.0,60491.0,4.6,,41.3,,59.0,,31.48,32.7,16.518,17.011,,32.1,62.925,90885.88,4.1,21.5,437.1,
1965-06-01,31.5321,,,3208.7,3417.802,,1488.0,1241.0,60690.0,4.6,,41.2,,58.8,,31.61,32.7,16.566,17.007,,32.4,64.1511,91830.09,4.05,21.7,440.1,
1965-07-01,31.8283,,,3230.4,3440.831,,1529.0,1237.0,60965.0,4.4,,41.2,,59.1,,31.58,32.7,16.578,17.024,,32.4,64.8904,92694.63,4.09,21.9,442.9,
1965-08-01,31.963,,,3247.6,3455.192,,1432.0,1249.0,61228.0,4.4,,41.1,,58.9,,31.55,32.7,16.582,17.056,,32.4,65.4792,93287.1,4.12,21.6,445.8,
1965-09-01,32.0438,,,3268.7,3539.729,,1482.0,1227.0,61490.0,4.3,,41.1,,58.7,,31.62,32.8,16.59,17.076,,32.4,66.3883,94126.48,4.02,21.8,449.5,
1965-10-01,32.3669,,,3305.3,3524.562,,1452.0,1279.0,61719.0,4.2,,41.2,,58.9,,31.65,32.8,16.595,17.07,,32.5,67.05,94804.53,4.08,22.0,452.6,
1965-11-01,32.5015,,,3328.6,3550.773,,1460.0,1306.0,61996.0,4.1,,41.3,,58.8,,31.75,32.9,16.623,17.102,,32.6,67.754,95405.27,4.1,21.9,455.7,
1965-12-01,32.9054,,,3346.5,3569.718,,1656.0,1315.0,62322.0,4.0,,41.3,,59.0,,31.85,33.0,16.683,17.154,,32.8,69.1577,95954.72,4.32,22.7,459.2,
1966-01-01,33.2286,,,3353.6,3578.381,,1370.0,1325.0,62529.0,4.0,,41.5,,59.0,,31.88,33.0,16.703,17.159,,32.9,69.9831,97030.72,4.42,22.8,462.0,
1966-02-01,33.444,,,3370.7,3596.166,,1378.0,1159.0,62796.0,3.8,,41.7,,58.8,,32.08,33.1,16.772,17.201,,33.2,70.683,97758.36,4.6,22.2,464.6,
1966-03-01,33.9018,,,3389.3,3615.405,,1394.0,1234.0,63192.0,3.8,,41.6,,58.8,,32.18,33.1,16.813,17.223,,33.2,71.521,98446.39,4.66,22.2,467.2,
1966-04-01,33.9556,,,3388.0,3612.477,,1352.0,1145.0,63437.0,3.8,,41.8,,59.0,,32.28,33.3,16.871,17.285,,33.2,72.3728,98805.09,4.67,22.5,469.3,
1966-05-01,34.2787,,,3399.6,3624.307,,1265.0,1078.0,63712.0,3.9,,41.5,,59.0,,32.35,33.4,16.892,17.331,,33.2,73.3273,99305.44,4.9,22.5,470.1,
1966-06-01,34.4403,,,3419.3,3642.069,,1194.0,956.0,64111.0,3.8,,41.4,,59.1,,32.38,33.5,16.934,17.387,,33.3,75.3919,99788.67,5.17,22.6,471.2,
1966-07-01,34.6288,,,3434.6,3656.698,,1086.0,932.0,64301.0,3.8,,41.2,,59.1,,32.45,33.6,16.967,17.438,,33.5,76.7826,100061.44,5.3,23.1,470.8,
1966-08-01,34.6557,,,3444.1,3675.041,,1119.0,877.0,64507.0,3.8,,41.4,,59.3,,32.65,33.7,17.032,17.47,,33.6,76.9939,100586.7,5.53,22.7,472.6,
1966-09-01,34.9789,,,3453.4,3697.138,,1046.0,774.0,64643.0,3.7,,41.2,,59.3,,32.75,33.8,17.086,17.524,,33.6,77.4883,100672.45,5.4,23.2,475.4,
1966-10-01,35.2212,,,3468.5,3712.521,,843.0,739.0,64854.0,3.7,,41.3,,59.3,,32.85,34.0,17.131,17.581,,33.4,78.0104,100953.07,5.53,23.4,475.7,
1966-11-01,34.9788,,,3482.4,3735.585,,961.0,736.0,65019.0,3.6,,41.2,,59.6,,32.88,34.0,17.156,17.625,,33.3,78.3726,101437.35,5.76,23.2,477.3,
1966-12-01,35.0596,,,3478.0,3734.371,,990.0,743.0,65199.0,3.8,,40.9,,59.5,,32.92,34.1,17.192,17.679,,33.3,78.976,101788.22,5.4,23.8,480.2,
1967-01-01,35.225,,,3508.2,3769.197,,1067.0,995.0,65407.0,3.9,,41.1,,59.5,,32.9,34.2,17.193,17.695,,33.4,79.274,102198.55,4.94,24.1,481.6,89.3902
1967-02-01,34.8255,,,3507.6,3773.752,,1123.0,907.0,65429.0,3.8,,40.4,,59.3,,33.0,34.2,17.213,17.727,,33.4,79.558,102362.59,5.0,23.7,485.1,87.975
1967-03-01,34.6292,,,3521.1,3796.76,,1056.0,955.0,65530.0,3.8,,40.5,,59.1,,33.0,34.3,17.222,17.754,,33.3,80.1231,102732.16,4.53,23.4,489.7,87.0835
1967-04-01,34.9558,,,3522.2,3793.589,,1091.0,1035.0,65466.0,3.8,,40.4,,59.4,,33.1,34.4,17.251,17.803,,33.1,81.185,102885.94,4.05,23.4,492.1,87.5089
1967-05-01,34.6508,,,3527.6,3800.579,,1304.0,1076.0,65620.0,3.8,,40.4,,59.3,,33.1,34.5,17.284,17.842,,33.3,81.6022,103151.4,3.94,23.3,497.2,86.3566
1967-06-01,34.6465,,,3541.4,3815.624,,1248.0,1169.0,65750.0,3.9,,40.4,,59.6,,33.3,34.6,17.339,17.887,,33.5,82.6929,103741.04,3.98,23.5,502.0,85.9603
1967-07-01,34.5676,,,3557.6,3835.148,,1364.0,1177.0,65888.0,3.8,,40.5,,59.6,,33.4,34.7,17.398,17.948,,33.5,83.7351,104094.25,3.79,24.0,506.3,85.3833
1967-08-01,35.2299,,,3572.9,3853.272,,1407.0,1229.0,66143.0,3.8,,40.6,,59.7,,33.5,34.9,17.452,18.003,,33.4,83.5123,104677.52,3.9,23.8,510.8,86.6339
1967-09-01,35.1727,,,3577.9,3856.287,,1421.0,1279.0,66164.0,3.8,,40.6,,59.7,,33.6,35.0,17.505,18.067,,33.4,83.7365,105172.29,3.99,24.2,514.7,86.1122
1967-10-01,35.4591,,,3579.1,3861.274,,1491.0,1280.0,66225.0,4.0,,40.6,,59.9,,33.7,35.1,17.554,18.134,,33.4,84.1043,105440.72,3.88,24.7,518.2,86.4325
1967-11-01,35.9663,,,3601.6,3885.754,,1538.0,1297.0,66703.0,3.9,,40.6,,59.8,,33.9,35.2,17.612,18.192,,33.4,84.5959,106296.61,4.13,24.7,521.2,87.2856
1967-12-01,36.3536,,,3611.3,3896.582,,1308.0,1315.0,66900.0,3.8,,40.7,,59.9,,34.0,35.4,17.64,18.237,,33.7,86.1397,106842.64,4.51,25.3,524.8,87.8417
1968-01-01,36.3145,,,3629.2,3917.876,,1380.0,1179.0,66804.0,3.7,,40.4,,59.2,,34.1,35.5,17.722,18.318,,33.8,86.5509,106772.4,4.61,25.8,527.4,87.3856
1968-02-01,36.4446,,,3658.9,3947.741,,1520.0,1342.0,67215.0,3.8,,40.8,,59.6,,34.2,35.7,17.794,18.397,,34.0,86.5981,107928.42,4.71,25.6,530.4,87.352
1968-03-01,36.5584,,,3676.8,3981.447,,1466.0,1370.0,67295.0,3.7,,40.8,,59.6,,34.3,35.8,17.852,18.47,,34.1,87.114,108689.05,5.05,25.6,533.2,87.2794
1968-04-01,36.6113,,,3688.0,3999.257,,1554.0,1286.0,67556.0,3.5,,40.3,,59.5,,34.4,35.9,17.908,18.538,,34.1,88.421,109597.58,5.76,25.6,535.7,87.0627
1968-05-01,37.022,,,3710.6,4020.251,,1408.0,1297.0,67652.0,3.5,,40.9,,59.9,,34.5,36.0,17.974,18.608,,34.2,88.9726,110377.01,6.12,25.4,538.9,87.6951
1968-06-01,37.158,,,3728.6,4038.787,,1405.0,1300.0,67905.0,3.7,,40.9,,60.0,,34.7,36.2,18.032,18.681,,34.2,89.9295,111067.85,6.07,25.7,542.6,87.6744
1968-07-01,37.101,,,3751.3,4063.454,,1512.0,1344.0,68126.0,3.7,,40.8,,59.8,,34.9,36.4,18.087,18.743,,34.3,91.0358,112123.7,6.03,26.0,545.6,87.2002
1968-08-01,37.2045,,,3765.4,4082.154,,1495.0,1357.0,68330.0,3.5,,40.7,,59.6,,35.0,36.5,18.161,18.816,,34.2,91.2381,112844.95,6.03,26.0,549.4,87.1055
1968-09-01,37.3454,,,3785.0,4101.372,,1556.0,1464.0,68484.0,3.4,,40.9,,59.5,,35.1,36.7,18.224,18.892,,34.4,91.8452,113754.24,5.78,26.1,553.5,87.0988
1968-10-01,37.4196,,,3790.5,4108.359,,1569.0,1421.0,68721.0,3.4,,41.0,,59.5,,35.3,36.9,18.304,18.969,,34.4,92.8125,115228.26,5.91,26.6,557.6,86.9369
1968-11-01,37.9036,,,3807.9,4126.968,,1630.0,1436.0,68984.0,3.4,,40.9,,59.6,,35.4,37.1,18.366,19.041,,34.5,94.47,116196.05,5.82,26.8,562.4,87.7249
1968-12-01,38.0233,,,3823.3,4143.746,,1548.0,1389.0,69248.0,3.4,,40.7,,59.7,,35.6,37.2,18.404,19.098,,34.6,96.2065,117399.09,6.02,27.2,566.9,87.6668
1969-01-01,38.2533,,,3824.3,4147.516,,1769.0,1459.0,69439.0,3.4,,40.8,,59.6,,35.7,37.3,18.476,19.17,,34.8,97.1481,118225.98,6.3,28.1,569.3,87.8712
1969-02-01,38.4981,,,3840.1,4166.874,,1705.0,1495.0,69699.0,3.4,,40.4,,60.0,,35.8,37.6,18.523,19.236,,35.0,98.2963,119449.04,6.61,27.3,571.9,88.1166
1969-03-01,38.8,,,3859.1,4185.653,,1561.0,1438.0,69905.0,3.4,,40.8,,59.9,,36.1,37.8,18.61,19.326,,35.2,99.2383,120431.48,6.79,26.8,574.4,88.4902
1969-04-01,38.6573,,,3868.8,4195.731,,1524.0,1441.0,70072.0,3.4,,41.0,,60.0,,36.3,38.1,18.692,19.4,,35.3,100.7715,121523.69,7.41,27.1,575.7,87.8507
1969-05-01,38.5111,,,3884.3,4212.218,,1583.0,1328.0,70328.0,3.4,,40.7,,59.8,,36.4,38.1,18.767,19.478,,35.5,101.9454,122564.81,8.67,27.9,576.5,87.2081
1969-06-01,38.8874,,,3899.4,4226.625,,1528.0,1349.0,70636.0,3.5,,40.7,,60.1,,36.6,38.3,18.858,19.545,,35.7,102.5404,123380.66,8.9,27.3,578.5,87.7487
1969-07-01,39.0927,,,3920.7,4249.802,,1368.0,1278.0,70729.0,3.5,,40.6,,60.1,,36.8,38.5,18.941,19.636,,35.8,103.0557,124003.98,8.61,27.1,579.5,87.9011
1969-08-01,39.1825,,,3945.2,4276.349,,1358.0,1317.0,71008.0,3.5,,40.6,,60.3,,36.9,38.7,18.993,19.691,,35.7,103.3067,124608.68,9.19,27.0,580.1,87.7936
1969-09-01,39.1737,,,3955.8,4287.411,,1507.0,1263.0,70914.0,3.7,,40.6,,60.3,,37.1,38.9,19.072,19.77,,35.8,103.8176,125319.14,9.15,27.0,582.1,87.4667
1969-10-01,39.1852,,,3961.6,4295.402,,1381.0,1216.0,71121.0,3.7,,40.5,,60.4,,37.3,39.1,19.137,19.855,,35.9,104.3372,126019.72,9.0,27.4,583.4,87.1872
1969-11-01,38.8158,,,3965.8,4299.542,,1229.0,1191.0,71086.0,3.5,,40.5,,60.2,,37.5,39.2,19.22,19.931,,36.1,105.1854,126569.23,8.85,27.7,585.4,86.0651
1969-12-01,38.7116,,,3972.8,4308.572,,1327.0,1155.0,71241.0,3.5,,40.6,,60.2,,37.7,39.4,19.308,20.005,,36.3,106.5979,127156.18,8.97,28.1,587.9,85.5368
1970-01-01,37.9948,,,3979.5,4316.303,,1085.0,1062.0,71176.0,3.9,,40.4,,60.4,,37.9,39.6,19.377,20.071,,36.5,106.2979,127802.99,8.98,28.9,589.6,83.6765
1970-02-01,37.9698,,,3986.5,4326.879,,1305.0,1118.0,71305.0,4.2,,40.2,,60.4,,38.1,39.8,19.454,20.148,,36.7,105.6953,128191.15,8.98,27.9,586.3,83.3607
1970-03-01,37.9205,,,4001.6,4343.672,,1319.0,1132.0,71451.0,4.4,,40.1,,60.6,,38.3,40.1,19.502,20.223,,36.7,105.4128,128280.0,7.76,27.5,587.3,82.9935
1970-04-01,37.823,,,3978.0,4386.888,,1264.0,1224.0,71348.0,4.6,,39.8,,60.6,,38.5,40.4,19.601,20.303,,36.8,105.6766,128374.72,8.1,28.1,588.4,82.5235
1970-05-01,37.7789,,,3986.4,4361.776,,1290.0,1328.0,71124.0,4.8,,39.8,,60.3,,38.6,40.5,19.663,20.375,,36.8,106.0118,128534.04,7.95,27.9,591.5,82.1724
1970-06-01,37.6567,,,3999.3,4375.408,,1385.0,1322.0,71029.0,4.9,,39.8,,60.2,,38.8,40.8,19.714,20.448,,36.9,106.8358,129185.43,7.61,27.6,595.2,81.6542
1970-07-01,37.7491,,,4020.4,4399.934,,1517.0,1324.0,71053.0,5.0,,40.0,,60.4,,38.9,40.9,19.786,20.526,,37.1,107.677,129856.91,7.21,28.1,599.1,81.6031
1970-08-01,37.6818,,,4028.3,4411.13,,1399.0,1394.0,70937.0,5.1,,39.8,,60.3,,39.0,41.1,19.838,20.597,,36.9,108.5407,130184.6,6.62,28.4,604.9,81.208
1970-09-01,37.4221,,,4017.2,4408.024,,1534.0,1426.0,70944.0,5.4,,39.6,,60.2,,39.2,41.3,19.927,20.683,,37.1,109.5289,130850.83,6.29,28.8,611.2,80.4019
1970-10-01,36.6735,,,3994.3,4392.764,,1580.0,1564.0,70521.0,5.5,,39.5,,60.4,,39.4,41.5,20.026,20.785,,37.1,109.774,131113.07,6.2,28.6,616.4,78.5535
1970-11-01,36.4514,,,3992.7,4388.306,,1647.0,1502.0,70409.0,5.9,,39.5,,60.4,,39.6,41.8,20.105,20.892,,37.1,110.1744,130807.43,5.6,28.7,621.1,77.8407
1970-12-01,37.2885,,,4002.9,4403.338,,1893.0,1767.0,70792.0,6.1,,39.5,,60.4,,39.8,42.0,20.194,20.997,,37.1,111.3578,131551.55,4.9,29.2,626.6,79.3872
1971-01-01,37.5753,,,4041.6,4441.241,,1828.0,1643.0,70865.0,5.9,,39.9,,60.4,,39.9,42.1,20.237,21.08,,37.3,111.5479,134164.06,4.14,30.4,633.0,79.7753
1971-02-01,37.5037,,,4045.8,4450.084,,1741.0,1588.0,70807.0,5.9,,39.7,,60.1,,39.9,42.2,20.296,21.16,,37.7,111.8951,134932.92,3.72,29.9,641.0,79.4216
1971-03-01,37.4631,,,4056.9,4464.048,,1910.0,1759.0,70860.0,6.0,,39.8,,60.0,,40.0,42.2,20.363,21.228,,37.8,111.9877,135736.29,3.71,29.7,649.9,79.1348
1971-04-01,37.6735,,,4068.1,4475.918,,1986.0,1745.0,71036.0,5.9,,39.9,,60.1,,40.1,42.4,20.443,21.307,,37.9,112.1496,136992.53,4.16,29.9,658.4,79.3783
1971-05-01,37.8646,,,4084.7,4493.209,,2049.0,1972.0,71247.0,5.9,,40.0,,60.2,,40.3,42.6,20.528,21.4,,38.1,113.0615,137840.93,4.63,30.3,666.7,79.5802
1971-06-01,38.0234,,,4086.5,4577.424,,2026.0,1903.0,71254.0,5.9,,39.9,,59.8,,40.5,42.8,20.619,21.485,,38.2,114.1265,138768.93,4.91,30.1,673.0,79.7132
1971-07-01,37.9131,,,4091.7,4520.323,,2083.0,2069.0,71315.0,6.0,,40.0,,60.1,,40.6,42.9,20.681,21.567,,38.3,114.3772,139908.02,5.31,30.6,679.6,79.2827
1971-08-01,37.693,,,4107.2,4535.789,,2158.0,2004.0,71373.0,6.1,,39.8,,60.2,,40.7,43.0,20.741,21.597,,38.5,115.6802,141252.09,5.57,30.5,685.5,78.6255
1971-09-01,38.3056,,,4125.2,4562.531,,2041.0,1996.0,71614.0,6.0,,39.7,,60.1,,40.8,43.0,20.772,21.633,,38.3,116.6745,142766.57,5.55,30.8,692.5,79.7041
1971-10-01,38.5924,,,4142.0,4575.168,,2128.0,2026.0,71642.0,5.8,,39.9,,60.1,,40.9,43.1,20.804,21.667,,38.3,117.268,143926.76,5.2,30.8,698.4,80.1009
1971-11-01,38.7561,,,4159.2,4598.431,,2182.0,2079.0,71847.0,6.0,,40.0,,60.4,,41.0,43.2,20.847,21.716,,38.3,117.8104,145634.84,4.91,30.9,704.6,80.2412
1971-12-01,39.2035,,,4184.5,4622.5,,2295.0,2133.0,72109.0,6.0,,40.2,,60.4,,41.1,43.3,20.929,21.784,,38.6,117.7961,146930.18,4.14,31.3,710.3,80.9666
1972-01-01,40.1408,36.0361,,4208.2,4644.778,,2494.0,2238.0,72441.0,5.8,,40.2,,60.2,,41.2,43.5,21.015,21.877,,38.8,118.1645,147660.48,3.51,32.9,717.7,82.6938
1972-02-01,40.5459,36.3103,,4231.9,4682.524,,2390.0,2169.0,72648.0,5.7,,40.4,,60.2,,41.4,43.6,21.098,21.936,,39.2,118.8982,148924.54,3.3,31.9,725.7,83.3296
1972-03-01,40.8263,36.5521,,4259.5,4712.202,,2334.0,2105.0,72944.0,5.8,,40.4,,60.5,,41.4,43.6,21.128,21.979,,39.2,119.691,150771.06,3.83,31.9,733.5,83.7028
1972-04-01,41.2348,36.9727,,4273.3,4718.611,,2249.0,2139.0,73162.0,5.7,,40.5,,60.4,,41.5,43.8,21.16,22.03,,39.3,121.2319,152321.95,4.17,32.6,738.4,84.3315
1972-05-01,41.2405,37.0413,,4291.2,4738.426,,2221.0,2067.0,73469.0,5.7,,40.5,,60.4,,41.6,43.9,21.207,22.081,,39.5,122.692,154199.49,4.27,32.8,743.3,84.1324
1972-06-01,41.3497,37.153,,4304.2,4751.74,,2254.0,2183.0,73758.0,5.7,,40.6,,60.4,,41.7,44.0,21.239,22.126,,39.7,123.7672,156153.01,4.46,32.5,749.7,84.14
1972-07-01,41.3035,37.1417,,4332.2,4780.516,,2252.0,2195.0,73709.0,5.6,,40.5,,60.4,,41.8,44.1,21.315,22.189,,40.0,124.6817,157279.92,4.55,33.1,759.5,83.8269
1972-08-01,41.879,37.6426,,4375.5,4824.896,,2382.0,2263.0,74141.0,5.6,,40.6,,60.6,,41.9,44.3,21.377,22.236,,40.1,126.0083,158939.36,4.81,33.1,768.7,84.7662
1972-09-01,42.2132,37.9199,,4396.4,4843.175,,2481.0,2393.0,74264.0,5.5,,40.6,,60.4,,42.1,44.3,21.473,22.31,,40.2,126.9574,160553.29,4.87,33.0,778.3,85.2041
1972-10-01,42.7494,38.4827,,4471.0,4954.863,,2485.0,2354.0,74674.0,5.6,,40.7,,60.3,,42.2,44.4,21.497,22.323,,40.1,129.0908,162225.03,5.05,33.8,786.9,86.0358
1972-11-01,43.2548,38.9812,,4504.1,5005.278,,2421.0,2234.0,74973.0,5.3,,40.7,,60.3,,42.4,44.4,21.561,22.382,,40.3,131.5901,164101.59,5.06,31.8,793.9,86.7902
1972-12-01,43.7367,39.5366,,4530.8,5023.731,,2366.0,2419.0,75268.0,5.2,,40.6,,60.5,,42.5,44.6,21.63,22.449,,41.1,133.1093,166189.1,5.33,31.4,802.3,87.4839
1973-01-01,44.0529,39.8364,,4506.6,5003.812,,2481.0,2271.0,75617.0,4.9,,40.4,,60.0,,42.7,44.6,21.695,22.463,,41.6,135.4135,169294.67,5.94,32.9,810.3,87.8373
1973-02-01,44.6827,40.4666,,4523.8,5022.151,,2289.0,2226.0,76014.0,5.0,,40.9,,60.5,,43.0,44.8,21.809,22.534,,42.4,140.7983,171601.83,6.58,31.7,814.1,88.8026
1973-03-01,44.7045,40.5415,,4525.8,5028.119,,2365.0,2062.0,76284.0,4.9,,40.9,,60.8,,43.4,45.0,21.964,22.625,,43.4,144.9576,173908.94,7.09,31.9,815.3,88.5495
1973-04-01,44.6387,40.4817,,4539.4,5037.899,,2084.0,1908.0,76455.0,5.0,,40.8,,60.8,,43.7,45.1,22.127,22.756,,43.6,147.5343,175762.68,7.12,32.3,819.7,88.12
1973-05-01,44.9429,40.7559,,4556.1,5059.894,,2266.0,1931.0,76648.0,4.9,,40.7,,60.6,,43.9,45.3,22.236,22.844,,44.5,149.9659,178127.95,7.84,32.4,826.8,88.4157
1973-06-01,45.0035,40.7705,,4573.5,5074.122,,2067.0,2051.0,76887.0,4.9,,40.7,,60.9,,44.2,45.4,22.363,22.943,,45.5,152.8292,180429.27,8.49,32.2,833.2,88.2262
1973-07-01,45.1636,40.9505,,4591.5,5089.133,,2123.0,1819.0,76913.0,4.8,,40.7,,60.9,,44.2,45.5,22.444,23.041,,44.9,155.3291,182318.2,10.4,33.5,836.5,88.2329
1973-08-01,45.1019,40.843,,4573.1,5074.021,,2051.0,1809.0,77168.0,4.8,,40.6,,60.7,,45.0,45.7,22.703,23.148,,47.5,158.0681,184326.51,10.5,33.7,838.8,87.8096
1973-09-01,45.4624,41.1864,,4601.6,5104.199,,1874.0,1704.0,77276.0,4.8,,40.7,,60.8,,45.2,46.0,22.793,23.265,,46.7,158.5066,185345.51,10.78,34.0,839.3,88.2111
1973-10-01,45.847,41.6101,,4644.2,5148.7,,1677.0,1411.0,77607.0,4.6,,40.6,,60.9,,45.6,46.3,22.922,23.355,,46.3,159.1694,187476.09,10.01,34.9,842.6,88.6604
1973-11-01,46.0553,41.897,,4654.9,5160.48,,1724.0,1402.0,77920.0,4.8,,40.6,,61.2,,45.9,46.5,23.11,23.468,,46.5,159.9353,189308.8,10.03,34.8,848.9,88.7722
1973-12-01,45.923,41.9012,,4644.0,5146.807,,1526.0,1288.0,78031.0,4.9,,40.6,,61.2,,46.3,46.7,23.3,23.598,,47.4,161.2113,190086.31,9.95,35.1,855.5,88.2372
1974-01-01,45.6204,41.5515,,4589.0,5102.933,,1451.0,1331.0,78100.0,5.1,,40.5,,61.3,,46.8,46.9,23.523,23.714,,49.0,163.0226,191312.47,9.65,36.6,859.7,87.3838
1974-02-01,45.4759,41.373,,4559.3,5072.291,,1752.0,1360.0,78254.0,5.2,,40.4,,61.4,,47.3,47.2,23.797,23.865,,50.0,164.772,192515.36,8.97,35.2,864.2,86.8467
1974-03-01,45.4777,41.3508,,4527.8,5039.098,,1555.0,1440.0,78296.0,5.1,,40.4,,61.3,,47.8,47.6,24.073,24.051,,50.6,168.8168,193357.99,9.35,34.9,870.1,86.6003
1974-04-01,45.3451,41.1748,,4505.4,5036.13,,1607.0,1254.0,78382.0,5.1,,39.5,,61.1,,48.1,47.9,24.243,24.231,,51.0,174.9909,194603.55,10.51,36.0,872.9,86.1121
1974-05-01,45.7044,41.4617,,4508.4,5040.703,,1426.0,1138.0,78549.0,5.1,,40.3,,61.2,,48.6,48.5,24.482,24.464,,51.8,177.6309,195869.9,11.31,36.5,874.6,86.5677
1974-06-01,45.6238,41.4908,,4506.5,5037.213,,1513.0,1086.0,78604.0,5.4,,40.2,,61.2,,49.0,49.0,24.69,24.715,,52.0,180.1082,196887.8,11.93,36.5,877.8,86.199
1974-07-01,45.7221,41.4859,,4510.0,5057.141,,1316.0,1002.0,78636.0,5.5,,40.1,,61.4,,49.3,49.5,24.872,24.934,,54.0,183.9873,198293.54,12.92,37.3,881.4,86.1814
1974-08-01,45.2366,41.0948,,4503.6,5048.655,,1142.0,917.0,78619.0,5.5,,40.2,,61.2,,49.9,50.2,25.132,25.174,,55.9,186.3819,199316.8,12.01,37.0,884.1,85.0763
1974-09-01,45.2365,41.1427,,4498.0,5043.366,,1150.0,840.0,78610.0,5.9,,40.0,,61.4,,50.6,50.7,25.393,25.4,,55.9,187.9941,199617.12,11.34,37.1,887.9,84.8954
1974-10-01,45.1133,40.8692,,4507.8,5059.64,,1070.0,824.0,78630.0,6.0,,40.0,,61.3,,51.0,51.2,25.575,25.599,,56.9,189.2302,199534.77,10.06,36.9,893.3,84.4923
1974-11-01,43.6278,39.6142,,4472.5,5029.511,,1026.0,783.0,78265.0,6.6,,39.5,,61.3,,51.5,51.6,25.767,25.786,,57.4,190.4047,199254.68,9.45,36.8,898.6,81.5562
1974-12-01,42.0533,37.7762,,4456.0,5026.41,,975.0,869.0,77652.0,7.2,,39.3,,61.2,,51.9,52.0,25.971,25.968,,57.3,191.2761,198917.84,8.53,36.9,902.1,78.472
1975-01-01,41.4676,36.9716,,4442.2,5021.74,,1032.0,726.0,77293.0,8.1,,39.2,,61.4,,52.3,52.3,26.132,26.119,,57.4,191.5869,199063.6,7.13,37.7,906.3,77.2469
1975-02-01,40.5165,35.9323,,4421.8,5019.3,,904.0,729.0,76918.0,8.1,,38.9,,61.0,,52.6,52.8,26.274,26.304,,57.2,190.3805,199507.75,6.24,35.5,914.1,75.3499
1975-03-01,40.0638,35.4268,,4421.6,5022.998,,993.0,709.0,76648.0,8.6,,38.8,,61.2,,52.8,53.0,26.363,26.441,,56.9,188.1191,199109.94,5.54,34.7,925.0,74.3882
1975-04-01,40.1573,35.4464,,4416.5,5029.124,,1005.0,866.0,76460.0,8.8,,39.0,,61.3,,53.0,53.3,26.452,26.57,,57.5,187.4109,198742.86,5.49,35.2,935.1,74.4459
1975-05-01,40.0253,35.3608,,4439.9,5059.831,,1121.0,914.0,76624.0,9.0,,39.0,,61.5,,53.1,53.5,26.558,26.683,,57.9,186.074,198737.21,5.22,34.7,947.9,74.0862
1975-06-01,40.2772,35.6617,,4449.0,5148.088,,1087.0,946.0,76521.0,8.8,,39.2,,61.2,,53.5,53.8,26.724,26.813,,58.0,184.638,196043.36,5.55,34.6,963.0,74.4361
1975-07-01,40.6994,36.1844,,4447.1,5091.326,,1226.0,1020.0,76770.0,8.6,,39.4,,61.3,,54.0,54.0,26.953,26.978,,58.7,183.651,197579.36,6.1,34.9,975.1,75.0977
1975-08-01,41.0998,36.5639,,4484.7,5129.306,,1260.0,994.0,77153.0,8.4,,39.7,,61.3,,54.2,54.2,27.07,27.071,,59.0,182.9282,198211.59,6.14,34.5,983.1,75.713
1975-09-01,41.6304,37.1993,,4497.5,5141.395,,1264.0,1064.0,77228.0,8.4,,39.8,,61.2,,54.6,54.5,27.204,27.218,,59.4,182.822,199428.96,6.24,34.6,991.5,76.5611
1975-10-01,41.8135,37.4066,,4516.9,5165.514,,1344.0,1096.0,77540.0,8.4,,39.9,,61.2,,54.9,54.8,27.362,27.354,,59.8,182.7142,200434.28,5.82,34.6,997.8,76.763
1975-11-01,41.8697,37.4881,,4526.8,5165.194,,1360.0,1110.0,77685.0,8.3,,39.9,,61.1,,55.3,55.2,27.538,27.535,,59.5,182.6189,201492.88,5.22,34.6,1007.0,76.726
1975-12-01,42.4414,38.0151,,4528.7,5172.774,,1321.0,1091.0,78017.0,8.2,,40.2,,61.1,,55.6,55.5,27.69,27.702,,59.7,183.3586,204002.0,5.2,35.0,1016.3,77.6271
1976-01-01,43.0012,38.4775,,4553.5,5206.807,,1367.0,1195.0,78503.0,7.9,,40.3,,61.3,,55.8,55.9,27.795,27.844,,59.9,182.6481,205520.79,4.87,35.6,1026.7,78.498
1976-02-01,43.4229,39.0789,,4583.4,5237.103,,1538.0,1190.0,78816.0,7.7,,40.4,,61.3,,55.9,56.2,27.831,27.955,,59.9,182.0444,206709.29,4.77,34.2,1040.3,79.1054
1976-03-01,43.5168,39.2002,,4601.8,5250.841,,1421.0,1164.0,79048.0,7.6,,40.2,,61.3,,56.0,56.5,27.873,28.047,,60.0,179.4877,208338.57,4.84,33.8,1049.9,79.1091
1976-04-01,43.7327,39.4075,,4626.6,5271.098,,1395.0,1132.0,79292.0,7.7,,39.6,,61.6,,56.1,56.7,27.936,28.157,,60.6,177.4755,210500.06,4.82,34.1,1060.8,79.3299
1976-05-01,43.9186,39.6087,,4640.8,5277.153,,1459.0,1194.0,79312.0,7.4,,40.3,,61.5,,56.4,57.0,28.069,28.29,,60.8,178.4326,211407.42,5.29,34.1,1072.1,79.4908
1976-06-01,43.9637,39.6494,,4644.1,5284.953,,1495.0,1188.0,79376.0,7.6,,40.2,,61.5,,56.7,57.2,28.192,28.405,,61.2,179.102,213240.1,5.48,33.9,1077.6,79.3919
1976-07-01,44.2141,39.9339,,4660.0,5317.491,,1401.0,1245.0,79547.0,7.8,,40.3,,61.8,,57.0,57.6,28.335,28.561,,61.6,179.1423,215272.7,5.31,34.3,1086.3,79.6612
1976-08-01,44.5182,40.1839,,4678.0,5332.551,,1550.0,1309.0,79704.0,7.8,,40.2,,61.8,,57.3,57.9,28.491,28.726,,61.4,179.7949,216509.86,5.29,34.1,1098.7,80.0235
1976-09-01,44.6721,40.294,,4685.6,5337.168,,1720.0,1481.0,79892.0,7.6,,40.2,,61.6,,57.6,58.2,28.651,28.894,,61.8,181.1732,218708.78,5.25,33.9,1110.8,80.1127
1976-10-01,44.6585,40.232,,4689.5,5335.461,,1629.0,1425.0,79911.0,7.7,,40.0,,61.6,,57.9,58.5,28.801,29.036,,61.9,182.4383,220867.1,5.02,34.3,1125.0,79.8993
1976-11-01,45.3392,40.7719,,4728.2,5382.241,,1641.0,1531.0,80240.0,7.8,,40.1,,61.9,,58.1,58.7,28.932,29.168,,62.0,183.9005,222804.91,4.95,34.7,1138.3,80.9231
1976-12-01,45.8294,41.2237,,4744.1,5398.735,,1804.0,1511.0,80448.0,7.8,,39.9,,61.8,,58.4,58.9,29.094,29.326,,62.5,185.2478,225721.59,4.65,35.2,1152.1,81.6007
1977-01-01,45.5087,41.0686,,4726.1,5372.549,,1527.0,1466.0,80690.0,7.5,,39.4,,61.6,,58.7,59.3,29.263,29.505,,62.8,185.7874,225733.15,4.61,36.1,1165.2,80.8351
1977-02-01,46.2277,41.8282,,4743.2,5389.96,,1943.0,1560.0,80988.0,7.6,,40.2,,61.9,,59.3,59.7,29.492,29.686,,63.5,187.4113,228528.21,4.68,34.4,1177.5,81.9059
1977-03-01,46.8185,42.4457,,4765.4,5413.846,,2063.0,1660.0,81391.0,7.4,,40.3,,62.0,,59.6,60.0,29.64,29.812,,64.1,189.1547,232348.27,4.69,34.1,1188.4,82.7413
1977-04-01,47.2684,42.8751,,4789.3,5437.2,,1892.0,1660.0,81728.0,7.2,,40.4,,62.1,,60.0,60.3,29.812,29.959,,64.9,190.2948,235594.05,4.73,34.8,1199.6,83.3222
1977-05-01,47.6411,43.2315,,4814.4,5450.793,,1971.0,1668.0,82088.0,7.0,,40.5,,62.2,,60.2,60.6,29.963,30.112,,65.2,191.7797,239018.09,5.35,34.7,1209.0,83.7597
1977-06-01,48.0116,43.6251,,4829.7,5459.172,,1893.0,1752.0,82488.0,7.2,,40.5,,62.4,,60.5,61.0,30.131,30.292,,65.0,193.5548,242408.58,5.39,34.4,1217.8,84.1859
1977-07-01,48.073,43.6276,,4848.1,5489.51,,2058.0,1687.0,82834.0,6.9,,40.4,,62.1,,60.8,61.2,30.287,30.479,,65.1,195.1835,245481.06,5.42,35.3,1226.8,84.0665
1977-08-01,48.1205,43.861,,4861.6,5511.046,,2020.0,1780.0,83075.0,7.0,,40.4,,62.3,,61.1,61.5,30.428,30.629,,65.0,197.4881,248474.53,5.9,35.2,1237.1,83.9208
1977-09-01,48.3189,43.8618,,4900.6,5545.405,,1949.0,1674.0,83532.0,6.8,,40.4,,62.3,,61.3,61.8,30.543,30.758,,65.3,198.9991,251261.8,6.14,35.2,1246.3,84.0352
1977-10-01,48.3871,43.9582,,4956.6,5593.319,,2042.0,1758.0,83800.0,6.8,,40.6,,62.4,,61.6,62.0,30.685,30.907,,65.6,201.2545,255415.64,6.47,35.7,1254.0,83.9207
1977-11-01,48.4761,44.0755,,4987.6,5637.491,,2042.0,1771.0,84173.0,6.8,,40.5,,62.8,,62.0,62.3,30.861,31.067,,65.8,202.9397,258772.91,6.51,35.9,1262.4,83.8404
1977-12-01,48.5629,44.5754,,5014.3,5662.417,,2142.0,1754.0,84410.0,6.4,,40.4,,62.7,,62.3,62.7,31.011,31.227,,66.2,204.6774,260562.7,6.56,36.5,1270.4,83.7565
1978-01-01,47.8481,43.878,,4995.2,5642.502,,1718.0,1740.0,84594.0,6.4,,39.5,,62.8,,62.7,63.1,31.194,31.414,,66.8,207.2931,262765.32,6.7,38.1,1279.7,82.2955
1978-02-01,48.1044,44.0373,,5021.5,5667.791,,1738.0,1736.0,84948.0,6.3,,39.9,,62.7,,63.0,63.4,31.339,31.535,,67.5,210.259,265738.02,6.78,36.8,1285.4,82.5071
1978-03-01,49.0265,44.8104,,5052.8,5700.022,,2032.0,1799.0,85460.0,6.3,,40.5,,62.8,,63.4,63.8,31.542,31.706,,68.1,213.6058,270262.81,6.79,36.1,1292.1,83.8568
1978-04-01,50.0206,45.5378,,5093.2,5732.667,,2197.0,1948.0,86162.0,6.1,,40.4,,63.0,,63.9,64.3,31.781,31.911,,69.0,216.9979,274136.98,6.89,37.0,1300.3,85.3237
1978-05-01,50.254,45.7604,,5095.2,5739.268,,2075.0,1766.0,86509.0,6.0,,40.4,,63.1,,64.5,64.7,32.008,32.099,,69.5,220.4005,279256.57,7.36,37.1,1310.5,85.4885
1978-06-01,50.5801,46.1042,,5124.9,5760.201,,2070.0,1983.0,86950.0,5.9,,40.6,,63.3,,65.0,65.2,32.217,32.278,,70.0,223.4759,285100.77,7.6,37.3,1318.5,85.8087
1978-07-01,50.5384,46.0669,,5136.2,5791.884,,2092.0,1786.0,87204.0,6.2,,40.6,,63.2,,65.5,65.6,32.393,32.468,,70.4,226.2258,288805.54,7.81,38.2,1324.2,85.506
1978-08-01,50.7458,46.3234,,5159.7,5818.097,,1996.0,1691.0,87483.0,5.9,,40.5,,63.2,,65.9,66.1,32.557,32.642,,70.4,228.3623,292813.11,8.04,37.6,1333.5,85.6255
1978-09-01,50.8744,46.5658,,5173.3,5825.741,,1970.0,1751.0,87621.0,6.0,,40.5,,63.3,,66.5,66.7,32.742,32.83,,71.0,230.5011,296179.42,8.45,37.8,1345.1,85.6112
1978-10-01,51.2559,46.8862,,5195.9,5847.005,,1981.0,1781.0,87956.0,5.8,,40.5,,63.3,,67.1,67.2,33.003,33.071,,71.8,232.9249,298812.49,8.96,38.4,1352.4,86.0203
1978-11-01,51.6514,47.3315,,5202.6,5857.195,,2094.0,1795.0,88391.0,5.9,,40.6,,63.5,,67.5,67.6,33.19,33.249,,72.1,235.8062,302730.2,9.76,39.6,1359.2,86.4507
1978-12-01,51.909,47.6629,,5236.1,5890.505,,2044.0,1818.0,88671.0,6.0,,40.5,,63.6,,67.9,68.0,33.345,33.378,,72.7,237.2394,306100.39,10.03,41.7,1366.1,86.6488
1979-01-01,51.6278,47.3218,,5248.7,5910.093,,1630.0,1461.0,88808.0,5.9,,40.4,,63.6,,68.5,68.5,33.597,33.549,,73.8,239.757,309903.09,10.07,43.1,1371.6,85.95
1979-02-01,51.8752,47.4565,,5278.5,5933.423,,1520.0,1492.0,89055.0,5.9,,40.5,,63.8,,69.2,69.2,33.776,33.659,,74.9,243.8766,313523.78,10.06,40.7,1377.7,86.1333
1979-03-01,52.0446,47.6915,,5294.3,5951.404,,1847.0,1720.0,89479.0,5.8,,40.6,,63.8,,69.9,69.8,34.04,33.852,,75.8,247.8933,317200.74,10.09,40.2,1387.7,86.1874
1979-04-01,51.4193,46.8799,,5242.7,5903.905,,1748.0,1597.0,89417.0,5.8,,39.3,,63.5,,70.6,70.3,34.395,34.165,,76.9,253.7609,320944.87,10.01,40.7,1402.1,84.9317
1979-05-01,51.8856,47.5493,,5227.5,5883.494,,1876.0,1684.0,89789.0,5.6,,40.2,,63.3,,71.4,70.8,34.751,34.462,,77.5,258.7349,325177.39,10.24,40.2,1410.2,85.4833
1979-06-01,51.8965,47.6094,,5235.8,5880.39,,1913.0,1640.0,90108.0,5.7,,40.2,,63.5,,72.2,71.3,35.038,34.655,,78.0,263.4815,328172.74,10.29,40.1,1423.0,85.2867
1979-07-01,51.8097,47.6382,,5241.8,5924.962,,1760.0,1534.0,90217.0,5.7,,40.2,,63.6,,73.0,71.9,35.305,34.829,,79.2,267.8631,331989.99,10.47,40.9,1434.8,84.9377
1979-08-01,51.4684,47.0091,,5250.9,5934.384,,1778.0,1591.0,90300.0,6.0,,40.1,,63.6,,73.7,72.7,35.575,35.06,,79.6,270.6452,335785.46,10.94,40.7,1446.6,84.182
1979-09-01,51.4597,47.0605,,5254.8,5934.022,,1832.0,1638.0,90327.0,5.9,,40.1,,63.8,,74.4,73.3,35.889,35.299,,80.9,274.3761,339449.75,11.43,41.1,1454.2,83.9792
1979-10-01,51.8334,47.3272,,5253.6,5934.119,,1681.0,1481.0,90481.0,6.0,,40.2,,63.7,,75.2,74.0,36.182,35.557,,82.1,276.1506,343251.3,13.77,42.3,1460.4,84.4068
1979-11-01,51.7531,47.1535,,5270.2,5953.221,,1524.0,1276.0,90573.0,5.9,,40.1,,63.7,,76.0,74.8,36.433,35.784,,82.6,277.2382,346389.41,13.18,43.0,1465.9,84.1017
1979-12-01,51.7878,47.305,,5283.1,5968.38,,1498.0,1254.0,90672.0,6.0,,40.1,,63.9,,76.9,75.7,36.739,36.041,,83.4,279.7257,348589.11,13.78,44.0,1473.9,83.991
1980-01-01,52.0679,47.5493,,5277.0,5976.816,,1341.0,1280.0,90800.0,6.3,,40.0,,64.0,,78.0,76.7,37.124,36.315,,85.2,281.8501,350475.7,13.82,45.2,1482.7,84.2841
1980-02-01,52.082,47.4753,,5256.5,5949.587,,1350.0,1199.0,90883.0,6.3,,40.1,,64.0,,79.0,77.5,37.526,36.677,,86.9,285.6731,353056.23,14.13,43.2,1494.4,84.1494
1980-03-01,51.87,47.0886,,5238.5,5918.133,,1047.0,988.0,90994.0,6.3,,39.9,,63.7,,80.1,78.6,37.987,37.017,,87.5,289.3844,353042.11,17.19,43.1,1499.7,83.6537
1980-04-01,50.8397,46.1007,,5228.0,5911.122,,1051.0,808.0,90849.0,6.9,,39.8,,63.8,,80.9,79.5,38.185,37.207,,87.8,290.6018,351287.21,17.61,44.9,1502.2,81.8445
1980-05-01,49.589,44.6651,,5206.0,5892.81,,927.0,861.0,90420.0,7.5,,39.3,,63.9,,81.7,80.1,38.482,37.507,,88.3,287.8784,348644.54,10.98,44.0,1512.4,79.6867
1980-06-01,48.9482,43.9365,,5214.4,5906.964,,1196.0,1118.0,90101.0,7.6,,39.2,,63.7,,82.5,81.0,38.725,37.756,,88.7,287.0378,346696.96,9.47,43.5,1529.2,78.5118
1980-07-01,48.6039,43.4461,,5196.7,5950.966,,1269.0,1259.0,89840.0,7.8,,39.1,,63.8,,82.6,80.8,39.026,38.021,,90.3,288.0583,347071.37,9.03,42.9,1545.5,77.8129
1980-08-01,48.7563,43.7616,,5215.0,5963.437,,1436.0,1367.0,90099.0,7.7,,39.5,,63.7,,83.2,81.3,39.351,38.296,,91.5,291.4491,347546.01,9.61,40.4,1561.5,77.9059
1980-09-01,49.5608,44.5154,,5232.4,5989.16,,1471.0,1484.0,90213.0,7.5,,39.6,,63.6,,83.9,82.1,39.715,38.657,,91.7,294.7925,348163.14,10.87,41.2,1574.0,79.0322
1980-10-01,50.1908,45.3594,,5292.9,6040.861,,1523.0,1366.0,90490.0,7.5,,39.8,,63.7,,84.7,83.0,40.033,38.975,,92.8,299.9573,349597.72,12.81,41.7,1584.7,79.8693
1980-11-01,51.0311,46.1823,,5317.8,6055.398,,1510.0,1383.0,90747.0,7.5,,39.9,,63.8,,85.6,83.9,40.359,39.282,,93.2,307.3743,350004.49,15.85,41.2,1595.7,81.0289
1980-12-01,51.3708,46.3588,,5339.5,6084.759,,1482.0,1249.0,90943.0,7.2,,40.1,,63.6,,86.4,84.9,40.621,39.518,,93.8,312.0383,351920.05,18.9,40.7,1599.9,81.3842
1981-01-01,51.0415,46.1616,,5324.9,6065.141,,1547.0,1221.0,91033.0,7.5,,40.1,,63.9,,87.2,85.4,41.011,39.861,,95.2,312.4522,353029.32,19.08,41.6,1607.0,80.6748
1981-02-01,50.824,45.9281,,5309.3,6048.204,,1246.0,1199.0,91105.0,7.4,,39.8,,63.9,,88.0,85.9,41.426,40.152,,96.1,313.117,354744.99,15.93,39.9,1618.6,80.1373
1981-03-01,51.0826,46.0765,,5324.6,6067.35,,1306.0,1183.0,91210.0,7.4,,40.0,,64.1,,88.6,86.4,41.715,40.375,,97.0,314.3933,357127.13,14.7,39.7,1636.5,80.3463
1981-04-01,50.858,46.3206,,5320.2,6056.169,,1360.0,1190.0,91283.0,7.2,,40.1,,64.2,,89.1,87.0,41.897,40.633,,98.0,318.5024,359132.87,15.72,40.3,1659.2,79.7937
1981-05-01,51.1495,46.5291,,5337.2,6074.295,,1140.0,1173.0,91296.0,7.5,,40.2,,64.3,,89.7,87.8,42.085,40.913,,98.3,324.08,361232.8,18.52,40.5,1664.3,80.0484
1981-06-01,51.4101,46.2994,,5370.9,6107.73,,1045.0,976.0,91490.0,7.5,,40.0,,63.7,,90.5,88.6,42.253,41.117,,98.5,328.1726,362743.46,19.1,40.4,1670.4,80.2511
1981-07-01,51.7471,46.4033,,5427.8,6199.452,,1041.0,935.0,91601.0,7.2,,39.9,,63.8,,91.5,89.8,42.508,41.365,,99.0,331.8571,364677.73,19.04,41.0,1681.9,80.5724
1981-08-01,51.6826,46.3841,,5454.8,6222.937,,940.0,889.0,91565.0,7.4,,40.0,,63.8,,92.2,90.7,42.774,41.642,,99.0,336.523,365154.46,17.82,41.0,1694.3,80.271
1981-09-01,51.4337,46.193,,5449.5,6213.748,,911.0,847.0,91477.0,7.6,,39.6,,63.5,,93.1,91.8,43.033,41.915,,98.8,338.1155,369595.74,15.87,40.6,1706.0,79.688
1981-10-01,51.0281,45.7088,,5430.4,6190.074,,873.0,731.0,91380.0,7.9,,39.6,,63.8,,93.4,92.1,43.228,42.165,,98.9,341.1989,370456.71,15.08,40.7,1721.7,78.8694
1981-11-01,50.435,45.1031,,5433.5,6197.172,,837.0,748.0,91171.0,8.3,,39.4,,63.9,,93.8,92.5,43.46,42.411,,98.8,345.5088,371759.91,13.31,40.9,1736.0,77.7706
1981-12-01,49.8987,44.321,,5430.3,6193.277,,910.0,796.0,90895.0,8.5,,39.2,,63.6,,94.1,93.0,43.594,42.568,,98.8,350.3077,371301.44,12.37,41.9,1755.5,76.7706
1982-01-01,48.8685,43.2086,,5419.4,6179.452,,843.0,794.0,90565.0,8.6,,37.3,,63.7,,94.4,93.3,43.853,42.829,,99.7,354.8455,375167.36,13.22,43.2,1770.4,75.0243
1982-02-01,49.8636,44.4528,,5439.4,6205.602,,866.0,808.0,90563.0,8.9,,39.6,,63.8,,94.7,93.8,43.985,42.994,,99.8,360.7137,376377.07,14.78,41.3,1774.4,76.3932
1982-03-01,49.5323,44.1227,,5435.0,6201.39,,931.0,891.0,90434.0,9.0,,39.1,,63.8,,94.7,93.9,44.098,43.182,,99.6,363.9746,376885.41,14.68,39.2,1786.4,75.7372
1982-04-01,49.075,43.7924,,5466.4,6244.64,,917.0,888.0,90150.0,9.3,,39.1,,63.9,,95.0,94.7,44.12,43.353,,99.6,371.0565,378634.28,14.94,39.6,1804.0,74.9018
1982-05-01,48.7483,43.7082,,5468.1,6244.365,,1025.0,953.0,90107.0,9.4,,39.1,,64.2,,95.9,95.4,44.382,43.589,,99.8,375.9823,380438.8,14.45,39.5,1815.7,74.2775
1982-06-01,48.6214,43.6682,,5445.2,6223.394,,902.0,913.0,89865.0,9.6,,39.2,,63.9,,97.0,96.1,44.704,43.808,,100.0,380.5642,381985.62,14.15,39.6,1826.2,73.9684
1982-07-01,48.4616,43.6209,,5425.2,6223.874,,1166.0,1044.0,89521.0,9.8,,39.2,,64.0,,97.5,96.7,44.969,44.092,,100.4,384.0437,382447.1,12.59,40.0,1831.6,73.6215
1982-08-01,48.0192,43.1911,,5436.7,6236.193,,1046.0,926.0,89363.0,9.8,,39.0,,64.1,,97.7,97.1,45.108,44.295,,100.3,385.8593,382862.64,10.12,40.2,1845.1,72.8586
1982-09-01,47.9008,43.1135,,5425.8,6233.608,,1144.0,1042.0,89183.0,10.1,,39.0,,64.1,,97.7,97.2,45.233,44.459,,100.0,391.0385,384355.25,10.31,40.0,1858.3,72.5997
1982-10-01,47.4371,42.5515,,5415.4,6229.736,,1173.0,1149.0,88907.0,10.4,,38.9,,64.1,,98.1,97.5,45.487,44.741,,100.2,392.3917,384967.19,9.71,40.6,1869.4,71.8294
1982-11-01,47.283,42.2892,,5419.9,6253.827,,1372.0,1229.0,88786.0,10.8,,39.0,,64.2,,98.0,97.3,45.624,44.906,,100.3,391.9751,386766.65,9.2,41.2,1883.4,71.5396
1982-12-01,46.9485,42.1574,,5451.9,6286.221,,1303.0,1351.0,88771.0,10.8,,39.0,,64.1,,97.7,97.2,45.693,45.049,,100.5,392.0419,389848.74,8.95,41.9,1905.9,70.9871
1983-01-01,47.8234,43.1531,,5458.2,6279.297,,1586.0,1426.0,88990.0,10.4,,39.3,,63.9,,97.9,97.6,45.906,45.357,,100.2,393.1864,391827.73,8.68,41.9,1959.4,72.2714
1983-02-01,47.5233,43.1294,,5458.5,6283.89,,1699.0,1471.0,88917.0,10.4,,39.3,,63.8,,98.0,98.0,45.984,45.525,,100.5,393.3556,392360.96,8.51,39.8,1996.7,71.7863
1983-03-01,47.9244,43.5567,,5480.2,6314.258,,1606.0,1475.0,89090.0,10.3,,39.6,,63.7,,98.1,98.2,46.043,45.583,,100.4,393.8048,395583.05,8.77,38.0,2015.2,72.366
1983-04-01,48.5311,44.0875,,5489.2,6319.274,,1472.0,1566.0,89364.0,10.2,,39.7,,63.8,,98.8,98.6,46.253,45.721,,100.4,392.4259,398426.71,8.8,38.7,2028.9,73.2597
1983-05-01,48.8239,44.6288,,5514.5,6351.636,,1776.0,1669.0,89644.0,10.1,,40.0,,63.7,,99.2,98.9,46.384,45.787,,100.8,391.4906,399953.72,8.63,38.3,2043.6,73.6804
1983-06-01,49.123,45.0032,,5529.9,6360.3,,1733.0,1769.0,90021.0,10.1,,40.1,,64.3,,99.4,99.2,46.557,46.001,,101.0,393.8395,404832.6,8.98,38.4,2053.8,74.1097
1983-07-01,49.8546,45.6826,,5562.4,6378.268,,1785.0,1795.0,90437.0,9.4,,40.3,,64.1,,99.8,99.8,46.82,46.311,,101.3,397.7945,409475.21,9.37,38.9,2064.9,75.188
1983-08-01,50.4443,46.0638,,5555.9,6369.041,,1910.0,1713.0,90129.0,9.5,,40.3,,64.3,,100.1,100.1,47.02,46.55,,101.8,401.5866,413993.57,9.56,38.7,2073.9,76.0452
1983-09-01,51.178,46.9454,,5604.1,6412.175,,1710.0,1585.0,91247.0,9.2,,40.6,,64.3,,100.4,100.5,47.185,46.738,,102.0,402.529,417820.94,9.45,37.9,2083.0,77.1102
1983-10-01,51.5693,47.4335,,5668.5,6473.198,,1715.0,1716.0,91520.0,8.8,,40.6,,64.0,,100.8,101.0,47.265,46.821,,102.2,405.7486,423773.0,9.48,38.1,2098.8,77.6485
1983-11-01,51.7993,47.6717,,5703.9,6524.235,,1785.0,1668.0,91875.0,8.5,,40.6,,64.1,,101.1,101.5,47.332,46.93,,102.1,409.6174,429977.38,9.34,38.1,2111.9,77.9317
1983-12-01,52.0594,47.8363,,5755.7,6581.287,,1688.0,1627.0,92230.0,8.3,,40.5,,64.1,,101.4,101.8,47.358,46.965,,102.3,413.9404,437068.86,9.47,38.9,2123.4,78.248
1984-01-01,53.0985,48.7093,,5777.9,6603.03,,1897.0,1816.0,92673.0,8.0,,40.6,,63.9,,102.1,102.5,47.564,47.121,,102.9,415.6054,441991.13,9.56,40.1,2138.0,79.7207
1984-02-01,53.3318,49.2371,,5819.3,6639.713,,2260.0,1987.0,93157.0,7.8,,41.1,,64.1,,102.6,102.8,47.884,47.418,,103.2,423.5808,451907.03,9.59,36.3,2158.2,79.9686
1984-03-01,53.5929,49.4618,,5856.2,6679.057,,1663.0,1725.0,93429.0,7.8,,40.7,,64.1,,102.9,103.2,48.041,47.598,,103.9,430.9463,456550.16,9.91,36.2,2175.3,80.2444
1984-04-01,53.91,49.7014,,5896.5,6721.247,,1851.0,1776.0,93792.0,7.7,,40.8,,64.3,,103.3,103.7,48.224,47.822,,104.0,437.8374,462141.22,10.29,37.1,2192.1,80.5902
1984-05-01,54.2026,49.8612,,5912.7,6735.713,,1774.0,1741.0,94098.0,7.4,,40.7,,64.5,,103.5,104.1,48.285,47.933,,104.1,446.3183,472444.28,10.32,36.5,2204.8,80.8857
1984-06-01,54.4014,50.0943,,5961.8,6785.832,,1843.0,1814.0,94479.0,7.2,,40.6,,64.6,,103.7,104.5,48.371,48.046,,104.0,450.9723,480994.54,11.06,37.5,2215.6,81.0276
1984-07-01,54.5521,50.3073,,5978.9,6800.935,,1732.0,1605.0,94789.0,7.5,,40.6,,64.6,,104.1,105.0,48.544,48.253,,104.2,455.8009,487148.8,11.23,37.5,2223.6,81.0869
1984-08-01,54.6083,50.3863,,6019.6,6845.315,,1586.0,1530.0,95032.0,7.5,,40.5,,64.4,,104.4,105.4,48.693,48.412,,103.8,458.7925,494117.63,11.64,37.3,2230.2,80.9969
1984-09-01,54.4466,50.1904,,6075.2,6897.723,,1698.0,1523.0,95344.0,7.3,,40.5,,64.4,,104.7,105.8,48.759,48.486,,103.4,461.9148,498496.4,11.3,38.0,2244.2,80.5761
1984-10-01,54.4406,50.4685,,6049.7,6877.638,,1590.0,1490.0,95629.0,7.4,,40.5,,64.4,,105.1,106.2,48.874,48.595,,103.4,466.3545,504658.66,9.99,38.5,2258.4,80.3793
1984-11-01,54.624,50.6061,,6083.4,6913.808,,1689.0,1643.0,95982.0,7.2,,40.4,,64.5,,105.3,106.4,48.943,48.698,,103.7,470.9618,510154.08,9.43,39.2,2280.9,80.4551
1984-12-01,54.6416,50.7415,,6112.7,6960.651,,1612.0,1626.0,96107.0,7.3,,40.5,,64.6,,105.5,106.8,49.081,48.891,,103.5,473.3524,517278.98,8.38,40.7,2306.3,80.2819
1985-01-01,54.6322,50.622,,6106.5,6953.088,,1711.0,1660.0,96372.0,7.3,,40.3,,64.7,,105.7,107.1,49.326,49.165,,103.4,472.9869,523979.36,8.35,41.1,2332.1,80.0654
1985-02-01,54.7825,50.391,,6111.5,6958.565,,1632.0,1662.0,96503.0,7.2,,40.1,,64.7,,106.3,107.7,49.555,49.42,,103.3,476.2366,532448.43,8.5,40.2,2353.9,80.0794
1985-03-01,54.8653,50.7781,,6140.2,6988.108,,1800.0,1727.0,96842.0,7.2,,40.4,,64.9,,106.8,108.1,49.749,49.593,,103.1,480.0172,541757.18,8.58,40.4,2366.3,79.9936
1985-04-01,54.7459,50.5827,,6128.2,6975.177,,1821.0,1664.0,97038.0,7.3,,40.5,,64.9,,107.0,108.4,49.821,49.652,,103.3,478.7742,549348.71,8.27,41.6,2375.8,79.6154
1985-05-01,54.8255,50.6957,,6144.9,6990.38,,1680.0,1709.0,97312.0,7.2,,40.4,,64.8,,107.2,108.8,49.939,49.823,,103.5,480.8199,555842.05,7.97,41.0,2390.4,79.53
1985-06-01,54.7989,50.7177,,6171.1,7015.149,,1676.0,1716.0,97459.0,7.4,,40.5,,64.6,,107.5,109.1,50.075,49.988,,103.3,482.3444,561206.6,7.53,42.4,2413.3,79.295
1985-07-01,54.5396,50.5235,,6169.5,7025.338,,1684.0,1697.0,97648.0,7.4,,40.4,,64.7,,107.7,109.4,50.198,50.134,,103.2,486.9674,567653.0,7.88,42.8,2429.6,78.7325
1985-08-01,54.7055,50.7665,,6180.7,7025.068,,1743.0,1808.0,97840.0,7.1,,40.6,,64.6,,107.9,109.8,50.364,50.38,,102.7,489.7682,573299.31,7.9,42.9,2443.9,78.7932
1985-09-01,54.8906,50.798,,6209.5,7057.327,,1676.0,1916.0,98045.0,7.1,,40.6,,64.9,,108.1,110.0,50.449,50.484,,102.1,494.253,582148.37,7.92,44.5,2456.2,78.8917
1985-10-01,54.7199,50.7203,,6242.3,7091.229,,1834.0,1743.0,98233.0,7.1,,40.7,,65.0,,108.5,110.5,50.533,50.565,,102.9,493.189,588307.45,7.99,45.5,2467.6,78.4909
1985-11-01,54.9124,51.0769,,6252.6,7102.139,,1698.0,1692.0,98443.0,7.0,,40.7,,64.9,,109.0,111.1,50.68,50.689,,103.4,497.1473,594477.75,8.05,46.4,2477.3,78.624
1985-12-01,55.4412,51.2379,,6295.7,7145.546,,1942.0,1794.0,98609.0,7.0,,40.9,,65.0,,109.5,111.4,50.85,50.827,,103.6,498.94,599711.23,8.27,48.1,2492.0,79.2506
1986-01-01,55.7481,51.8511,,6277.3,7140.925,,1972.0,1847.0,98732.0,6.7,,40.7,,64.9,,109.9,111.9,51.084,51.101,,103.2,500.442,605703.02,8.14,48.0,2501.6,79.5708
1986-02-01,55.3568,51.5828,,6310.2,7176.182,,1848.0,1767.0,98847.0,7.2,,40.7,,65.0,,109.7,112.2,51.084,51.233,,101.7,501.4133,610678.29,7.86,46.6,2512.5,78.9079
1986-03-01,54.9625,51.4024,,6369.7,7243.924,,1876.0,1780.0,98934.0,7.2,,40.7,,65.1,,109.1,112.5,50.972,51.389,,100.3,505.1454,613376.62,7.48,47.3,2533.1,78.2531
1986-04-01,55.0413,51.5522,,6390.2,7267.821,,1933.0,1858.0,99121.0,7.1,,40.5,,65.1,,108.7,112.9,50.868,51.482,,99.6,507.415,619657.73,6.99,48.9,2558.1,78.2809
1986-05-01,55.1226,51.5898,,6394.4,7275.711,,1854.0,1797.0,99248.0,7.2,,40.7,,65.2,,109.0,113.1,50.961,51.57,,100.0,507.972,625819.96,6.85,48.5,2585.7,78.3175
1986-06-01,54.9005,51.3868,,6395.7,7277.787,,1847.0,1790.0,99155.0,7.2,,40.7,,65.4,,109.4,113.4,51.151,51.725,,99.9,511.2745,630055.83,6.92,49.9,2605.7,77.9257
1986-07-01,55.2592,51.6877,,6416.9,7312.343,,1782.0,1780.0,99473.0,7.0,,40.6,,65.4,,109.5,113.8,51.164,51.819,,99.4,512.9096,635150.95,6.56,51.0,2626.6,78.3589
1986-08-01,55.1567,51.8215,,6441.9,7327.756,,1807.0,1726.0,99588.0,6.9,,40.7,,65.3,,109.6,114.2,51.228,51.925,,99.3,514.9727,638904.39,6.17,51.3,2646.5,78.1348
1986-09-01,55.2975,51.9572,,6448.0,7334.44,,1687.0,1686.0,99934.0,7.0,,40.7,,65.4,,110.0,114.6,51.396,52.096,,99.4,517.555,646023.16,5.89,53.2,2667.9,78.2497
1986-10-01,55.5332,52.1533,,6448.9,7336.284,,1681.0,1675.0,100121.0,7.0,,40.6,,65.4,,110.2,115.0,51.488,52.273,,99.7,517.5394,653787.29,5.85,54.6,2687.1,78.4896
1986-11-01,55.7557,52.3486,,6461.9,7347.933,,1623.0,1644.0,100308.0,6.9,,40.7,,65.4,,110.4,115.3,51.58,52.384,,99.8,523.9208,653767.3,6.04,56.3,2701.0,78.7
1986-12-01,56.2845,52.8676,,6485.2,7373.793,,1833.0,1903.0,100509.0,6.6,,40.8,,65.3,,110.8,115.6,51.651,52.452,,99.7,539.2648,654750.24,6.91,59.4,2728.0,79.3312
1987-01-01,56.0882,52.6728,,6473.4,7361.633,,1774.0,1690.0,100678.0,6.6,,40.8,,65.4,,111.4,115.9,51.894,52.578,,100.5,548.8317,653267.48,6.43,59.6,2743.3,78.9302
1987-02-01,56.8275,53.4566,,6493.4,7383.378,,1784.0,1689.0,100919.0,6.6,,41.2,,65.5,,111.8,116.2,52.076,52.685,,101.0,547.3717,652532.3,6.1,57.0,2747.0,79.832
1987-03-01,56.9098,53.4815,,6511.4,7400.008,,1726.0,1704.0,101164.0,6.6,,41.0,,65.5,,112.2,116.6,52.214,52.841,,101.2,548.1479,651197.67,6.13,57.1,2753.5,79.799
1987-04-01,57.2701,53.8011,,6507.7,7394.617,,1614.0,1601.0,101499.0,6.3,,40.8,,65.4,,112.7,117.3,52.409,53.065,,101.9,549.4269,656401.42,6.37,59.4,2767.8,80.1481
1987-05-01,57.6322,54.1869,,6542.1,7439.064,,1628.0,1500.0,101728.0,6.3,,41.0,,65.7,,113.0,117.7,52.542,53.214,,102.6,551.6019,658470.03,6.85,58.3,2773.7,80.4929
1987-06-01,57.9307,54.3874,,6546.4,7432.017,,1594.0,1522.0,101900.0,6.2,,40.9,,65.5,,113.5,117.9,52.741,53.36,,103.0,554.5518,662897.5,6.73,58.8,2775.3,80.7451
1987-07-01,58.3258,54.8155,,6570.7,7457.261,,1575.0,1516.0,102247.0,6.1,,41.0,,65.6,,113.8,118.3,52.863,53.498,,103.5,553.3229,667659.79,6.58,58.9,2779.0,81.1334
1987-08-01,58.7636,55.1103,,6613.8,7496.646,,1605.0,1511.0,102420.0,6.0,,40.9,,65.7,,114.3,118.7,53.072,53.679,,103.8,554.0028,672225.14,6.73,58.3,2788.3,81.5864
1987-09-01,58.9951,55.5152,,6622.5,7503.262,,1695.0,1514.0,102647.0,5.9,,40.8,,65.5,,114.7,119.2,53.251,53.892,,103.7,561.1832,676211.16,7.22,59.8,2799.6,81.762
1987-10-01,59.781,56.3729,,6670.6,7552.866,,1515.0,1447.0,103138.0,6.0,,41.1,,65.7,,115.0,119.8,53.42,54.122,,104.1,563.0828,681184.46,7.29,61.1,2814.7,82.7171
1987-11-01,60.0726,56.6553,,6709.9,7589.74,,1656.0,1457.0,103372.0,5.8,,41.0,,65.7,,115.4,120.1,53.521,54.235,,104.2,562.5823,684710.04,6.69,61.2,2818.9,83.0015
1987-12-01,60.4095,57.0644,,6793.8,7675.619,,1400.0,1345.0,103661.0,5.7,,41.0,,65.7,,115.6,120.4,53.62,54.349,,104.2,565.1597,686318.77,6.77,62.1,2826.7,83.3639
1988-01-01,60.3976,56.9161,,6765.9,7669.267,,1271.0,1244.0,103753.0,5.7,,41.1,,65.8,,116.0,120.9,53.828,54.606,,104.6,567.1159,692270.95,6.83,62.6,2846.9,83.2612
1988-02-01,60.7003,57.1227,,6800.9,7703.832,,1473.0,1438.0,104214.0,5.7,,41.1,,65.9,,116.2,121.2,53.908,54.718,,104.8,568.4799,696387.29,6.58,60.0,2869.6,83.6092
1988-03-01,60.8501,57.3136,,6808.8,7724.295,,1532.0,1525.0,104489.0,5.7,,40.9,,65.7,,116.5,121.7,54.093,54.952,,104.9,571.2395,700701.2,6.58,60.0,2890.2,83.7608
1988-04-01,61.2031,57.8431,,6839.6,7744.299,,1573.0,1429.0,104732.0,5.4,,41.0,,65.8,,117.2,122.3,54.356,55.219,,105.8,577.4248,705868.05,6.87,62.0,2910.4,84.2045
1988-05-01,61.0797,57.7105,,6848.1,7751.91,,1421.0,1444.0,104962.0,5.6,,41.0,,65.7,,117.5,122.7,54.514,55.407,,106.5,583.8824,710045.85,7.09,60.6,2926.6,84.0006
1988-06-01,61.2569,57.8497,,6876.1,7779.471,,1478.0,1485.0,105326.0,5.4,,41.1,,65.8,,118.0,123.2,54.746,55.641,,107.2,589.0032,713189.19,7.51,62.0,2939.0,84.2142
1988-07-01,61.2659,57.8314,,6911.5,7814.33,,1467.0,1439.0,105550.0,5.4,,41.1,,65.9,,118.5,123.6,55.012,55.868,,107.9,593.8365,716113.02,7.75,62.6,2947.2,84.1973
1988-08-01,61.5731,57.916,,6929.8,7834.98,,1493.0,1460.0,105674.0,5.6,,40.9,,66.1,,119.0,124.0,55.175,56.007,,108.0,594.4439,721535.58,8.01,61.9,2952.1,84.5859
1988-09-01,61.3807,58.106,,6946.2,7850.303,,1492.0,1436.0,106013.0,5.4,,41.0,,65.9,,119.5,124.7,55.444,56.307,,108.1,595.3452,722947.69,8.19,62.2,2957.2,84.2804
1988-10-01,61.6453,58.3438,,6989.1,7894.044,,1522.0,1516.0,106276.0,5.4,,41.1,,66.0,,119.9,125.2,55.625,56.521,,108.2,599.0606,726105.33,8.3,61.9,2965.4,84.5914
1988-11-01,61.7944,58.566,,6988.0,7896.3,,1569.0,1508.0,106617.0,5.3,,41.1,,66.2,,120.3,125.6,55.754,56.676,,108.3,601.1294,729660.07,8.35,62.4,2980.3,84.7301
1988-12-01,62.0743,58.8432,,7026.0,7936.204,,1563.0,1501.0,106898.0,5.3,,40.9,,66.1,,120.7,126.0,55.928,56.864,,109.0,604.6453,731917.76,8.76,63.7,2988.8,85.0338
1989-01-01,62.2574,59.3488,,7072.7,8007.589,,1621.0,1466.0,107161.0,5.4,,41.1,,66.5,,121.2,126.5,56.215,57.152,,110.5,606.3097,749023.08,9.12,63.4,2991.2,85.1891
1989-02-01,61.9819,58.7421,,7093.0,8030.962,,1425.0,1383.0,107427.0,5.2,,41.2,,66.3,,121.6,126.9,56.402,57.297,,110.8,617.1481,752893.0,9.36,60.6,2991.2,84.7014
1989-03-01,62.1369,58.6657,,7121.5,8072.817,,1422.0,1214.0,107621.0,5.0,,41.1,,66.3,,122.2,127.4,56.612,57.468,,111.5,616.3998,760018.34,9.85,60.1,2998.9,84.786
1989-04-01,62.1276,58.7845,,7099.5,8041.025,,1339.0,1376.0,107791.0,5.2,,41.1,,66.4,,123.1,127.8,56.989,57.661,,112.3,619.1775,764712.45,9.84,61.2,3005.5,84.6312
1989-05-01,61.7744,58.292,,7066.7,8006.298,,1331.0,1381.0,107913.0,5.2,,41.0,,66.3,,123.7,128.3,57.197,57.833,,113.2,624.3756,769275.7,9.81,58.9,3012.1,83.9944
1989-06-01,61.7697,58.3993,,7084.0,8028.717,,1397.0,1322.0,108027.0,5.3,,40.9,,66.5,,124.1,128.8,57.322,57.987,,112.9,624.2447,773227.11,9.53,59.6,3028.6,83.819
1989-07-01,61.1738,57.6942,,7108.6,8055.26,,1427.0,1283.0,108069.0,5.2,,40.9,,66.5,,124.5,129.2,57.459,58.136,,112.8,630.923,776260.08,9.24,60.3,3052.5,82.8332
1989-08-01,61.7732,58.269,,7120.2,8072.841,,1332.0,1334.0,108120.0,5.2,,40.9,,66.5,,124.5,129.5,57.466,58.217,,112.0,635.1788,778876.5,8.99,59.6,3074.6,83.4581
1989-09-01,61.5796,58.1581,,7137.5,8095.196,,1279.0,1314.0,108369.0,5.3,,40.8,,66.4,,124.8,129.9,57.594,58.419,,112.4,637.0719,781822.09,9.02,60.1,3092.9,83.0045
1989-10-01,61.4966,58.0052,,7172.8,8134.089,,1410.0,1365.0,108476.0,5.3,,40.8,,66.5,,125.4,130.6,57.819,58.631,,112.8,639.3905,785545.65,8.84,60.4,3114.3,82.6969
1989-11-01,61.7044,58.1286,,7175.1,8142.33,,1351.0,1344.0,108752.0,5.4,,40.7,,66.6,,125.9,131.1,57.945,58.787,,112.7,639.7431,790297.25,8.55,60.9,3133.6,82.7778
1989-12-01,62.0428,58.1469,,7185.9,8149.087,,1251.0,1422.0,108836.0,5.4,,40.5,,66.5,,126.3,131.6,58.113,58.954,,113.0,637.591,794612.18,8.45,62.7,3153.4,83.0331
1990-01-01,61.729,58.1016,,7184.9,8170.022,,1551.0,1748.0,109196.0,5.4,,40.5,,66.8,,127.5,132.1,58.553,59.181,,114.9,635.7569,797714.86,8.23,62.9,3166.3,82.4179
1990-02-01,62.2896,58.9161,,7210.5,8195.397,,1437.0,1329.0,109436.0,5.3,,40.6,,66.7,,128.0,132.7,58.811,59.468,,114.4,636.5709,798773.19,8.24,60.6,3178.2,82.9732
1990-03-01,62.5999,59.2408,,7216.8,8203.337,,1289.0,1246.0,109640.0,5.2,,40.6,,66.7,,128.6,133.5,59.033,59.754,,114.2,638.2709,798748.09,8.28,60.6,3189.2,83.1981
1990-04-01,62.4359,58.9909,,7262.7,8255.647,,1248.0,1136.0,109674.0,5.4,,40.4,,66.6,,128.9,134.0,59.157,59.932,,114.1,641.0,798747.01,8.26,62.5,3201.2,82.8001
1990-05-01,62.6258,59.173,,7252.9,8246.75,,1212.0,1067.0,109828.0,5.4,,40.6,,66.6,,129.1,134.4,59.29,60.115,,114.6,639.8387,799751.03,8.18,60.2,3201.3,82.8798
1990-06-01,62.8382,59.3691,,7261.7,8260.44,,1177.0,1108.0,109850.0,5.2,,40.7,,66.4,,129.9,135.1,59.552,60.349,,114.3,641.4431,802892.74,8.29,61.2,3214.6,82.9978
1990-07-01,62.7284,59.2271,,7289.9,8288.531,,1171.0,1078.0,109815.0,5.5,,40.6,,66.5,,130.5,135.8,59.699,60.501,,114.5,639.8486,806887.5,8.15,60.9,3224.7,82.7018
1990-08-01,62.9475,59.4404,,7242.0,8236.691,,1115.0,1069.0,109607.0,5.7,,40.5,,66.5,,131.6,136.6,60.096,60.753,,116.5,640.3267,808758.57,8.13,60.7,3242.1,82.8509
1990-09-01,62.9523,59.3611,,7231.3,8233.907,,1110.0,976.0,109522.0,5.9,,40.5,,66.4,,132.5,137.1,60.465,60.965,,118.4,639.4116,810436.23,8.2,61.4,3254.7,82.7293
1990-10-01,62.5845,58.9798,,7159.5,8167.115,,1014.0,925.0,109377.0,5.9,,40.4,,66.4,,133.4,137.6,60.811,61.172,,120.8,637.5677,812655.11,8.11,61.0,3259.2,82.1303
1990-11-01,61.7887,58.2534,,7156.9,8168.212,,1145.0,941.0,109222.0,6.2,,40.2,,66.4,,133.7,138.0,60.888,61.246,,120.1,639.2328,813662.66,7.81,62.0,3262.8,80.9828
1990-12-01,61.3352,57.7538,,7186.8,8210.825,,969.0,861.0,109168.0,6.3,,40.3,,66.4,,134.2,138.6,60.945,61.331,,118.7,641.5553,808230.57,7.31,59.1,3272.5,80.2964
1991-01-01,61.1355,57.3946,,7117.2,8157.383,,798.0,786.0,109058.0,6.4,,40.2,,66.2,,134.7,139.5,61.177,61.637,,119.0,636.127,806600.5,6.91,50.9,3287.4,79.9522
1991-02-01,60.6838,56.9666,,7116.1,8164.096,,965.0,853.0,108735.0,6.6,,40.1,,66.2,,134.8,140.2,61.208,61.807,,117.2,635.9764,807030.43,6.25,48.5,3303.6,79.2872
1991-03-01,60.3346,56.5618,,7120.0,8176.58,,921.0,911.0,108568.0,6.8,,40.0,,66.3,,134.8,140.5,61.221,61.936,,116.2,635.2501,808351.83,6.12,48.6,3321.0,78.7629
1991-04-01,60.4938,56.8105,,7136.9,8208.244,,1001.0,916.0,108350.0,6.7,,40.1,,66.4,,135.1,140.9,61.332,62.06,,116.0,631.3743,807818.95,5.91,50.3,3331.9,78.9062
1991-05-01,61.0633,57.1776,,7134.8,8209.444,,996.0,991.0,108253.0,6.9,,40.2,,66.2,,135.6,141.3,61.586,62.307,,116.5,627.8211,807832.16,5.78,49.1,3343.6,79.5846
1991-06-01,61.5581,57.7436,,7174.5,8252.295,,1036.0,964.0,108330.0,6.9,,40.4,,66.2,,136.0,141.8,61.69,62.442,,116.4,626.2289,805994.66,5.9,50.4,3352.8,80.1624
1991-07-01,61.7305,58.0706,,7156.6,8233.054,,1063.0,973.0,108290.0,6.8,,40.5,,66.1,,136.2,142.3,61.787,62.632,,116.1,623.193,804027.56,5.82,50.7,3356.2,80.3158
1991-08-01,61.7298,58.1105,,7166.3,8248.575,,1049.0,944.0,108300.0,6.9,,40.6,,66.0,,136.6,142.9,61.931,62.804,,116.2,618.3833,802021.92,5.66,50.6,3355.0,80.2365
1991-09-01,62.2195,58.7192,,7185.1,8273.586,,1015.0,974.0,108335.0,6.9,,40.6,,66.2,,137.0,143.4,62.144,63.055,,116.1,620.5309,800889.34,5.45,51.1,3355.0,80.7851
1991-10-01,62.1855,58.675,,7169.7,8284.054,,1079.0,991.0,108361.0,7.0,,40.6,,66.1,,137.2,143.7,62.26,63.194,,116.4,621.0051,798616.98,5.21,51.6,3360.0,80.6424
1991-11-01,62.0871,58.542,,7186.3,8296.928,,1103.0,984.0,108300.0,7.0,,40.7,,66.1,,137.8,144.2,62.397,63.312,,116.4,618.4521,798274.98,4.81,53.1,3365.8,80.4053
1991-12-01,61.7852,58.3873,,7232.8,8365.723,,1079.0,1061.0,108330.0,7.3,,40.6,,66.0,,138.2,144.7,62.553,63.468,,115.9,618.3564,798028.97,4.43,55.5,3373.0,79.8949
1992-01-01,61.4616,58.0721,,7251.5,8405.155,115095.0,1176.0,1077.0,108365.0,7.3,,40.6,,66.3,,138.3,145.1,62.638,63.641,,115.6,613.583,798982.71,4.03,55.8,3380.9,79.3278
1992-02-01,61.8955,58.6327,,7290.1,8444.994,114855.0,1250.0,1146.0,108312.0,7.4,,40.7,,66.2,,138.6,145.4,62.797,63.814,,116.0,609.7405,799640.38,4.06,55.2,3399.3,79.7329
1992-03-01,62.4232,59.2646,,7294.4,8457.388,114052.0,1297.0,1082.0,108367.0,7.4,,40.7,,66.4,,139.1,145.9,62.949,63.973,,116.1,607.3732,799442.11,3.98,56.3,3403.1,80.2464
1992-04-01,62.897,59.6003,,7313.2,8487.783,114721.0,1099.0,1054.0,108516.0,7.4,,40.8,,66.5,,139.4,146.3,63.119,64.183,,116.3,604.4549,797658.14,3.73,50.4,3399.2,80.6802
1992-05-01,63.104,59.9548,,7352.4,8531.932,114868.0,1214.0,1056.0,108646.0,7.6,,40.9,,66.6,,139.7,146.8,63.203,64.273,,117.2,602.2857,797667.9,3.82,48.8,3399.1,80.764
1992-06-01,63.1363,60.1492,,7384.2,8566.719,115064.0,1145.0,1057.0,108706.0,7.8,,40.8,,66.7,,140.1,147.1,63.315,64.323,,118.0,600.8723,797276.31,3.76,49.5,3394.0,80.6204
1992-07-01,63.7176,60.7237,,7373.5,8559.118,115911.0,1139.0,1089.0,108793.0,7.7,,40.8,,66.7,,140.5,147.6,63.524,64.566,,117.9,599.2664,798068.16,3.25,49.8,3393.9,81.1771
1992-08-01,63.3613,60.4425,,7401.0,8591.676,115349.0,1226.0,1075.0,108916.0,7.6,,40.8,,66.6,,140.8,147.9,63.609,64.625,,117.7,597.3006,799823.8,3.3,50.2,3398.7,80.5433
1992-09-01,63.5703,60.5525,,7363.9,8558.368,116485.0,1186.0,1114.0,108951.0,7.6,,40.7,,66.5,,141.1,148.1,63.713,64.73,,118.0,598.4143,800198.9,3.22,51.5,3410.4,80.6355
1992-10-01,63.9995,60.9254,,7321.0,8515.933,117193.0,1244.0,1132.0,109139.0,7.3,,40.8,,66.2,,141.7,148.8,63.938,64.979,,118.1,596.8732,799555.99,3.1,53.1,3423.9,81.0138
1992-11-01,64.2422,61.1692,,7353.6,8534.33,116906.0,1214.0,1118.0,109283.0,7.4,,40.9,,66.3,,142.1,149.2,64.064,65.121,,117.8,596.9292,802697.98,3.09,54.7,3426.9,81.1636
1992-12-01,64.3507,61.1276,,7655.0,8845.712,117843.0,1227.0,1176.0,109502.0,7.4,,40.9,,66.3,,142.3,149.6,64.176,65.242,,117.6,596.4731,806118.69,2.92,56.6,3425.3,81.1549
1993-01-01,64.5978,61.6811,,7390.7,8602.353,118697.0,1210.0,1177.0,109790.0,7.3,,41.1,,66.2,,142.8,150.1,64.332,65.432,,118.0,595.4799,809325.43,3.02,56.0,3418.9,81.3264
1993-02-01,64.9089,61.8465,,7432.5,8642.143,117987.0,1210.0,1148.0,110047.0,7.1,,41.1,,66.2,,143.1,150.6,64.429,65.557,,118.4,593.4802,814058.92,3.03,53.9,3413.8,81.5884
1993-03-01,64.8522,61.7259,,7403.9,8619.726,117015.0,1083.0,1056.0,110004.0,7.0,,40.8,,66.2,,143.3,150.8,64.561,65.7,,118.7,591.3241,813656.29,3.07,54.3,3410.9,81.3955
1993-04-01,65.0301,62.0377,,7473.1,8684.645,119682.0,1258.0,1104.0,110300.0,7.1,,41.3,,66.1,,143.8,151.4,64.733,65.891,,119.3,585.6179,819756.94,2.96,56.5,3410.7,81.5045
1993-05-01,64.784,61.982,,7476.3,8682.682,119945.0,1260.0,1112.0,110571.0,7.1,,41.1,,66.4,,144.2,151.8,64.933,66.114,,119.7,588.0429,819759.05,3.0,56.1,3437.5,81.0851
1993-06-01,64.9301,61.8732,,7456.5,8671.95,119902.0,1280.0,1130.0,110742.0,7.0,,41.0,,66.5,,144.3,152.1,64.955,66.177,,119.5,590.0472,823811.81,3.04,57.2,3442.7,81.1568
1993-07-01,65.1052,62.0427,,7477.1,8699.937,121676.0,1254.0,1174.0,111054.0,6.9,,41.1,,66.4,,144.5,152.3,65.059,66.314,,119.2,587.9244,829518.73,3.06,57.7,3441.9,81.262
1993-08-01,65.0267,61.9438,,7489.9,8718.737,121017.0,1300.0,1230.0,111200.0,6.8,,41.1,,66.4,,144.8,152.8,65.17,66.438,,118.7,587.8165,834235.53,3.03,57.8,3445.6,81.0442
1993-09-01,65.3717,62.4107,,7469.1,8699.123,121799.0,1343.0,1251.0,111448.0,6.7,,41.3,,66.2,,145.0,152.9,65.238,66.538,,118.7,585.4593,840602.98,3.09,59.1,3452.6,81.3448
1993-10-01,65.8509,62.9452,,7439.5,8662.656,121970.0,1392.0,1287.0,111734.0,6.8,,41.3,,66.3,,145.6,153.4,65.443,66.647,,119.1,583.9274,847616.63,2.99,60.0,3456.9,81.7992
1993-11-01,66.1518,63.2335,,7461.7,8684.88,123122.0,1376.0,1357.0,111987.0,6.6,,41.3,,66.3,,146.0,153.9,65.567,66.819,,119.0,584.0603,856523.42,3.02,61.3,3470.7,82.0178
1993-12-01,66.5436,63.6638,,7752.5,8986.914,123771.0,1533.0,1461.0,112325.0,6.5,,41.4,,66.4,,146.3,154.3,65.582,66.849,,118.6,583.6748,865650.58,2.96,62.8,3475.0,82.3349
1994-01-01,66.7351,63.7203,,7565.0,8808.902,122772.0,1272.0,1390.0,112601.0,6.6,,41.4,,66.6,,146.3,154.5,65.604,66.902,,119.1,587.4316,872021.82,3.05,62.0,3474.8,82.3903
1994-02-01,66.774,63.8205,,7574.1,8817.405,124813.0,1337.0,1269.0,112782.0,6.6,,40.9,,66.6,,146.7,154.8,65.756,67.047,,119.3,587.9833,880352.86,3.25,59.6,3475.1,82.2437
1994-03-01,67.4552,64.6881,,7597.7,8840.918,126935.0,1564.0,1342.0,113245.0,6.5,,41.7,,66.5,,147.1,155.3,65.937,67.275,,119.7,594.8106,891333.16,3.34,59.6,3479.2,82.871
1994-04-01,67.8541,65.2758,,7676.1,8923.036,126646.0,1465.0,1392.0,113589.0,6.4,,41.7,,66.5,,147.2,155.5,66.015,67.376,,119.7,600.4427,900989.53,3.56,61.6,3480.5,83.1358
1994-05-01,68.1663,65.7069,,7698.1,8941.155,125841.0,1526.0,1396.0,113922.0,6.1,,41.8,,66.6,,147.5,155.9,66.111,67.526,,119.9,604.7868,912863.7,4.01,59.2,3491.4,83.2793
1994-06-01,68.6265,65.9433,,7687.8,8929.074,126978.0,1409.0,1357.0,114239.0,6.1,,41.8,,66.4,,147.9,156.4,66.272,67.676,,120.5,608.8339,924216.02,4.25,59.9,3479.8,83.5893
1994-07-01,68.7178,66.2407,,7706.9,8944.497,126726.0,1439.0,1335.0,114608.0,6.1,,41.8,,66.4,,148.4,156.7,66.481,67.818,,120.7,616.5521,931134.74,4.26,60.1,3488.1,83.4406
1994-08-01,69.1785,66.7932,,7716.3,8957.46,128034.0,1450.0,1377.0,114902.0,6.0,,41.7,,66.6,,149.0,157.1,66.634,67.894,,121.2,622.2947,944803.17,4.47,59.3,3485.6,83.7334
1994-09-01,69.3961,67.061,,7752.9,8996.696,128992.0,1474.0,1412.0,115246.0,5.9,,41.6,,66.6,,149.3,157.5,66.708,67.997,,121.0,625.0392,957375.6,4.73,60.0,3486.7,83.7254
1994-10-01,69.9544,67.7394,,7815.2,9076.95,129795.0,1450.0,1397.0,115457.0,5.8,,41.8,,66.7,,149.4,157.8,66.821,68.157,,120.9,631.6208,968468.71,4.76,59.5,3484.8,84.1216
1994-11-01,70.4326,68.309,,7811.0,9074.779,129790.0,1511.0,1340.0,115867.0,5.6,,41.8,,66.7,,149.8,158.2,66.948,68.282,,121.5,638.4503,981426.11,5.29,60.0,3487.8,84.414
1994-12-01,71.1523,69.0936,,7843.2,9117.741,129873.0,1455.0,1396.0,116174.0,5.5,,41.8,,66.7,,150.1,158.3,66.991,68.305,,121.9,643.7874,997301.74,5.45,61.4,3486.7,84.9892
1995-01-01,71.2734,69.2071,,7865.0,9159.706,130171.0,1407.0,1282.0,116505.0,5.6,,41.8,,66.8,,150.5,159.0,67.127,68.475,,122.9,654.3075,1010395.04,5.53,60.5,3492.2,84.8472
1995-02-01,71.193,69.0338,,7881.4,9180.168,127944.0,1316.0,1254.0,116694.0,5.4,,41.7,,66.8,,150.9,159.4,67.246,68.587,,123.5,666.4421,1018559.11,5.92,57.7,3489.2,84.4634
1995-03-01,71.3113,69.2346,,7899.5,9203.415,129087.0,1249.0,1226.0,116908.0,5.4,,41.5,,66.7,,151.2,159.9,67.37,68.755,,123.9,673.5177,1033632.09,5.98,57.6,3489.9,84.3123
1995-04-01,71.1882,69.046,,7912.6,9214.181,128663.0,1267.0,1259.0,117066.0,5.8,,40.9,,66.9,,151.8,160.4,67.547,68.915,,124.6,677.4769,1043695.17,6.05,58.9,3498.2,83.8748
1995-05-01,71.5378,69.297,,7912.5,9221.249,130217.0,1314.0,1271.0,117046.0,5.6,,41.2,,66.5,,152.1,160.7,67.651,69.032,,124.9,686.0978,1057470.83,6.01,56.7,3525.1,83.9876
1995-06-01,71.7749,69.6232,,7948.3,9255.248,131485.0,1281.0,1305.0,117291.0,5.6,,41.2,,66.5,,152.4,161.1,67.717,69.092,,125.3,690.4851,1069377.91,6.0,57.0,3549.4,83.9584
1995-07-01,71.4748,69.1664,,7974.2,9286.334,130478.0,1461.0,1354.0,117382.0,5.7,,41.1,,66.6,,152.6,161.4,67.802,69.201,,125.3,698.6354,1077737.0,5.85,57.4,3567.5,83.2944
1995-08-01,72.4223,70.0144,,7989.2,9299.788,131509.0,1416.0,1386.0,117646.0,5.7,,41.2,,66.6,,152.9,161.8,67.948,69.367,,125.1,703.1093,1089602.05,5.74,56.8,3588.9,84.0724
1995-09-01,72.7144,70.6607,,8026.4,9335.583,131507.0,1369.0,1421.0,117873.0,5.6,,41.3,,66.6,,153.1,162.2,67.995,69.458,,125.2,706.2019,1106612.68,5.8,57.2,3602.9,84.0747
1995-10-01,72.5866,70.6002,,8050.8,9349.228,130682.0,1369.0,1400.0,118026.0,5.5,,41.2,,66.6,,153.5,162.7,68.171,69.627,,125.3,706.4285,1113528.51,5.76,56.4,3614.1,83.58
1995-11-01,72.7779,70.6915,,8085.1,9379.567,132430.0,1452.0,1430.0,118165.0,5.6,,41.3,,66.5,,153.7,163.0,68.169,69.672,,125.4,712.6711,1132160.17,5.8,56.4,3620.4,83.4429
1995-12-01,73.0305,70.9803,,8094.0,9396.526,132574.0,1431.0,1442.0,118325.0,5.6,,40.9,,66.4,,153.9,163.1,68.3,69.77,,125.7,715.0175,1140744.36,5.6,57.9,3629.8,83.3654
1996-01-01,72.6125,70.5022,,8102.2,9428.309,131734.0,1467.0,1387.0,118317.0,5.6,,39.7,,66.4,,154.7,163.7,68.452,69.849,,126.3,721.7153,1153270.3,5.56,56.9,3647.4,82.5158
1996-02-01,73.6752,71.5683,,8172.2,9506.777,133468.0,1491.0,1420.0,118738.0,5.5,,41.3,,66.6,,155.0,164.0,68.56,69.94,,126.2,723.9843,1163093.78,5.22,53.8,3660.8,83.3451
1996-03-01,73.585,71.4049,,8196.0,9539.993,133537.0,1424.0,1437.0,118992.0,5.5,,41.1,,66.6,,155.5,164.4,68.767,70.102,,126.4,727.2134,1171684.26,5.31,54.9,3685.4,82.8594
1996-04-01,74.3172,72.2982,,8210.4,9565.104,134077.0,1516.0,1463.0,119158.0,5.6,,41.1,,66.7,,156.1,164.6,68.973,70.197,,127.4,732.0218,1180903.1,5.22,55.9,3696.4,83.2941
1996-05-01,74.8726,72.8796,,8251.9,9606.394,135011.0,1504.0,1457.0,119497.0,5.6,,41.4,,66.7,,156.4,165.0,69.092,70.319,,128.1,736.2525,1191113.69,5.24,53.2,3710.7,83.5236
1996-06-01,75.4433,73.6208,,8312.8,9670.238,133678.0,1467.0,1429.0,119770.0,5.3,,41.5,,66.7,,156.7,165.4,69.091,70.373,,128.0,741.3659,1200950.02,5.27,53.7,3723.3,83.7665
1996-07-01,75.4549,73.961,,8303.0,9650.331,134285.0,1472.0,1450.0,120019.0,5.5,,41.4,,66.9,,157.0,165.7,69.237,70.505,,128.0,745.1747,1211897.36,5.4,52.9,3737.5,83.3918
1996-08-01,75.8411,74.2842,,8338.0,9681.266,134126.0,1557.0,1413.0,120198.0,5.1,,41.5,,66.7,,157.2,166.0,69.303,70.566,,128.3,748.1603,1220503.0,5.22,51.7,3744.1,83.4315
1996-09-01,76.3158,74.9047,,8369.8,9708.672,135214.0,1475.0,1392.0,120400.0,5.2,,41.6,,66.9,,157.7,166.5,69.499,70.78,,128.2,758.7829,1225271.76,5.3,51.0,3754.2,83.564
1996-10-01,76.3384,74.8284,,8375.9,9710.076,136236.0,1392.0,1358.0,120665.0,5.2,,41.4,,67.0,,158.2,166.8,69.709,70.948,,128.0,766.2759,1231336.1,5.24,49.6,3773.4,83.1973
1996-11-01,77.0397,75.5168,,8405.9,9741.024,135581.0,1489.0,1412.0,120947.0,5.4,,41.5,,67.0,,158.7,167.2,69.833,71.041,,128.2,772.092,1242421.91,5.31,49.7,3795.5,83.5622
1996-12-01,77.5333,76.1583,,8442.0,9778.588,135569.0,1370.0,1411.0,121143.0,5.4,,41.7,,67.0,,159.1,167.4,69.914,71.068,,129.1,778.4607,1253437.09,5.29,51.2,3818.7,83.6933
1997-01-01,77.6562,76.2223,,8477.0,9834.79,136841.0,1355.0,1382.0,121356.0,5.3,,41.4,,67.0,,159.4,167.8,70.005,71.144,,129.7,782.1951,1258365.28,5.25,50.6,3834.0,83.4262
1997-02-01,78.5833,77.2811,,8516.0,9865.668,137500.0,1486.0,1445.0,121673.0,5.2,,41.6,,66.9,,159.7,168.1,70.151,71.29,,128.5,788.966,1261850.81,5.19,48.1,3845.0,84.0084
1997-03-01,79.082,78.0738,,8555.7,9912.112,138416.0,1457.0,1436.0,121991.0,5.2,,41.8,,67.1,,159.8,168.4,70.225,71.46,,127.3,795.4093,1264146.34,5.39,47.6,3859.5,84.12
1997-04-01,79.1747,78.0002,,8568.6,9919.423,136288.0,1492.0,1421.0,122289.0,5.1,,41.8,,67.1,,159.9,168.9,70.294,71.6,,127.0,803.8393,1274087.38,5.51,47.9,3875.8,83.7916
1997-05-01,79.6133,78.5584,,8614.9,9964.583,136192.0,1442.0,1414.0,122560.0,4.9,,41.7,,67.1,,159.9,169.2,70.262,71.652,,127.4,809.0377,1278678.42,5.5,46.0,3890.5,83.8144
1997-06-01,79.9792,79.0444,,8648.6,10000.824,137474.0,1494.0,1402.0,122816.0,5.0,,41.6,,67.1,,160.2,169.4,70.352,71.758,,127.2,813.4148,1282858.52,5.56,46.6,3907.1,83.7402
1997-07-01,80.6624,79.6318,,8692.3,10045.882,139018.0,1437.0,1440.0,123114.0,4.9,,41.6,,67.2,,160.4,169.7,70.394,71.807,,126.9,816.6908,1288782.03,5.52,46.4,3924.9,83.978
1997-08-01,81.4694,80.6503,,8748.6,10105.556,138756.0,1390.0,1449.0,123087.0,4.8,,41.7,,67.2,,160.8,169.8,70.45,71.778,,127.2,822.8744,1294219.24,5.54,46.7,3957.7,84.3178
1997-09-01,82.2156,81.3632,,8778.2,10136.11,139274.0,1546.0,1494.0,123575.0,4.9,,41.7,,67.1,,161.2,170.2,70.62,71.927,,127.5,830.273,1301634.97,5.54,46.1,3973.7,84.5693
1997-10-01,82.9446,82.0873,,8831.7,10189.34,138885.0,1520.0,1499.0,123924.0,4.7,,41.8,,67.1,,161.5,170.6,70.712,72.036,,127.8,834.433,1309389.39,5.5,45.6,3992.7,84.7793
1997-11-01,83.5978,82.9456,,8902.2,10262.137,138354.0,1510.0,1469.0,124225.0,4.6,,41.8,,67.2,,161.7,170.8,70.716,72.058,,127.9,839.8801,1312457.18,5.52,46.5,4015.0,84.8918
1997-12-01,83.9538,83.3826,,8957.7,10325.103,139206.0,1566.0,1456.0,124549.0,4.7,,42.0,,67.2,,161.8,171.2,70.701,72.1,,126.8,844.8222,1324757.33,5.5,47.9,4033.0,84.692
1998-01-01,84.3218,84.0707,,9045.0,10417.404,139478.0,1525.0,1555.0,124806.0,4.6,,41.9,,67.1,,162.0,171.6,70.736,72.21,,125.4,855.3303,1320044.02,5.56,47.5,4055.2,84.4984
1998-02-01,84.4583,84.168,,9112.6,10490.223,139349.0,1584.0,1647.0,125017.0,4.6,,41.7,,67.1,,162.0,171.9,70.699,72.272,,125.0,862.1213,1324342.72,5.51,45.2,4087.3,84.074
1998-03-01,84.488,83.991,,9171.8,10555.838,140055.0,1567.0,1605.0,125165.0,4.7,,41.5,,67.1,,162.0,172.2,70.71,72.349,,124.7,865.8356,1332903.44,5.49,45.6,4112.4,83.5488
1998-04-01,84.7779,84.3584,,9212.6,10595.962,142052.0,1540.0,1547.0,125445.0,4.3,,41.2,,67.0,,162.2,172.5,70.798,72.482,,124.9,864.3235,1360456.29,5.45,46.6,4138.9,83.2923
1998-05-01,85.3367,84.8302,,9262.9,10645.347,142063.0,1536.0,1554.0,125845.0,4.4,,41.5,,67.0,,162.6,172.9,70.895,72.552,,125.1,875.708,1363080.86,5.49,45.0,4165.9,83.3136
1998-06-01,84.8248,84.1497,,9319.7,10707.166,143248.0,1641.0,1551.0,126076.0,4.5,,41.4,,67.0,,162.8,173.2,70.835,72.461,,124.8,891.1593,1373942.33,5.56,45.1,4185.6,82.3151
1998-07-01,84.4986,83.7241,,9343.9,10726.5,141882.0,1698.0,1610.0,126212.0,4.5,,41.4,,67.0,,163.2,173.5,71.01,72.665,,124.9,897.8425,1380720.85,5.54,44.6,4205.4,81.5396
1998-08-01,86.248,85.892,,9384.0,10767.064,140632.0,1614.0,1654.0,126546.0,4.5,,41.4,,67.0,,163.4,174.0,71.108,72.807,,124.2,904.3136,1386666.45,5.55,44.7,4229.3,82.7869
1998-09-01,86.2021,85.8553,,9414.7,10803.967,142084.0,1582.0,1577.0,126744.0,4.6,,41.3,,67.2,,163.5,174.2,71.067,72.795,,123.8,912.7704,1397289.73,5.51,44.2,4268.3,82.3253
1998-10-01,86.7914,86.5964,,9433.7,10823.508,144096.0,1715.0,1719.0,126949.0,4.5,,41.4,,67.2,,163.9,174.4,71.223,72.937,,124.0,932.0755,1405396.66,5.07,44.1,4308.2,82.4879
1998-11-01,86.7256,86.7248,,9478.1,10874.887,144785.0,1660.0,1672.0,127222.0,4.4,,41.4,,67.1,,164.1,174.8,71.226,72.95,,123.6,942.2154,1408442.69,4.83,44.1,4346.8,82.0403
1998-12-01,87.1185,87.2805,,9497.8,10900.473,146071.0,1792.0,1742.0,127595.0,4.4,,41.5,,67.2,,164.4,175.4,71.298,73.076,,122.8,938.8065,1420996.44,4.68,45.2,4375.5,82.0415
1999-01-01,87.4949,87.5491,,9526.4,10942.984,145883.0,1748.0,1732.0,127699.0,4.3,,41.3,,67.2,,164.7,175.6,71.398,73.18,,122.9,937.4252,1431236.93,4.63,46.8,4401.7,82.0391
1999-02-01,88.027,88.3909,,9569.7,10988.184,147751.0,1670.0,1720.0,128117.0,4.4,,41.4,,67.2,,164.7,175.6,71.358,73.155,,122.3,935.6486,1441314.59,4.76,45.5,4423.7,82.1916
1999-03-01,88.2267,88.3778,,9574.7,11000.779,148475.0,1710.0,1665.0,128234.0,4.2,,41.3,,67.0,,164.8,175.7,71.412,73.177,,122.6,944.2711,1450878.82,4.81,43.2,4430.1,82.0452
1999-04-01,88.4295,88.73,,9556.6,10969.064,148661.0,1553.0,1600.0,128595.0,4.3,,41.3,,67.1,,165.9,176.3,71.757,73.365,,123.6,947.1966,1457670.57,4.74,43.6,4459.9,81.9153
1999-05-01,88.9886,89.4805,,9577.7,10994.059,149619.0,1611.0,1640.0,128813.0,4.2,,41.4,,67.1,,166.0,176.5,71.804,73.435,,124.7,942.122,1468146.61,4.74,44.8,4487.9,82.124
1999-06-01,88.9188,89.2617,,9612.4,11033.786,150198.0,1559.0,1702.0,129084.0,4.3,,41.3,,67.1,,166.0,176.6,71.826,73.474,,125.2,949.8075,1479315.32,4.76,42.3,4510.1,81.7593
1999-07-01,89.4333,89.6732,,9639.2,11061.061,150728.0,1669.0,1682.0,129422.0,4.3,,41.4,,67.1,,166.7,177.1,72.017,73.606,,125.7,958.63,1492377.6,4.99,41.6,4537.6,81.9405
1999-08-01,89.7924,90.1159,,9681.7,11111.719,151911.0,1648.0,1671.0,129572.0,4.2,,41.5,,67.0,,167.1,177.3,72.148,73.642,,126.9,969.345,1503226.61,5.07,41.7,4553.6,81.9786
1999-09-01,89.4299,89.7044,,9676.6,11105.537,151984.0,1635.0,1551.0,129771.0,4.2,,41.4,,67.0,,167.8,177.8,72.407,73.837,,128.0,975.5802,1511059.26,5.22,41.3,4569.5,81.3642
1999-10-01,90.523,91.0029,,9739.5,11171.257,151586.0,1608.0,1649.0,130178.0,4.1,,41.4,,67.0,,168.1,178.1,72.529,73.963,,127.7,979.0619,1517281.83,5.2,40.7,4592.9,82.0771
1999-11-01,90.9618,91.5645,,9816.9,11247.83,153286.0,1648.0,1672.0,130466.0,4.1,,41.4,,67.1,,168.4,178.4,72.594,74.034,,128.3,1000.2776,1525334.42,5.42,41.0,4611.9,82.198
1999-12-01,91.6634,92.1967,,9904.0,11339.82,155990.0,1708.0,1683.0,130783.0,4.0,,41.4,,67.1,,168.8,178.7,72.763,74.128,,127.8,1000.6452,1531105.96,5.3,41.7,4639.1,82.5592
2000-01-01,91.538,92.2097,,10000.3,11441.669,154486.0,1636.0,1727.0,131011.0,4.0,,41.5,,67.3,,169.3,179.3,72.961,74.306,,128.3,1003.1709,1538520.18,5.45,44.2,4666.1,82.179
2000-02-01,91.8239,92.4168,,10045.9,11488.814,156286.0,1737.0,1692.0,131120.0,4.1,,41.5,,67.3,,170.0,179.4,73.191,74.415,,129.8,1016.2768,1549185.29,5.73,42.1,4678.7,82.1719
2000-03-01,92.1504,93.0135,,10078.6,11520.777,157321.0,1604.0,1651.0,131604.0,4.0,,41.4,,67.3,,171.0,180.0,73.505,74.568,,130.8,1026.2668,1561450.69,5.85,39.7,4709.1,82.2023
2000-04-01,92.6989,93.5958,,10127.6,11582.719,154516.0,1626.0,1597.0,131884.0,3.8,,41.6,,67.3,,170.9,180.3,73.444,74.617,,130.7,1035.2102,1570527.74,6.02,40.6,4766.4,82.4316
2000-05-01,92.9499,93.6194,,10135.7,11624.34,155369.0,1575.0,1543.0,132105.0,4.0,,41.2,,67.1,,171.2,180.7,73.505,74.697,,131.6,1051.816,1583507.92,6.27,41.6,4757.5,82.3967
2000-06-01,92.9862,93.7348,,10184.3,11657.461,155488.0,1559.0,1572.0,132063.0,4.0,,41.3,,67.1,,172.2,181.1,73.754,74.754,,133.8,1062.767,1609548.04,6.53,39.4,4775.8,82.1729
2000-07-01,92.8048,93.8178,,10244.3,11719.57,153841.0,1463.0,1542.0,132228.0,4.0,,41.5,,66.9,,172.7,181.5,73.939,74.925,,133.7,1068.6367,1629751.44,6.54,39.9,4793.4,81.7603
2000-08-01,92.5521,93.2292,,10298.3,11783.694,154537.0,1541.0,1552.0,132234.0,4.1,,41.1,,66.9,,172.7,181.9,73.934,75.021,,132.9,1071.807,1651615.4,6.5,39.5,4820.4,81.2857
2000-09-01,92.9792,93.725,,10308.4,11794.536,155831.0,1507.0,1570.0,132337.0,3.9,,41.1,,66.9,,173.6,182.3,74.252,75.203,,134.7,1073.2764,1669000.81,6.52,39.2,4855.9,81.4061
2000-10-01,92.6179,93.4177,,10337.7,11824.829,155457.0,1549.0,1577.0,132352.0,3.9,,41.1,,66.8,,173.9,182.6,74.353,75.308,,135.4,1078.7956,1684599.32,6.51,38.8,4871.4,80.8334
2000-11-01,92.6438,93.1847,,10350.5,11832.213,154334.0,1551.0,1614.0,132556.0,3.9,,41.1,,66.9,,174.2,183.1,74.457,75.441,,135.0,1080.5356,1700944.54,6.51,38.7,4882.6,80.5963
2000-12-01,92.3415,92.6399,,10354.8,11859.86,153687.0,1532.0,1543.0,132716.0,3.9,,40.3,5088.0,67.0,,174.6,183.3,74.571,75.515,,136.2,1084.9217,1716969.72,6.4,38.4,4927.3,80.0735
2001-01-01,91.902,92.3203,,10400.3,11932.006,155399.0,1600.0,1699.0,132703.0,4.2,,40.7,5234.0,67.2,,175.6,183.9,74.932,75.796,,140.0,1093.6274,1729851.68,5.98,39.6,4976.8,79.4332
2001-02-01,91.3034,91.8104,,10421.6,11960.086,154902.0,1625.0,1656.0,132788.0,4.2,,40.5,5097.0,67.1,,176.0,184.4,75.048,75.93,,137.4,1093.8929,1748702.02,5.49,39.1,5014.9,78.6604
2001-03-01,91.1162,91.6592,,10452.6,12003.752,153220.0,1590.0,1659.0,132751.0,4.3,,40.5,4762.0,67.2,,176.1,184.7,75.055,76.009,,135.9,1092.216,1760541.84,5.31,37.6,5072.2,78.2472
2001-04-01,90.7891,91.2613,,10410.4,11981.996,155561.0,1649.0,1666.0,132458.0,4.4,,40.4,4615.0,66.9,,176.4,185.1,75.187,76.13,,136.4,1089.279,1773098.33,4.8,38.6,5137.9,77.7206
2001-05-01,90.3555,90.7213,,10376.7,11953.393,155538.0,1605.0,1665.0,132408.0,4.3,,40.4,4425.0,66.7,,177.3,185.3,75.385,76.148,,136.8,1083.9721,1781177.46,4.21,39.4,5139.1,77.1128
2001-06-01,89.8784,90.168,,10362.4,11940.34,154459.0,1636.0,1626.0,132300.0,4.5,,40.3,4361.0,66.7,,177.7,186.0,75.518,76.318,,135.5,1071.93,1792368.09,3.97,38.1,5182.3,76.4807
2001-07-01,89.3028,89.6173,,10360.8,11940.991,153945.0,1670.0,1598.0,132172.0,4.6,,40.6,4447.0,66.8,,177.4,186.4,75.493,76.515,,133.4,1063.9476,1797350.57,3.77,39.3,5212.0,75.7806
2001-08-01,89.2003,89.297,,10353.3,11924.877,155388.0,1567.0,1615.0,132021.0,4.9,,40.3,4024.0,66.5,,177.4,186.7,75.484,76.553,,133.4,1055.8723,1806359.04,3.65,39.7,5244.4,75.4938
2001-09-01,88.7485,88.9392,,10339.7,11930.997,150843.0,1562.0,1565.0,131763.0,5.0,,40.2,4071.0,66.8,,178.1,187.1,75.227,76.118,,133.3,1059.4897,1814252.38,3.07,57.6,5355.9,74.9237
2001-10-01,88.5052,88.558,,10281.1,11904.934,162518.0,1540.0,1566.0,131452.0,5.3,,40.1,3707.0,66.7,,177.6,187.4,75.492,76.654,,130.3,1045.2292,1829840.26,2.49,44.6,5344.0,74.5431
2001-11-01,87.97,88.2521,,10274.1,11910.073,157765.0,1602.0,1651.0,131144.0,5.5,,40.0,3775.0,66.7,,177.5,188.1,75.441,76.81,,129.8,1034.1794,1857842.79,2.09,40.1,5387.5,73.9318
2001-12-01,87.9324,88.4161,,10277.7,11929.854,155751.0,1568.0,1680.0,130983.0,5.7,,40.2,3677.0,66.7,,177.4,188.4,75.363,76.828,,128.1,1021.584,1867852.87,1.82,41.1,5440.1,73.7552
2002-01-01,88.5176,89.0258,,10282.4,11952.127,155957.0,1698.0,1665.0,130859.0,5.7,,40.2,3699.0,66.5,,177.7,188.7,75.431,76.871,,128.5,1011.7805,1867418.69,1.73,43.7,5459.6,74.1161
2002-02-01,88.5278,89.0692,,10284.8,11953.58,156668.0,1829.0,1787.0,130737.0,5.7,,40.2,3436.0,66.8,,178.0,189.1,75.558,77.018,,128.4,1016.4602,1881905.37,1.74,42.5,5488.4,74.0132
2002-03-01,89.1686,89.7358,,10284.1,11946.054,155787.0,1642.0,1691.0,130722.0,5.7,,40.5,3612.0,66.6,,178.5,189.2,75.763,77.11,,129.8,1012.0609,1894690.33,1.73,40.3,5499.8,74.4558
2002-04-01,89.604,90.044,,10280.0,11960.946,156803.0,1592.0,1669.0,130616.0,5.9,,40.6,3471.0,66.7,,179.3,189.7,76.08,77.325,,130.8,1000.4763,1903957.99,1.75,40.9,5501.3,74.7452
2002-05-01,89.964,90.5176,,10307.9,11993.987,155413.0,1764.0,1716.0,130632.0,5.8,,40.6,3457.0,66.7,,179.5,190.0,76.13,77.411,,130.8,990.7745,1914613.99,1.75,40.3,5530.1,74.9894
2002-06-01,90.7061,91.4436,,10339.8,12023.36,156139.0,1717.0,1758.0,130674.0,5.8,,40.7,3412.0,66.6,,179.6,190.2,76.225,77.534,,130.9,983.9135,1927180.98,1.75,38.6,5555.3,75.569
2002-07-01,90.6769,91.3272,,10302.9,11987.388,157867.0,1655.0,1738.0,130584.0,5.8,,40.4,3367.0,66.5,,180.0,190.5,76.393,77.692,,131.2,976.6361,1939211.4,1.73,39.4,5597.6,75.5228
2002-08-01,90.5762,91.4182,,10300.4,11987.158,158384.0,1633.0,1695.0,130581.0,5.7,,40.5,3517.0,66.6,,180.5,191.1,76.543,77.845,,131.5,972.4398,1947500.09,1.74,39.8,5638.5,75.4317
2002-09-01,90.6531,91.4934,,10302.1,11994.021,155456.0,1804.0,1803.0,130502.0,5.7,,40.5,3301.0,66.7,,180.8,191.3,76.681,77.972,,132.3,966.4096,1950651.39,1.75,38.9,5662.9,75.4995
2002-10-01,90.4643,91.2516,,10322.1,12014.38,156148.0,1648.0,1799.0,130617.0,5.7,,40.3,3479.0,66.6,,181.2,191.5,76.821,78.038,,133.2,963.2747,1957151.3,1.75,38.7,5707.3,75.3553
2002-11-01,90.9711,91.7517,,10344.9,12040.567,156148.0,1753.0,1771.0,130616.0,5.9,,40.4,3514.0,66.4,,181.5,191.9,76.897,78.114,,133.1,960.763,1965179.13,1.34,39.2,5758.0,75.8001
2002-12-01,90.4652,91.1153,,10360.2,12067.267,157671.0,1788.0,1896.0,130465.0,6.0,,40.5,3169.0,66.3,,181.8,192.1,76.971,78.187,,132.9,957.7635,1972112.21,1.24,40.3,5779.0,75.4073
2003-01-01,91.2361,91.9301,,10324.3,12033.66,158082.0,1853.0,1808.0,130573.0,5.8,,40.3,3441.0,66.4,,182.6,192.4,77.201,78.24,,135.3,950.111,1982561.31,1.24,42.9,5811.1,76.0829
2003-02-01,91.3445,91.8197,,10285.2,11991.075,155063.0,1629.0,1854.0,130441.0,5.9,,40.3,3229.0,66.4,,183.6,192.5,77.526,78.348,,137.6,941.2787,1993405.69,1.26,41.9,5846.8,76.2008
2003-03-01,91.1044,91.9555,,10298.6,12008.784,156703.0,1726.0,1757.0,130235.0,5.9,,40.4,3099.0,66.3,,183.9,192.5,77.725,78.474,,141.2,937.7301,2001208.15,1.25,40.6,5866.3,76.0272
2003-04-01,90.5617,91.3398,,10341.0,12058.25,157780.0,1643.0,1803.0,130173.0,6.0,,40.1,3108.0,66.4,,183.2,192.5,77.593,78.561,,136.8,935.3236,2014099.78,1.26,41.2,5904.9,75.6028
2003-05-01,90.537,91.396,,10417.3,12147.017,158348.0,1751.0,1835.0,130197.0,6.1,,40.2,3289.0,66.4,,182.9,192.9,77.504,78.674,,136.7,923.8687,2027502.51,1.26,41.8,5967.0,75.6099
2003-06-01,90.6527,91.8251,,10450.0,12186.558,160388.0,1867.0,1875.0,130186.0,6.3,,40.3,3390.0,66.5,,183.1,193.0,77.588,78.718,,138.0,917.2198,2033268.41,1.22,42.0,6003.9,75.7311
2003-07-01,91.1185,92.1799,,10457.1,12197.554,161245.0,1897.0,1885.0,130184.0,6.2,,40.1,2981.0,66.2,,183.7,193.4,77.816,78.915,,137.7,921.4803,2040064.39,1.01,43.6,6050.4,76.1369
2003-08-01,90.9197,91.8284,,10473.1,12216.821,162380.0,1833.0,1966.0,130153.0,6.1,,40.2,3190.0,66.1,,184.5,193.6,78.079,79.004,,138.0,909.6294,2049124.34,1.03,46.1,6107.0,75.9832
2003-09-01,91.5059,92.6407,,10491.3,12234.634,161492.0,1939.0,1961.0,130252.0,6.1,,40.5,3091.0,66.1,,185.1,193.7,78.323,79.114,,138.5,899.9574,2057090.79,1.01,44.4,6080.0,76.483
2003-10-01,91.6186,92.7097,,10547.7,12281.469,161279.0,1967.0,2012.0,130439.0,6.0,,40.6,3305.0,66.1,,184.9,194.0,78.333,79.26,,139.3,887.2289,2065495.1,1.01,43.1,6070.2,76.5884
2003-11-01,92.2329,93.5573,,10621.1,12352.377,161856.0,2083.0,1918.0,130480.0,5.8,,40.9,3324.0,66.1,,185.0,194.0,78.432,79.368,,138.9,882.0582,2066400.09,1.0,42.6,6075.5,77.1135
2003-12-01,92.2602,93.4535,,10611.8,12356.981,162104.0,2057.0,1987.0,130589.0,5.7,,40.7,3414.0,65.9,,185.5,194.2,78.605,79.467,,139.5,883.6407,2077360.69,0.98,43.0,6073.5,77.1489
2004-01-01,92.4006,93.362,,10578.0,12332.995,162100.0,1911.0,1952.0,130756.0,5.7,,40.9,3424.0,66.1,,186.3,194.6,78.909,79.671,,141.4,876.2056,2088243.04,1.0,45.5,6081.3,77.2806
2004-02-01,92.958,94.046,,10580.1,12349.224,162783.0,1846.0,1966.0,130821.0,5.6,,41.0,3532.0,66.0,,186.7,194.9,79.077,79.8,,142.1,874.2704,2095340.36,1.01,43.9,6120.7,77.7639
2004-03-01,92.5861,93.9999,,10619.2,12393.884,165404.0,1998.0,2066.0,131140.0,5.8,,40.9,3525.0,66.0,,187.1,195.5,79.199,79.934,,143.1,869.4781,2109720.32,1.0,44.2,6156.3,77.4721
2004-04-01,92.93,94.2717,,10655.2,12433.863,164012.0,2003.0,2070.0,131412.0,5.6,,40.7,3511.0,65.9,,187.4,195.9,79.346,80.142,,144.8,864.7031,2112716.15,1.0,46.1,6198.5,77.7807
2004-05-01,93.6013,94.9474,,10720.8,12499.431,165296.0,1981.0,2150.0,131697.0,5.6,,41.1,3710.0,66.0,,188.2,196.2,79.604,80.252,,146.8,862.6597,2120839.15,1.0,46.3,6277.2,78.3623
2004-06-01,92.871,94.2172,,10734.6,12511.921,163646.0,1828.0,2020.0,131794.0,5.6,,40.8,3337.0,66.1,,188.9,196.6,79.831,80.379,,147.2,869.0072,2127989.41,1.03,45.7,6279.3,77.7669
2004-07-01,93.5649,95.0506,,10788.8,12556.147,164823.0,2002.0,2112.0,131854.0,5.5,,40.8,3814.0,66.1,,189.1,196.8,79.905,80.474,,147.4,878.2262,2137092.98,1.26,46.8,6292.3,78.3594
2004-08-01,93.6277,95.4605,,10816.8,12606.222,164478.0,2024.0,2056.0,131939.0,5.4,,40.8,3541.0,66.0,,189.2,196.9,79.946,80.505,,148.0,882.9512,2143435.12,1.43,45.8,6317.7,78.4167
2004-09-01,93.7467,95.5578,,10834.4,12621.706,167253.0,1905.0,2041.0,132089.0,5.4,,40.7,3821.0,65.8,,189.8,197.5,80.104,80.656,,147.7,886.8199,2160148.3,1.61,46.5,6352.3,78.5109
2004-10-01,94.5465,96.5274,,10842.5,12628.422,166916.0,2072.0,2097.0,132429.0,5.5,,40.6,3943.0,65.9,,190.8,197.9,80.448,80.831,,150.0,889.5493,2176719.34,1.76,45.7,6379.9,79.1635
2004-11-01,94.7813,96.5183,,10809.0,12595.005,167199.0,1782.0,2079.0,132503.0,5.4,,40.5,3472.0,66.0,,191.7,198.3,80.758,81.005,,151.4,897.9123,2183746.35,1.93,45.6,6406.3,79.3296
2004-12-01,95.5365,97.33,,11216.7,13020.595,169365.0,2042.0,2082.0,132630.0,5.4,,40.6,4074.0,65.9,,191.7,198.6,80.801,81.109,,150.2,906.4778,2192246.17,2.16,46.8,6424.3,79.9179
2005-01-01,95.8801,97.9499,,10842.0,12665.162,167678.0,2144.0,2139.0,132781.0,5.3,,40.7,3804.0,65.8,,191.6,199.0,80.907,81.401,,150.9,921.2664,2196777.63,2.28,50.4,6429.9,80.1494
2005-02-01,96.5761,98.8565,,10836.7,12674.095,169079.0,2207.0,2114.0,133034.0,5.4,,40.7,3965.0,65.9,,192.4,199.4,81.132,81.536,,151.6,931.5659,2211558.71,2.5,46.6,6437.7,80.6584
2005-03-01,96.4456,98.3855,,10877.8,12716.359,168917.0,1864.0,2062.0,133154.0,5.2,,40.4,4044.0,65.9,,193.1,200.1,81.375,81.737,,153.7,945.7984,2220199.19,2.63,45.9,6446.6,80.4638
2005-04-01,96.6532,98.811,,10909.6,12759.492,169914.0,2061.0,2150.0,133520.0,5.2,,40.4,4159.0,66.1,,193.7,200.2,81.603,81.831,,155.0,958.728,2232535.38,2.79,46.5,6461.4,80.5421
2005-05-01,96.7402,99.0631,,10963.9,12815.998,169025.0,2025.0,2085.0,133689.0,5.1,,40.4,3797.0,66.1,,193.6,200.5,81.649,81.999,,154.3,968.5401,2232671.52,3.0,46.3,6480.6,80.5094
2005-06-01,97.1753,99.3453,,10996.5,12849.466,174093.0,2068.0,2178.0,133948.0,5.0,,40.4,4062.0,66.1,,193.7,200.6,81.7,82.056,,154.3,974.9109,2247833.43,3.04,46.0,6513.2,80.7567
2005-07-01,96.8676,98.995,,11029.5,12868.735,174207.0,2054.0,2203.0,134300.0,5.0,,40.5,4256.0,66.1,,194.9,200.9,82.046,82.176,,156.3,989.8863,2257230.94,3.26,47.1,6545.1,80.3802
2005-08-01,97.1833,99.5311,,11028.8,12891.416,171140.0,2095.0,2219.0,134502.0,4.9,,40.5,4142.0,66.2,,196.1,201.1,82.377,82.243,,157.6,995.7735,2267044.88,3.5,45.5,6576.7,80.5172
2005-09-01,95.3005,98.3893,,10998.5,12850.144,169316.0,2151.0,2263.0,134552.0,5.0,,40.7,4352.0,66.1,,198.8,201.3,83.172,82.425,,162.2,1000.9306,2271633.28,3.62,46.1,6610.2,78.8319
2005-10-01,96.4572,99.8738,,11081.4,12925.11,169138.0,2065.0,2170.0,134641.0,5.0,,41.0,4184.0,66.1,,199.1,202.0,83.305,82.662,,166.2,1014.7027,2276843.14,3.78,44.8,6644.0,79.6607
2005-11-01,97.5414,100.8416,,11158.5,13010.071,171489.0,2147.0,2218.0,134997.0,5.0,,40.9,4248.0,66.0,,198.1,202.5,83.131,82.873,,163.7,1022.945,2283661.27,4.0,44.7,6660.6,80.426
2005-12-01,98.0452,100.9959,,11206.7,13055.374,171577.0,1994.0,2120.0,135159.0,4.9,,40.8,4282.0,66.0,,198.1,202.8,83.131,82.959,,163.0,1036.2261,2290928.13,4.16,45.4,6687.4,80.7109
2006-01-01,98.1999,101.7914,,11309.9,13214.527,175446.0,2273.0,2212.0,135427.0,4.7,,41.0,4397.0,66.0,,199.3,203.2,83.534,83.145,,164.3,1048.5948,2367471.08,4.29,47.1,6728.4,80.7078
2006-02-01,98.2413,101.5006,,11389.7,13283.182,174033.0,2119.0,2141.0,135733.0,4.8,,41.0,4325.0,66.1,,199.4,203.6,83.584,83.279,,161.8,1058.1951,2374977.32,4.49,44.6,6753.1,80.6111
2006-03-01,98.4628,101.4364,,11441.6,13340.072,174440.0,1969.0,2118.0,136038.0,4.7,34.2,41.1,4732.0,66.2,20.04,199.7,204.3,83.746,83.509,,162.2,1068.505,2385807.89,4.59,42.7,6766.9,80.6609
2006-04-01,98.7618,101.8079,,11453.9,13347.045,174426.0,1821.0,1998.0,136210.0,4.7,34.3,41.2,4790.0,66.1,20.17,200.7,204.8,84.135,83.764,,164.3,1085.0964,2397680.6,4.79,44.7,6806.3,80.7713
2006-05-01,98.7869,101.5902,,11437.1,13336.874,173318.0,1942.0,1905.0,136249.0,4.6,34.3,41.2,4463.0,66.1,20.13,201.3,205.4,84.361,83.974,,165.8,1103.1805,2407161.45,4.94,45.5,6815.7,80.6521
2006-06-01,99.0997,101.9267,,11447.3,13353.303,173833.0,1802.0,1867.0,136337.0,4.6,34.4,41.2,4614.0,66.2,20.22,201.8,205.9,84.569,84.186,,166.1,1118.6426,2395813.18,4.99,45.1,6854.0,80.7601
2006-07-01,99.0489,101.6573,,11430.6,13342.387,173443.0,1737.0,1763.0,136529.0,4.7,34.3,41.4,4394.0,66.1,20.29,202.9,206.3,84.858,84.268,,166.8,1131.0298,2403099.25,5.24,44.9,6896.1,80.5643
2006-08-01,99.4836,102.4705,,11414.5,13329.621,173349.0,1650.0,1722.0,136692.0,4.7,34.3,41.1,4710.0,66.2,20.32,203.8,206.8,85.125,84.44,,167.9,1152.1478,2415732.03,5.25,42.7,6926.4,80.754
2006-09-01,99.3183,102.5967,,11486.6,13408.301,173195.0,1720.0,1655.0,136826.0,4.5,34.4,41.1,4737.0,66.1,20.4,202.8,207.2,84.902,84.573,,165.4,1151.161,2426813.23,5.25,42.6,6952.8,80.4492
2006-10-01,99.2044,102.1083,,11562.6,13479.95,173866.0,1491.0,1570.0,136843.0,4.4,34.3,41.1,4591.0,66.2,20.42,201.9,207.6,84.702,84.726,,162.2,1161.5644,2429399.86,5.25,41.7,7002.1,80.1804
2006-11-01,99.1627,102.2234,,11624.9,13547.935,174315.0,1570.0,1535.0,137060.0,4.5,34.3,41.0,4645.0,66.3,20.49,202.0,207.8,84.731,84.766,,164.6,1170.3828,2440749.07,5.25,42.1,7037.3,79.9663
2006-12-01,100.1735,103.7877,,11683.5,13627.346,175464.0,1649.0,1638.0,137249.0,4.4,34.5,41.1,4620.0,66.4,20.58,203.1,208.1,85.032,84.88,,165.6,1182.6503,2456715.7,5.24,43.3,7079.3,80.5985
2007-01-01,99.8346,103.433,11181.0,11666.7,13651.743,174891.0,1409.0,1626.0,137472.0,4.6,34.3,41.0,4763.0,66.4,20.59,203.437,208.6,85.316,85.224,,164.0,1192.1698,2457945.58,5.25,44.6,7115.6,80.1452
2007-02-01,100.7753,103.7703,11178.2,11713.7,13711.191,174584.0,1480.0,1598.0,137560.0,4.5,34.3,40.9,4699.0,66.3,20.68,204.226,209.135,85.581,85.408,,166.8,1204.7451,2470049.92,5.26,42.6,7131.9,80.7218
2007-03-01,100.9547,104.6813,11190.7,11765.5,13762.811,175078.0,1495.0,1596.0,137784.0,4.4,34.4,41.3,4962.0,66.2,20.72,205.288,209.418,85.894,85.494,,169.3,1215.5346,2484433.18,5.26,40.7,7164.7,80.6932
2007-04-01,101.6334,105.3577,11201.5,11801.5,13784.697,174140.0,1490.0,1470.0,137847.0,4.5,34.4,41.3,4689.0,65.9,20.79,205.904,209.747,86.096,85.616,,171.4,1226.4807,2493729.77,5.25,42.5,7239.9,81.0737
2007-05-01,101.7306,105.3756,11218.0,11811.5,13791.861,175611.0,1415.0,1493.0,137992.0,4.4,34.4,41.1,4657.0,66.0,20.84,206.755,210.058,86.346,85.717,,173.3,1244.5709,2510016.06,5.25,44.1,7257.1,81.0044
2007-06-01,101.7893,105.8434,11218.5,11807.8,13786.416,173830.0,1448.0,1407.0,138070.0,4.6,34.5,41.4,4859.0,66.0,20.95,207.234,210.392,86.529,85.859,,173.8,1263.7395,2519121.04,5.25,43.9,7290.6,80.9238
2007-07-01,101.6672,105.9225,11252.6,11812.0,13795.953,174260.0,1354.0,1361.0,138044.0,4.7,34.4,41.3,4598.0,66.0,20.94,207.603,210.773,86.661,85.988,,175.1,1282.1926,2533667.67,5.26,42.9,7321.8,80.7255
2007-08-01,101.863,105.6772,11300.1,11798.6,13795.066,175125.0,1330.0,1321.0,138013.0,4.6,34.4,41.3,4546.0,65.8,21.0,207.667,211.119,86.72,86.116,,172.4,1307.4676,2552767.07,5.02,44.9,7397.0,80.8082
2007-09-01,102.0894,106.0198,11309.6,11808.3,13813.791,175106.0,1183.0,1261.0,138099.0,4.7,34.4,41.3,4652.0,66.0,21.04,208.547,211.554,87.054,86.351,,173.5,1349.9739,2566995.36,4.94,42.7,7413.8,80.9387
2007-10-01,101.8015,105.8942,11318.6,11791.6,13796.513,175593.0,1264.0,1192.0,138175.0,4.7,34.3,41.2,4636.0,65.8,21.06,209.19,212.077,87.318,86.576,,174.7,1375.0857,2582326.03,4.76,42.1,7429.0,80.6837
2007-11-01,102.3446,106.4614,11342.2,11784.9,13787.506,175862.0,1197.0,1224.0,138290.0,4.7,34.4,41.3,4646.0,66.0,21.12,210.834,212.66,87.781,86.746,,179.0,1394.2423,2597649.3,4.49,42.6,7454.0,81.1065
2007-12-01,102.3803,106.6125,11335.1,11825.3,13846.539,173364.0,1037.0,1149.0,138395.0,5.0,34.4,41.1,4545.0,66.0,21.16,211.445,213.168,87.984,86.92,,178.6,1417.7973,2609476.53,4.24,43.5,7482.7,81.1425
2008-01-01,102.2448,106.3605,11333.2,11830.2,13862.766,173145.0,1084.0,1094.0,138391.0,5.0,34.4,41.1,4624.0,66.2,21.19,212.174,213.771,88.206,87.093,,181.0,1440.6186,2619427.65,3.94,44.9,7513.6,81.0549
2008-02-01,101.8438,105.5496,11293.9,11841.2,13877.177,171203.0,1103.0,1014.0,138329.0,4.9,34.4,41.1,4279.0,66.0,21.27,212.687,213.939,88.382,87.178,,182.7,1448.7286,2634496.42,2.98,43.8,7600.3,80.7602
2008-03-01,101.5336,105.1411,11322.1,11844.7,13893.695,171079.0,1005.0,967.0,138259.0,5.1,34.4,41.3,4225.0,66.1,21.36,213.448,214.42,88.635,87.349,,187.9,1470.4477,2645603.64,2.61,43.8,7664.9,80.5381
2008-04-01,100.8785,104.1184,11340.5,11775.0,13854.44,170521.0,1013.0,1008.0,138040.0,5.0,34.4,41.2,4035.0,65.9,21.38,213.942,214.56,88.799,87.4,,190.9,1490.025,2654243.23,2.28,45.0,7711.4,80.0376
2008-05-01,100.2674,103.5516,11361.6,11728.6,14441.892,171116.0,973.0,995.0,137851.0,5.4,34.4,41.0,4194.0,66.1,21.47,215.208,214.936,89.18,87.559,,196.6,1491.351,2660193.15,1.98,46.9,7728.3,79.5579
2008-06-01,100.0335,102.8599,11340.7,11669.1,14094.894,169650.0,1046.0,1180.0,137700.0,5.6,34.3,41.0,3830.0,66.1,21.52,217.463,215.424,89.827,87.76,,200.5,1498.0892,2662409.52,2.0,45.8,7747.3,79.3571
2008-07-01,99.676,101.8548,11286.0,11623.9,13867.615,167839.0,923.0,921.0,137497.0,5.8,34.3,41.0,3749.0,66.1,21.6,219.016,215.965,90.245,87.918,,205.5,1512.6195,2665321.26,2.01,46.0,7794.9,79.0325
2008-08-01,98.1111,100.5497,11284.7,11680.1,13780.34,166725.0,844.0,858.0,137211.0,6.1,34.3,40.9,3674.0,66.1,21.7,218.69,216.393,90.172,88.026,,199.0,1513.4864,2662237.78,2.0,45.8,7808.8,77.7251
2008-09-01,93.7895,96.9448,11209.7,11678.3,13789.923,164015.0,820.0,797.0,136760.0,6.1,34.2,40.5,3222.0,66.0,21.73,218.877,216.713,90.247,88.116,,196.9,1530.8106,2657389.13,1.81,102.9,7873.6,74.2216
2008-10-01,94.7219,96.395,11192.5,11749.8,13883.254,159514.0,777.0,736.0,136291.0,6.5,34.3,40.5,3377.0,66.0,21.76,216.995,216.788,89.651,87.991,,186.4,1586.9279,2660729.5,0.97,314.8,7976.3,74.8669
2008-11-01,93.4715,93.9577,11158.2,11812.4,13982.019,155990.0,652.0,626.0,135541.0,6.8,34.1,40.1,3231.0,65.9,21.86,213.153,216.947,88.593,87.952,,176.8,1576.1354,2651481.39,0.39,609.1,8027.8,73.782
2008-12-01,90.8357,90.7372,11125.8,11680.5,13891.878,153628.0,560.0,554.0,134847.0,7.3,33.9,39.8,3146.0,65.8,21.95,211.398,216.925,88.098,87.909,,170.9,1558.9545,2643788.96,0.16,820.9,8203.0,71.607
2009-01-01,88.57,87.761,11176.3,11475.8,13762.24,155609.0,490.0,545.0,134079.0,7.8,34.0,39.7,2738.0,65.7,21.96,211.933,217.346,88.108,87.882,,171.2,1544.44,2647028.86,0.15,860.2,8284.2,69.7304
2009-02-01,88.031,87.7622,11130.5,11296.4,13603.699,154381.0,582.0,558.0,133318.0,8.3,34.0,39.6,2864.0,65.8,21.98,212.705,217.792,88.266,87.952,,169.3,1532.3235,2638532.74,0.22,701.0,8314.7,69.2326
2009-03-01,86.6528,86.2344,11084.6,11225.3,13570.847,151831.0,505.0,513.0,132494.0,8.7,33.8,39.3,2534.0,65.6,22.05,212.495,218.253,88.169,88.015,,168.1,1510.9136,2622827.85,0.18,778.1,8380.5,68.0889
2009-04-01,85.9344,85.6368,11068.0,11215.7,13601.477,152473.0,478.0,521.0,131822.0,9.0,33.8,39.4,2295.0,65.7,22.1,212.709,218.706,88.295,88.211,,169.1,1491.5275,2615973.01,0.15,881.7,8390.2,67.4762
2009-05-01,85.0665,84.711,11078.1,11207.2,13779.884,153510.0,540.0,556.0,131466.0,9.4,33.8,39.3,2549.0,65.7,22.12,213.022,218.904,88.387,88.279,,170.8,1469.5967,2610010.78,0.18,902.8,8452.9,66.7676
2009-06-01,84.7459,84.4343,11081.1,11120.7,13544.781,154675.0,585.0,601.0,131008.0,9.5,33.7,39.6,2503.0,65.7,22.14,214.79,219.112,88.912,88.392,,174.1,1436.2143,2591475.41,0.21,809.7,8462.9,66.5138
2009-07-01,85.7027,85.8216,11118.1,11067.3,13493.206,155393.0,594.0,595.0,130662.0,9.5,33.8,39.9,2232.0,65.5,22.18,214.726,219.263,88.922,88.468,,172.5,1395.692,2590854.98,0.16,796.5,8467.3,67.29
2009-08-01,86.6426,86.8203,11218.0,11040.4,13468.487,157621.0,586.0,616.0,130472.0,9.6,33.8,40.0,2338.0,65.4,22.23,215.445,219.496,89.18,88.599,,175.0,1363.3444,2582126.01,0.16,828.7,8466.2,68.0795
2009-09-01,87.4063,87.7576,11114.6,11032.9,13502.606,153338.0,585.0,609.0,130246.0,9.8,33.9,40.1,2487.0,65.1,22.27,215.861,219.92,89.324,88.755,,174.1,1337.6028,2576594.39,0.15,922.6,8462.7,68.7549
2009-10-01,87.6419,87.8323,11127.1,11031.5,13460.827,154541.0,534.0,583.0,130061.0,10.0,33.8,40.2,2406.0,65.0,22.31,216.509,220.501,89.663,89.082,,175.2,1308.1836,2563422.73,0.12,1056.7,8489.2,69.0357
2009-11-01,88.0221,88.7957,11109.4,11063.7,13494.222,155280.0,588.0,623.0,130057.0,9.9,33.9,40.5,2503.0,65.0,22.34,217.234,220.666,89.887,89.16,100.0,177.4,1290.5626,2551569.29,0.12,1141.6,8517.9,69.447
2009-12-01,88.3793,88.7374,11177.3,11090.7,13551.644,155850.0,581.0,664.0,129808.0,9.9,33.9,40.6,2568.0,64.6,22.37,217.347,220.881,89.939,89.236,99.9,178.1,1265.4159,2555016.64,0.12,1140.4,8510.6,69.8541
2010-01-01,89.3426,89.7715,11156.8,11065.2,13610.249,155913.0,614.0,636.0,129802.0,9.8,34.0,40.9,2837.0,64.8,22.4,217.488,220.633,90.136,89.368,101.0,181.9,1238.4221,2543508.02,0.11,1112.4,8473.1,70.7532
2010-02-01,89.6779,89.8215,11198.6,11055.9,13610.405,156286.0,604.0,650.0,129706.0,9.8,33.8,40.5,2666.0,64.9,22.46,217.281,220.731,90.134,89.446,100.9,181.0,1223.3033,2530024.28,0.13,1225.5,8523.4,71.1612
2010-03-01,90.2928,91.0021,11252.1,11099.4,13661.363,159636.0,636.0,687.0,129866.0,9.9,34.0,41.0,2679.0,64.9,22.46,217.353,220.783,90.261,89.579,101.2,183.3,1209.6994,2536551.95,0.16,1184.5,8519.0,71.7964
2010-04-01,90.5991,91.8003,11275.1,11218.9,13776.728,160931.0,687.0,637.0,130120.0,9.9,34.1,41.1,3153.0,65.2,22.49,217.403,220.822,90.31,89.625,101.6,184.4,1207.4859,2532764.79,0.2,1117.4,8554.3,72.1905
2010-05-01,91.823,92.9906,11303.2,11326.7,13885.106,159629.0,583.0,575.0,130642.0,9.6,34.2,41.4,2988.0,64.9,22.51,217.29,220.962,90.339,89.724,101.8,184.8,1196.8682,2521687.94,0.2,1111.3,8612.0,73.3146
2010-06-01,91.9928,92.9321,11330.6,11339.4,13898.726,159538.0,536.0,587.0,130510.0,9.4,34.1,41.0,2801.0,64.6,22.53,217.199,221.194,90.301,89.767,101.6,183.5,1190.1011,2518416.41,0.18,1099.2,8631.0,73.5918
2010-07-01,92.3421,93.443,11361.7,11368.1,13928.888,159744.0,546.0,579.0,130415.0,9.4,34.2,41.1,3082.0,64.6,22.59,217.605,221.363,90.378,89.769,101.7,184.1,1189.1453,2521104.8,0.18,1087.8,8642.3,74.0009
2010-08-01,92.6805,93.6275,11389.2,11387.7,13980.745,160235.0,599.0,580.0,130415.0,9.5,34.2,41.2,2999.0,64.7,22.62,217.923,221.509,90.502,89.855,101.9,184.9,1187.684,2520422.13,0.19,1085.1,8690.5,74.3883
2010-09-01,92.9537,93.7421,11399.9,11399.6,13989.519,161346.0,594.0,563.0,130341.0,9.5,34.3,41.4,2918.0,64.6,22.67,218.275,221.711,90.592,89.906,102.0,184.9,1185.8716,2522094.23,0.19,1047.9,8719.6,74.7076
2010-10-01,92.6903,93.7752,11428.9,11418.9,14000.339,162629.0,543.0,558.0,130620.0,9.4,34.3,41.3,3235.0,64.4,22.73,219.035,221.83,90.881,90.043,102.5,186.6,1185.2037,2530106.0,0.19,1039.7,8769.8,74.58
2010-11-01,92.7709,93.9046,11458.0,11440.1,14018.501,163691.0,545.0,560.0,130749.0,9.8,34.2,41.3,3211.0,64.6,22.73,219.59,222.149,91.062,90.16,102.6,187.7,1187.4418,2531232.26,0.19,1038.6,8790.3,74.7131
2010-12-01,93.6787,94.3885,11473.2,11523.9,14104.762,164184.0,539.0,632.0,130830.0,9.3,34.3,41.3,3058.0,64.3,22.76,220.472,222.343,91.268,90.179,102.7,189.7,1192.5957,2646811.26,0.18,1078.0,8822.0,75.4968
2011-01-01,93.4814,94.4812,11486.0,11708.4,14289.288,164745.0,630.0,576.0,130837.0,9.1,34.2,41.0,3104.0,64.2,22.87,221.187,222.803,91.542,90.372,103.4,192.7,1195.8753,2657360.1,0.17,1110.3,8844.5,75.3741
2011-02-01,93.1102,94.681,11482.8,11761.8,14331.186,165605.0,517.0,542.0,131057.0,9.0,34.3,41.4,3226.0,64.1,22.87,221.898,223.213,91.797,90.53,104.2,195.8,1199.5177,2663779.92,0.16,1263.7,8909.9,75.0928
2011-03-01,94.0788,95.3244,11522.6,11734.0,14298.318,166233.0,600.0,583.0,131283.0,9.0,34.3,41.4,3261.0,64.2,22.87,223.046,223.454,92.166,90.667,105.2,199.2,1206.426,2672031.38,0.14,1434.9,8967.7,75.8747
2011-04-01,93.7749,94.7934,11508.9,11719.4,14275.294,166368.0,554.0,581.0,131597.0,9.1,34.4,41.4,3259.0,64.2,22.91,224.093,223.727,92.557,90.875,105.9,203.1,1214.8878,2679950.15,0.1,1528.0,9033.6,75.6127
2011-05-01,93.888,94.7881,11495.6,11715.9,14260.443,165701.0,561.0,618.0,131703.0,9.0,34.4,41.5,3179.0,64.1,22.97,224.806,224.175,92.838,91.091,106.1,204.1,1229.0372,2683973.45,0.09,1589.8,9109.4,75.6684
2011-06-01,94.172,94.9349,11522.3,11785.7,14324.383,167072.0,608.0,636.0,131931.0,9.1,34.3,41.4,3455.0,64.0,23.0,224.806,224.697,92.819,91.191,106.0,203.9,1233.6317,2693088.33,0.09,1665.8,9184.2,75.8425
2011-07-01,94.636,95.4946,11542.3,11856.3,14386.123,166571.0,623.0,621.0,131992.0,9.0,34.4,41.4,3623.0,64.0,23.11,225.395,225.218,92.977,91.326,106.3,204.6,1244.38,2717525.97,0.07,1696.6,9346.9,76.1431
2011-08-01,95.2749,95.9868,11535.3,11854.7,14378.666,166232.0,585.0,647.0,132125.0,9.0,34.3,41.4,3329.0,64.1,23.06,226.106,225.862,93.196,91.508,106.4,203.2,1263.1735,2709151.87,0.1,1666.6,9532.5,76.5667
2011-09-01,95.1961,96.2364,11554.3,11840.1,14359.76,167717.0,650.0,610.0,132344.0,9.0,34.4,41.4,3774.0,64.2,23.11,226.597,226.118,93.327,91.57,106.6,203.7,1269.6595,2720060.44,0.08,1643.5,9553.3,76.3992
2011-10-01,95.8568,96.7654,11575.1,11842.3,14364.71,168559.0,610.0,671.0,132553.0,8.8,34.5,41.5,3619.0,64.1,23.18,226.75,226.506,93.329,91.614,106.3,201.1,1280.399,2727962.54,0.07,1638.9,9586.2,76.8123
2011-11-01,95.8485,96.5632,11555.7,11829.9,14349.583,168783.0,711.0,706.0,132690.0,8.6,34.4,41.5,3565.0,64.1,23.19,227.169,226.899,93.52,91.808,106.4,201.4,1293.2102,2746799.26,0.08,1592.4,9639.5,76.6783
2011-12-01,96.3571,97.2084,11560.9,11949.8,14479.33,168990.0,694.0,697.0,132888.0,8.5,34.4,41.6,3768.0,64.0,23.22,227.223,227.405,93.574,91.96,106.0,199.8,1303.9801,2756224.85,0.07,1598.7,9683.5,76.9495
2012-01-01,96.9318,98.0951,11605.5,12032.0,14518.055,170088.0,723.0,712.0,133246.0,8.3,34.5,41.8,3909.0,63.7,23.26,227.842,227.877,93.894,92.235,106.6,200.7,1321.2902,2770124.65,0.08,1619.2,9753.3,77.2652
2012-02-01,97.2435,98.5224,11675.8,12108.5,14591.389,171818.0,704.0,738.0,133509.0,8.3,34.5,41.8,3616.0,63.8,23.28,228.329,228.034,94.104,92.364,107.1,201.6,1344.1741,2777643.62,0.1,1659.9,9806.3,77.3673
2012-03-01,96.74,98.0069,11660.5,12142.7,14635.02,172066.0,695.0,806.0,133748.0,8.2,34.5,41.6,3979.0,63.8,23.36,228.807,228.478,94.284,92.521,107.7,204.2,1350.4907,2791565.95,0.13,1606.3,9849.3,76.8194
2012-04-01,97.4359,98.5366,11671.4,12191.2,14689.558,171071.0,753.0,732.0,133825.0,8.2,34.4,41.7,3793.0,63.7,23.39,229.187,228.905,94.408,92.661,108.0,203.7,1368.579,2802317.58,0.14,1586.7,9905.0,77.2234
2012-05-01,97.6609,98.2793,11672.0,12183.0,14687.217,171121.0,708.0,796.0,133932.0,8.2,34.3,41.6,3835.0,63.7,23.41,228.713,229.224,94.302,92.755,107.8,201.9,1379.0244,2817982.27,0.16,1558.5,9951.9,77.2546
2012-06-01,97.6663,98.6278,11659.9,12168.5,14680.673,169742.0,757.0,794.0,134013.0,8.2,34.4,41.7,3911.0,63.8,23.46,228.524,229.623,94.254,92.85,107.4,199.8,1397.9793,2829850.8,0.16,1555.4,10023.7,77.1149
2012-07-01,97.8713,98.4571,11684.4,12080.6,14586.106,170474.0,740.0,849.0,134157.0,8.2,34.4,41.7,3735.0,63.7,23.49,228.59,229.97,94.288,92.946,107.4,200.1,1413.8052,2840049.63,0.16,1583.8,10076.0,77.1372
2012-08-01,97.4525,98.3137,11686.7,12061.8,14553.669,171593.0,754.0,840.0,134339.0,8.1,34.4,41.5,3809.0,63.5,23.48,229.918,230.233,94.605,93.005,107.7,202.7,1425.6514,2857102.48,0.13,1582.2,10147.8,76.672
2012-09-01,97.381,98.1136,11703.2,12161.3,14662.932,172145.0,847.0,930.0,134517.0,7.8,34.4,41.5,3882.0,63.6,23.57,231.015,230.659,94.893,93.119,108.2,204.4,1434.3665,2865789.74,0.14,1517.5,10228.4,76.4846
2012-10-01,97.7193,97.9828,11702.3,12268.6,14761.628,171601.0,915.0,887.0,134669.0,7.8,34.4,41.5,3775.0,63.8,23.56,231.638,231.024,95.174,93.345,108.3,203.5,1449.5782,2881779.34,0.16,1525.6,10294.4,76.6227
2012-11-01,98.0777,98.5509,11753.4,12457.7,14962.471,172847.0,833.0,917.0,134825.0,7.7,34.4,41.5,3878.0,63.6,23.63,231.249,231.33,95.109,93.445,108.2,201.8,1457.5606,2903346.97,0.16,1546.1,10365.6,76.78
2012-12-01,98.3101,99.2403,11758.3,12812.9,15333.647,173467.0,976.0,941.0,135074.0,7.9,34.5,41.7,3970.0,63.7,23.72,231.221,231.725,95.094,93.514,108.0,201.5,1474.5712,2912905.02,0.16,1570.4,10485.4,76.8435
2013-01-01,98.3342,99.0467,11810.6,12052.3,14568.746,174567.0,888.0,940.0,135257.0,8.0,34.4,41.6,3923.0,63.7,23.74,231.679,232.229,95.275,93.703,108.3,202.5,1485.0905,2931381.51,0.14,1636.9,10502.3,76.7502
2013-02-01,98.7941,99.4999,11808.6,12028.1,14539.752,175635.0,962.0,980.0,135546.0,7.7,34.5,41.9,4004.0,63.4,23.78,232.937,232.569,95.614,93.805,108.8,204.3,1491.2758,2953480.76,0.15,1733.4,10523.0,77.0029
2013-03-01,99.1921,99.4239,11823.8,12065.8,14590.576,174884.0,1010.0,936.0,135689.0,7.5,34.5,41.9,4076.0,63.3,23.8,232.282,232.794,95.488,93.891,109.1,204.0,1499.1908,2963147.07,0.14,1811.3,10578.7,77.2135
2013-04-01,99.1065,99.1189,11826.4,12133.9,14650.083,174390.0,835.0,1012.0,135873.0,7.6,34.4,41.8,3988.0,63.4,23.87,231.797,232.832,95.391,93.937,109.0,203.5,1507.4345,2972772.62,0.15,1884.7,10608.9,77.0553
2013-05-01,99.1839,99.3881,11860.1,12186.3,14720.7,175373.0,930.0,1003.0,136096.0,7.5,34.4,41.7,4145.0,63.4,23.89,231.893,232.996,95.461,94.047,108.8,204.1,1510.4068,2988661.4,0.11,1982.0,10646.5,77.0307
2013-06-01,99.3897,99.6551,11857.7,12182.7,14720.82,175491.0,839.0,942.0,136279.0,7.5,34.5,41.8,4150.0,63.4,23.96,232.445,233.35,95.673,94.209,109.2,204.3,1521.75,3000936.05,0.09,2062.9,10705.6,77.1119
2013-07-01,99.0814,98.7947,11872.3,12155.0,14690.118,176156.0,880.0,997.0,136391.0,7.3,34.4,41.7,3885.0,63.3,23.98,232.9,233.88,95.792,94.329,109.5,204.4,1531.9036,3014697.69,0.09,2147.7,10743.0,76.8008
2013-08-01,99.6543,99.6198,11890.3,12176.8,14715.624,175490.0,917.0,964.0,136646.0,7.2,34.5,41.9,4085.0,63.3,24.02,233.456,234.336,95.934,94.431,109.5,204.2,1533.107,3030269.0,0.08,2252.6,10803.6,77.1772
2013-09-01,100.161,99.644,11926.1,12235.2,14776.266,175575.0,850.0,1004.0,136821.0,7.2,34.4,41.8,4128.0,63.2,24.06,233.544,234.7,95.976,94.543,109.4,203.9,1540.0211,3045861.58,0.08,2333.9,10865.8,77.5046
2013-10-01,100.082,99.8771,11964.6,12189.0,14726.182,176061.0,925.0,1044.0,137041.0,7.2,34.4,41.9,4222.0,62.8,24.09,233.669,234.921,96.103,94.703,109.7,202.5,1549.6386,3063380.14,0.09,2427.8,10989.2,77.3802
2013-11-01,100.3158,99.8721,12013.7,12228.0,14763.876,176233.0,1100.0,1029.0,137317.0,6.9,34.4,42.0,4119.0,63.0,24.16,234.1,235.359,96.246,94.86,109.4,201.2,1558.8519,3075875.88,0.08,2517.1,10999.8,77.4988
2013-12-01,100.5175,99.6773,12024.7,12256.4,14797.116,176727.0,1002.0,1005.0,137372.0,6.7,34.4,41.9,4121.0,62.9,24.18,234.719,235.759,96.414,94.961,109.3,202.0,1574.3331,3090467.79,0.09,2541.0,11062.4,77.5927
2014-01-01,100.1599,98.6228,11985.0,12325.9,14872.775,174918.0,888.0,976.0,137561.0,6.6,34.4,41.6,4127.0,62.9,24.22,235.288,235.961,96.614,95.064,109.7,203.8,1586.7887,3113002.96,0.07,2556.4,11127.5,77.254
2014-02-01,100.9168,99.5446,12039.4,12398.8,14955.901,176923.0,944.0,1039.0,137712.0,6.7,34.3,41.6,4373.0,62.9,24.33,235.547,236.185,96.66,95.109,110.1,205.7,1619.7163,3133891.8,0.07,2650.1,11191.9,77.7747
2014-03-01,101.8942,100.4304,12108.3,12463.0,15033.859,178466.0,970.0,1067.0,137985.0,6.7,34.5,42.0,4388.0,63.1,24.31,236.028,236.625,96.815,95.25,110.8,207.0,1633.327,3150697.02,0.08,2676.7,11228.8,78.4628
2014-04-01,101.9928,100.4384,12128.1,12494.1,15078.809,179959.0,1043.0,1090.0,138298.0,6.2,34.5,41.9,4566.0,62.8,24.34,236.468,237.072,96.987,95.413,111.0,208.3,1651.1633,3173234.63,0.09,2714.9,11276.0,78.4705
2014-05-01,102.3836,100.7026,12154.5,12517.4,15120.855,179916.0,1007.0,1018.0,138513.0,6.3,34.5,42.1,4747.0,62.9,24.4,236.918,237.529,97.147,95.574,111.1,208.0,1663.6719,3192546.34,0.09,2688.4,11343.1,78.6999
2014-06-01,102.735,101.0359,12197.1,12562.1,15177.06,180122.0,911.0,1010.0,138849.0,6.1,34.5,42.1,4982.0,62.8,24.46,237.231,237.837,97.253,95.682,111.2,208.3,1676.7948,3209899.68,0.1,2722.3,11398.4,78.8952
2014-07-01,102.9632,101.516,12223.6,12593.5,15218.177,180245.0,1085.0,1076.0,139072.0,6.2,34.5,42.0,4846.0,62.9,24.48,237.498,238.195,97.391,95.848,111.6,208.0,1694.9228,3231535.62,0.09,2759.0,11452.5,78.9933
2014-08-01,102.7688,100.9258,12306.5,12657.1,15295.125,181664.0,984.0,1047.0,139269.0,6.1,34.6,42.0,5349.0,62.9,24.54,237.46,238.405,97.379,95.885,111.6,207.0,1711.7606,3248721.35,0.09,2842.0,11477.8,78.7669
2014-09-01,103.0641,100.9676,12310.2,12701.3,15348.309,181150.0,1023.0,1077.0,139563.0,5.9,34.5,42.1,4914.0,62.8,24.56,237.477,238.786,97.413,96.013,111.1,206.4,1725.7492,3265101.43,0.09,2814.5,11520.7,78.9218
2014-10-01,103.0764,100.8816,12389.1,12769.9,15426.259,181908.0,1074.0,1094.0,139798.0,5.7,34.6,42.1,5012.0,62.9,24.59,237.43,239.191,97.384,96.096,111.4,203.4,1730.8227,3275438.44,0.09,2760.3,11596.5,78.8663
2014-11-01,103.7126,101.593,12420.6,12848.6,15514.307,182761.0,1001.0,1059.0,140089.0,5.8,34.6,42.2,4843.0,62.9,24.66,236.983,239.458,97.291,96.181,110.8,200.9,1751.6755,3283048.38,0.09,2575.1,11638.9,79.2962
2014-12-01,103.7044,101.3884,12455.1,12933.1,15620.73,182056.0,1073.0,1072.0,140364.0,5.6,34.6,42.1,5130.0,62.8,24.63,236.252,239.584,97.12,96.249,110.3,197.0,1773.1944,3309539.83,0.12,2665.9,11721.2,79.2419
2015-01-01,102.8905,100.7857,12484.7,13038.7,15758.015,182413.0,1085.0,1049.0,140568.0,5.7,34.5,42.0,5344.0,62.9,24.74,234.747,239.811,96.654,96.214,109.7,192.0,1791.5675,3319930.47,0.11,2745.6,11806.2,78.5803
2015-02-01,102.2335,100.0389,12514.1,13086.9,15815.476,181489.0,886.0,1127.0,140827.0,5.5,34.6,41.9,5466.0,62.7,24.79,235.342,240.172,96.825,96.324,109.5,191.1,1807.9295,3337844.15,0.11,2556.1,11920.7,78.055
2015-03-01,101.8914,100.3616,12551.8,13043.4,15786.489,183767.0,960.0,1072.0,140923.0,5.4,34.5,41.8,5210.0,62.6,24.85,235.976,240.755,97.008,96.47,109.8,191.5,1833.4666,3360575.76,0.11,2732.9,11919.1,77.7804
2015-04-01,101.3355,100.3447,12574.8,13080.5,15833.624,183924.0,1190.0,1166.0,141196.0,5.4,34.5,41.8,5598.0,62.8,24.89,236.222,241.346,97.094,96.648,109.8,190.9,1847.8935,3382639.53,0.12,2756.7,11953.4,77.3487
2015-05-01,100.8883,100.3722,12612.7,13108.5,15866.779,184752.0,1079.0,1272.0,141538.0,5.6,34.5,41.8,5563.0,62.9,24.97,237.001,241.688,97.327,96.766,110.2,193.4,1863.5024,3399365.69,0.12,2641.7,11981.9,77.0092
2015-06-01,100.571,99.9743,12621.6,13116.2,15873.338,184279.0,1205.0,1379.0,141709.0,5.3,34.5,41.8,5248.0,62.7,24.97,237.657,242.064,97.516,96.882,110.6,194.8,1880.1388,3425250.89,0.13,2611.1,12020.9,76.7774
2015-07-01,101.2228,100.7102,12668.4,13138.7,15899.39,185663.0,1146.0,1140.0,141991.0,5.2,34.6,41.8,6056.0,62.6,25.01,238.034,242.565,97.605,96.978,110.8,193.9,1889.5119,3444143.74,0.13,2649.3,12063.5,77.2924
2015-08-01,101.0367,100.4099,12699.7,13165.5,15930.975,185625.0,1130.0,1165.0,142125.0,5.1,34.6,41.8,5467.0,62.6,25.1,238.033,242.817,97.612,97.056,110.5,191.9,1903.4148,3460249.09,0.14,2666.1,12110.1,77.1715
2015-09-01,100.7547,100.1731,12707.2,13200.8,15973.484,185209.0,1224.0,1144.0,142275.0,5.0,34.5,41.8,5488.0,62.4,25.11,237.498,243.316,97.477,97.196,109.9,189.1,1915.3652,3487879.79,0.14,2701.3,12172.7,76.9791
2015-10-01,100.2675,100.0112,12715.9,13235.8,16012.028,184532.0,1058.0,1160.0,142579.0,5.0,34.5,41.8,5773.0,62.5,25.2,237.733,243.768,97.477,97.228,109.8,187.5,1930.1898,3502824.92,0.12,2725.9,12228.4,76.6282
2015-11-01,99.5298,99.7327,12737.0,13227.7,16009.52,184988.0,1172.0,1244.0,142808.0,5.1,34.5,41.8,5708.0,62.5,25.25,238.017,244.241,97.538,97.332,109.4,185.7,1946.3805,3510642.87,0.12,2660.3,12322.7,76.0819
2015-12-01,99.0417,99.4727,12777.3,13278.2,16077.429,185964.0,1146.0,1211.0,143077.0,5.0,34.5,41.8,5845.0,62.7,25.25,237.761,244.547,97.456,97.396,109.1,183.5,1952.877,3400230.33,0.24,2481.2,12393.6,75.7214
2016-01-01,99.5607,99.9002,12798.7,13294.9,16098.568,184920.0,1092.0,1171.0,143210.0,4.8,34.6,41.9,6012.0,62.7,25.37,237.652,244.955,97.496,97.567,109.7,182.6,1963.8522,3419541.48,0.34,2440.0,12522.2,76.1248
2016-02-01,99.0445,99.569,12884.0,13288.1,16107.427,186705.0,1225.0,1172.0,143406.0,4.9,34.4,41.8,5770.0,62.8,25.38,237.336,245.51,97.445,97.736,109.6,181.3,1987.1485,3438079.8,0.38,2510.9,12604.4,75.7291
2016-03-01,98.3096,99.5203,12836.1,13286.4,16106.421,185591.0,1111.0,1118.0,143662.0,5.0,34.4,41.8,6129.0,63.0,25.45,238.08,245.913,97.673,97.876,109.7,182.1,2017.6484,3469147.01,0.36,2519.7,12662.2,75.1587
2016-04-01,98.6421,99.4128,12870.2,13263.0,16081.685,185887.0,1163.0,1160.0,143854.0,5.1,34.4,41.8,5803.0,62.9,25.53,238.992,246.551,97.993,98.117,110.0,183.2,2033.3866,3490038.19,0.37,2487.0,12741.9,75.3969
2016-05-01,98.4184,99.334,12891.2,13253.1,16074.046,185964.0,1148.0,1205.0,143900.0,4.8,34.4,41.9,5777.0,62.7,25.58,239.557,247.137,98.153,98.284,110.2,185.3,2048.0749,3503723.51,0.37,2443.8,12800.7,75.2034
2016-06-01,98.8833,99.5908,12948.6,13272.8,16090.905,187425.0,1203.0,1208.0,144147.0,4.9,34.4,41.8,5742.0,62.7,25.62,240.222,247.54,98.325,98.386,110.8,187.6,2050.748,3525125.97,0.38,2427.5,12849.3,75.5298
2016-07-01,98.9992,99.6224,12972.2,13334.6,16159.383,187333.0,1239.0,1198.0,144520.0,4.8,34.5,42.0,5962.0,62.8,25.69,240.101,247.829,98.342,98.529,110.8,187.7,2057.7682,3544185.32,0.39,2371.2,12907.3,75.5839
2016-08-01,98.85,99.1988,12986.1,13344.9,16177.334,187053.0,1171.0,1201.0,144661.0,4.9,34.3,41.8,5677.0,62.9,25.71,240.545,248.423,98.479,98.703,110.5,186.6,2051.3578,3565315.2,0.4,2413.5,12986.7,75.432
2016-09-01,98.7457,99.3936,13020.9,13385.3,16215.456,187853.0,1068.0,1303.0,144967.0,5.0,34.4,41.9,5868.0,62.9,25.77,241.176,248.842,98.666,98.834,110.6,186.9,2070.3357,3588380.68,0.4,2325.1,13052.7,75.3145
2016-10-01,98.7611,99.4863,13014.9,13402.3,16243.304,187741.0,1313.0,1254.0,145065.0,4.9,34.4,42.0,5591.0,62.8,25.9,241.741,249.142,98.868,98.961,111.0,186.7,2086.2929,3601186.93,0.4,2156.1,13124.5,75.2918
2016-11-01,98.3491,99.3724,13036.8,13450.8,16286.542,187539.0,1140.0,1230.0,145183.0,4.7,34.4,41.9,5971.0,62.7,25.9,242.026,249.481,98.901,99.005,110.8,186.3,2089.4631,3617030.41,0.41,2201.7,13214.2,74.9498
2016-12-01,99.0214,99.3843,13128.5,13499.3,16334.247,189297.0,1252.0,1248.0,145408.0,4.7,34.4,41.9,5964.0,62.7,25.93,242.637,249.92,99.071,99.12,111.0,188.2,2083.6854,3636437.75,0.54,2095.3,13240.6,75.4424
2017-01-01,98.7611,99.5441,13136.3,13541.3,16383.236,190631.0,1190.0,1303.0,145628.0,4.7,34.4,41.9,5617.0,62.8,26.0,243.618,250.467,99.451,99.385,111.6,190.7,2082.226,3653334.44,0.65,2158.5,13318.9,75.2339
2017-02-01,98.3646,99.4265,13143.4,13589.2,16431.536,190276.0,1271.0,1234.0,145846.0,4.6,34.3,41.9,5923.0,62.9,26.07,244.006,250.998,99.586,99.561,111.8,191.6,2082.6018,3670049.5,0.66,2302.9,13395.2,74.9346
2017-03-01,99.0137,99.1019,13201.7,13642.8,16491.77,190114.0,1190.0,1272.0,145970.0,4.4,34.3,41.8,5811.0,62.9,26.11,243.892,250.944,99.535,99.519,112.1,191.5,2064.8835,3687391.01,0.79,2387.8,13464.6,75.4439
2017-04-01,100.0224,100.3189,13206.1,13682.6,16521.43,190536.0,1146.0,1251.0,146175.0,4.4,34.4,42.0,6091.0,63.0,26.18,244.193,251.227,99.725,99.723,112.7,193.0,2067.4224,3702096.52,0.9,2344.8,13520.3,76.2392
2017-05-01,100.1408,100.1472,13214.5,13780.7,16626.085,189650.0,1157.0,1208.0,146380.0,4.4,34.4,41.9,5826.0,62.8,26.21,244.004,251.43,99.682,99.803,112.7,192.8,2071.6618,3713714.97,0.91,2288.9,13567.4,76.368
2017-06-01,100.3471,100.1949,13256.7,13790.9,16642.946,190500.0,1249.0,1353.0,146583.0,4.3,34.4,42.0,6305.0,62.8,26.26,244.163,251.746,99.766,99.937,112.9,193.6,2072.8115,3730076.97,1.04,2269.7,13577.0,76.5758
2017-07-01,100.1068,99.8077,13290.1,13837.7,16698.803,190421.0,1206.0,1256.0,146772.0,4.3,34.4,41.9,6238.0,62.9,26.35,244.243,251.985,99.803,100.01,113.0,193.5,2076.0702,3746255.82,1.15,2296.9,13638.5,76.4534
2017-08-01,99.6925,99.6412,13291.7,13860.4,16729.216,190070.0,1159.0,1319.0,146919.0,4.4,34.4,42.0,6276.0,62.9,26.37,245.183,252.535,100.027,100.118,113.2,193.8,2084.0873,3758689.36,1.16,2407.2,13695.0,76.2067
2017-09-01,99.7954,99.6858,13364.4,13903.9,16774.796,193042.0,1181.0,1273.0,147008.0,4.3,34.4,41.9,6320.0,63.1,26.49,246.435,252.812,100.4,100.24,113.5,194.8,2102.931,3774834.53,1.15,2357.9,13743.0,76.3591
2017-10-01,101.0247,100.7464,13377.0,13963.2,16841.324,193048.0,1257.0,1356.0,147149.0,4.2,34.4,42.0,6408.0,62.7,26.5,246.626,253.526,100.531,100.486,114.1,194.9,2112.9901,3796900.76,1.15,2310.9,13801.5,77.3753
2017-11-01,101.2664,100.8253,13450.3,14028.2,16883.564,194493.0,1273.0,1299.0,147372.0,4.2,34.5,42.1,6271.0,62.7,26.54,247.284,253.816,100.675,100.535,114.1,195.9,2106.2782,3815576.66,1.16,2378.3,13849.1,77.6337
2017-12-01,101.4644,100.5601,13555.4,14062.3,16919.258,195148.0,1177.0,1311.0,147523.0,4.1,34.5,41.8,6336.0,62.7,26.63,247.805,254.344,100.821,100.683,113.8,196.3,2105.4279,3830784.99,1.3,2309.8,13887.3,77.8538
2018-01-01,101.4625,100.2412,13541.3,14042.8,16938.615,193448.0,1299.0,1317.0,147660.0,4.0,34.4,41.9,6621.0,62.7,26.72,248.859,255.204,101.199,101.007,114.5,197.9,2109.6791,3847852.48,1.41,2281.0,13902.4,77.9138
2018-02-01,101.7085,101.1146,13547.3,14068.6,16963.881,193978.0,1277.0,1321.0,148054.0,4.1,34.5,42.3,6552.0,63.0,26.74,249.529,255.711,101.416,101.198,114.9,199.3,2112.0828,3863895.27,1.42,2305.3,13949.8,78.1508
2018-03-01,102.2067,101.06,13586.5,14103.0,17008.963,193972.0,1318.0,1385.0,148280.0,4.0,34.5,42.2,6818.0,62.9,26.85,249.577,256.271,101.524,101.419,115.4,199.3,2123.3118,3876825.89,1.51,2230.9,14014.5,78.5697
2018-04-01,103.3329,101.8116,13598.7,14121.8,17028.008,193486.0,1276.0,1378.0,148420.0,4.0,34.5,42.4,6877.0,62.9,26.91,250.227,256.63,101.766,101.602,115.7,200.3,2166.9722,3884786.86,1.69,2151.0,14034.8,79.4597
2018-05-01,102.4024,100.9887,13640.5,14163.6,17072.967,196163.0,1357.0,1338.0,148742.0,3.8,34.5,42.1,7016.0,62.9,26.98,250.792,257.145,101.941,101.78,116.2,203.2,2173.5387,3900697.67,1.7,2086.6,14091.0,78.7526
2018-06-01,103.198,101.7103,13653.7,14226.0,17140.662,195296.0,1192.0,1345.0,148960.0,4.0,34.5,42.2,7230.0,63.0,27.03,251.018,257.399,102.029,101.872,116.6,204.2,2190.9059,3903142.23,1.82,2052.7,14133.2,79.356
2018-07-01,103.3646,101.7704,13682.7,14298.5,17219.586,196304.0,1208.0,1334.0,149020.0,3.8,34.5,42.2,7190.0,63.0,27.1,251.214,257.699,102.137,102.006,116.8,204.3,2204.0475,3925600.56,1.91,2014.6,14170.0,79.4588
2018-08-01,104.0327,102.0029,13711.5,14356.7,17282.357,196074.0,1288.0,1273.0,149277.0,3.8,34.5,42.1,7208.0,62.6,27.21,251.663,257.891,102.208,102.016,116.6,203.4,2209.5234,3945836.92,1.91,1976.1,14221.3,79.9322
2018-09-01,104.1004,102.0449,13687.1,14354.0,17275.742,194902.0,1250.0,1314.0,149358.0,3.7,34.4,42.0,7411.0,62.8,27.32,252.182,258.368,102.418,102.205,116.6,203.6,2225.8983,3958356.01,1.95,1938.0,14243.9,79.9314
2018-10-01,103.9856,101.6625,13727.1,14370.2,17300.819,196389.0,1221.0,1272.0,149527.0,3.8,34.5,42.1,7304.0,62.9,27.37,252.772,258.917,102.595,102.366,117.6,204.6,2250.6354,3976162.39,2.19,1895.8,14257.6,79.7802
2018-11-01,104.0681,101.403,13800.3,14411.1,17339.645,197492.0,1181.0,1340.0,149617.0,3.8,34.4,41.9,7594.0,62.9,27.44,252.594,259.439,102.63,102.556,117.1,202.3,2274.2195,3991299.11,2.2,1840.8,14288.4,79.7722
2018-12-01,104.0936,101.769,13682.3,14599.3,17538.653,193504.0,1095.0,1317.0,149809.0,3.9,34.5,42.1,7489.0,63.0,27.56,252.767,260.063,102.701,102.735,116.8,201.0,2303.7249,4007041.95,2.27,1759.9,14392.0,79.7142
2019-01-01,103.4021,100.8777,13721.7,14598.4,17612.196,194187.0,1226.0,1254.0,150060.0,4.0,34.5,42.0,7502.0,63.1,27.59,252.561,260.766,102.648,102.87,116.7,199.1,2325.5638,4027126.21,2.4,1707.3,14460.2,79.1024
2019-02-01,102.8371,100.2878,13728.5,14633.7,17652.296,194123.0,1121.0,1286.0,150067.0,3.8,34.4,41.7,7066.0,63.1,27.69,253.319,261.186,102.836,102.963,117.1,199.2,2332.1404,4039735.38,2.4,1713.7,14506.6,78.5877
2019-03-01,102.8757,100.0465,13824.8,14657.7,17683.871,196358.0,1191.0,1295.0,150295.0,3.8,34.5,41.7,7317.0,63.0,27.77,254.277,261.567,103.069,103.058,117.7,200.8,2337.6688,4051283.51,2.41,1725.9,14559.5,78.5337
2019-04-01,102.274,99.4028,13825.9,14643.3,17673.034,195642.0,1272.0,1322.0,150591.0,3.7,34.4,41.6,7272.0,62.8,27.79,255.233,261.997,103.36,103.265,118.5,202.1,2329.2921,4068160.66,2.42,1623.9,14594.0,77.9898
2019-05-01,102.392,99.3987,13877.1,14641.9,17679.59,197708.0,1293.0,1347.0,150618.0,3.6,34.4,41.6,7275.0,62.9,27.88,255.296,262.217,103.435,103.371,118.6,201.7,2333.9824,4082900.98,2.39,1576.3,14703.2,77.9962
2019-06-01,102.4375,99.7717,13924.1,14660.2,17707.372,197972.0,1243.0,1299.0,150838.0,3.6,34.4,41.7,7194.0,63.0,27.97,255.213,262.739,103.484,103.56,118.5,200.3,2338.1213,4093846.76,2.38,1601.3,14798.8,77.9493
2019-07-01,101.9408,99.0618,13989.9,14651.8,17701.297,199018.0,1240.0,1379.0,150937.0,3.7,34.4,41.5,7042.0,63.1,28.03,255.802,263.28,103.622,103.678,118.7,200.7,2345.4616,4117949.98,2.4,1578.6,14882.7,77.4935
2019-08-01,102.639,99.7154,14043.6,14726.5,17779.85,200191.0,1375.0,1482.0,151169.0,3.6,34.4,41.5,7178.0,63.1,28.14,256.036,263.877,103.67,103.797,118.8,199.2,2363.8384,4133850.51,2.13,1586.8,14974.4,77.9497
2019-09-01,102.2917,98.9031,14066.2,14755.6,17812.342,198605.0,1311.0,1469.0,151365.0,3.5,34.4,41.5,7124.0,63.2,28.16,256.43,264.388,103.733,103.873,118.3,198.4,2370.4605,4146108.73,2.04,1504.8,15047.2,77.6205
2019-10-01,101.4281,98.0889,14067.2,14786.5,17847.211,198576.0,1325.0,1523.0,151460.0,3.6,34.4,41.4,7289.0,63.3,28.24,257.155,264.97,103.917,104.028,118.8,198.6,2370.5844,4163507.6,1.83,1547.1,15185.6,76.9099
2019-11-01,101.9372,98.9065,14142.8,14855.3,17908.82,199402.0,1353.0,1535.0,151667.0,3.6,34.3,41.4,6888.0,63.3,28.34,257.879,265.548,104.024,104.092,118.3,199.0,2369.1925,4164527.56,1.55,1595.2,15301.3,77.252
2019-12-01,101.7003,98.9568,14165.7,14796.5,17826.208,199461.0,1548.0,1443.0,151794.0,3.6,34.3,41.4,6699.0,63.3,28.38,258.63,266.02,104.307,104.322,118.4,199.0,2357.6794,4192191.39,1.55,1698.3,15351.5,77.0416
2020-01-01,101.0338,98.6069,14230.7,14945.8,17999.946,198790.0,1581.0,1490.0,152031.0,3.6,34.3,41.3,7124.0,63.3,28.43,259.127,266.716,104.49,104.507,119.0,199.3,2354.1502,4171617.45,1.55,1715.2,15425.0,76.519
2020-02-01,101.3735,98.8309,14181.4,15024.6,18077.882,198777.0,1549.0,1461.0,152293.0,3.5,34.3,41.5,6966.0,63.3,28.54,259.25,267.37,104.573,104.711,118.4,196.7,2350.7326,4185098.21,1.58,1726.9,15492.8,76.7764
2020-03-01,97.4078,94.3639,13249.1,14689.3,17829.921,181467.0,1266.0,1351.0,150895.0,4.4,34.1,41.2,5894.0,62.6,28.73,258.076,267.054,104.271,104.632,118.1,193.1,2564.4862,4169625.96,0.65,2099.4,16034.4,73.7887
2020-04-01,84.5619,79.8587,11798.6,13786.4,19985.052,156632.0,936.0,1079.0,130426.0,14.8,34.2,38.4,4606.0,60.1,30.04,256.032,265.746,103.838,104.293,116.7,185.5,2920.7324,4105366.12,0.05,2953.6,17064.0,64.0847
2020-05-01,85.9604,83.4204,12780.5,14119.0,19138.808,187039.0,1039.0,1251.0,133040.0,13.2,34.7,39.4,5612.0,60.8,29.72,255.802,265.412,103.942,104.402,117.3,188.6,3035.646,4089170.25,0.05,3217.6,17931.9,65.1874
2020-06-01,91.5934,89.9764,13476.8,14445.0,19132.418,201538.0,1266.0,1333.0,137671.0,11.0,34.6,39.9,6129.0,61.5,29.38,257.042,265.849,104.27,104.565,117.7,191.2,2923.9723,4101550.07,0.08,3043.6,18180.0,69.5218
2020-07-01,95.0256,93.2857,13683.5,14562.6,19315.344,203716.0,1526.0,1539.0,139255.0,10.2,34.6,40.7,6530.0,61.5,29.39,258.352,267.389,104.578,104.937,118.4,193.0,2856.0436,4117867.62,0.09,2718.5,18331.4,72.2103
2020-08-01,95.9549,94.6243,13793.0,14728.2,18687.291,204667.0,1396.0,1534.0,140821.0,8.4,34.7,41.0,6429.0,61.7,29.49,259.316,268.422,104.87,105.243,118.5,194.3,2814.9539,4113232.46,0.1,2799.7,18413.3,73.0192
2020-09-01,95.9669,94.5995,13964.6,14905.4,18807.121,208195.0,1473.0,1650.0,141770.0,7.8,34.8,41.2,6511.0,61.4,29.51,259.997,268.933,105.057,105.41,118.7,195.5,2760.0256,4128741.9,0.09,2852.8,18605.0,73.1451
2020-10-01,96.7394,95.5707,14007.1,15127.8,18795.411,207097.0,1543.0,1612.0,142460.0,6.9,34.8,41.4,6798.0,61.7,29.54,260.319,269.306,105.151,105.507,119.5,196.5,2698.642,4134691.98,0.09,2876.6,18759.9,73.8636
2020-11-01,97.0816,96.0944,13970.3,15108.4,18640.614,204645.0,1543.0,1692.0,142733.0,6.7,34.8,41.3,6820.0,61.5,29.64,260.911,269.981,105.258,105.605,119.3,198.3,2637.993,4135727.09,0.09,3034.7,19002.4,74.2637
2020-12-01,98.363,96.8555,14026.7,15089.9,18677.122,205517.0,1614.0,1755.0,142548.0,6.7,34.8,41.5,6773.0,61.5,29.91,262.045,270.341,105.699,105.896,119.4,200.5,2590.9175,4149026.48,0.09,3135.0,19119.4,75.3903
2021-01-01,98.8822,97.7998,14204.7,15086.9,20562.164,212888.0,1624.0,1856.0,142863.0,6.4,35.0,41.6,7162.0,61.4,29.93,262.687,270.387,106.147,106.281,120.9,204.8,2561.8847,4157571.02,0.09,3153.8,19375.3,75.9401
2021-02-01,95.6149,93.7406,14074.1,15098.9,19073.36,206728.0,1398.0,1703.0,143380.0,6.2,34.6,41.4,7827.0,61.4,30.05,263.579,270.793,106.5,106.501,121.9,210.6,2586.8021,4176857.93,0.08,3345.9,19641.4,73.5725
2021-03-01,98.3856,96.6782,14680.0,15241.0,22918.422,227800.0,1688.0,1756.0,144232.0,6.1,34.9,41.6,8499.0,61.5,30.03,264.961,271.459,107.054,106.933,123.0,215.0,2586.9613,4188484.51,0.07,3721.3,19874.5,75.8472
2021-04-01,98.5587,96.8939,14796.0,15377.5,19859.6,228405.0,1489.0,1710.0,144587.0,6.1,34.9,41.6,9346.0,61.6,30.22,266.614,273.66,107.618,107.558,124.3,217.9,2555.9397,4205750.36,0.07,3887.3,20174.2,76.1216
2021-05-01,99.4333,97.9551,14771.4,15456.9,19385.541,225529.0,1600.0,1705.0,145065.0,5.8,34.9,41.5,9954.0,61.6,30.41,268.383,275.465,108.175,108.099,125.5,224.9,2545.3037,4237470.5,0.06,3872.4,20457.5,76.931
2021-06-01,99.7987,97.9706,14892.6,15508.5,19316.247,226100.0,1664.0,1662.0,145820.0,5.9,34.8,41.4,10319.0,61.7,30.54,270.654,277.651,108.76,108.603,126.6,228.9,2476.2883,4388618.86,0.08,3848.1,20472.7,77.3367
2021-07-01,100.2519,98.8487,14869.0,15570.0,19435.463,221335.0,1600.0,1666.0,146762.0,5.4,34.8,41.4,10983.0,61.8,30.66,271.903,278.648,109.256,109.058,127.824,231.85,2450.0483,4405901.33,0.1,3943.9,20630.0,77.7972
2021-08-01,100.0437,98.2683,14970.2,15569.7,19407.737,222071.0,1596.0,1740.0,147314.0,5.1,34.8,41.4,10872.0,61.7,30.78,272.676,278.997,109.674,109.409,128.755,233.415,2428.1448,4423403.41,0.09,4140.1,20844.1,77.7308
2021-09-01,98.8579,97.0654,14990.6,15608.0,19234.211,222581.0,1576.0,1649.0,147771.0,4.7,34.8,41.3,10834.0,61.7,30.98,273.91,279.698,110.034,109.641,129.116,235.678,2416.7921,4447135.68,0.08,4193.2,20985.5,76.8871
2021-10-01,100.1861,98.4333,15085.5,15663.7,19258.34,223675.0,1587.0,1699.0,148572.0,4.5,34.7,41.3,11238.0,61.8,31.14,276.55,281.668,110.762,110.188,130.097,240.465,2421.4054,4464959.71,0.08,4128.1,21164.2,77.9838
2021-11-01,100.8654,99.0146,15115.9,15657.2,19227.878,224034.0,1707.0,1770.0,149230.0,4.1,34.8,41.5,11199.0,61.9,31.23,278.919,283.406,111.5,110.77,131.09,243.287,2436.2572,4490204.4,0.08,4180.6,21341.0,78.562
2021-12-01,100.5726,98.897,15059.2,15610.8,19170.498,220740.0,1711.0,1886.0,149816.0,3.9,34.9,41.5,11520.0,62.0,31.39,280.845,285.18,112.191,111.418,131.344,241.338,2474.0848,4512720.41,0.08,4187.9,21502.8,78.3687
2022-01-01,100.1856,97.9535,15067.8,15496.6,19062.795,223509.0,1693.0,1923.0,150006.0,4.0,34.5,41.2,11210.0,62.2,31.6,282.543,286.757,112.805,111.976,133.074,246.453,2487.9189,4526943.79,0.08,3871.1,21647.4,78.088
2022-02-01,100.8064,98.5223,15077.9,15483.6,19079.074,224289.0,1730.0,1846.0,150825.0,3.9,34.7,41.5,11698.0,62.3,31.64,284.5,288.273,113.471,112.468,134.581,252.66,2499.3377,4558299.13,0.08,3804.5,21725.6,78.5777
2022-03-01,101.3907,98.9704,15156.8,15420.6,18998.629,226307.0,1700.0,1899.0,151315.0,3.7,34.7,41.5,12301.0,62.4,31.8,287.674,289.056,114.469,112.914,137.341,260.014,2538.8537,4598631.98,0.2,3874.7,21788.1,79.0253
2022-04-01,101.44,98.9204,15235.4,15417.5,19006.44,228788.0,1807.0,1849.0,151623.0,3.7,34.6,41.3,11861.0,62.2,31.96,288.561,290.514,114.812,113.307,138.179,265.31,2564.3738,4631140.48,0.33,3615.4,21768.4,79.0418
2022-05-01,101.3335,98.4799,15214.1,15401.5,18963.136,226520.0,1546.0,1711.0,151924.0,3.6,34.6,41.1,11535.0,62.3,32.1,291.298,292.063,115.525,113.703,139.419,273.251,2609.33,4660972.28,0.77,3317.9,21718.0,78.9224
2022-06-01,101.018,97.9383,15223.6,15342.3,18871.331,225834.0,1556.0,1726.0,152358.0,3.6,34.6,40.9,11283.0,62.2,32.19,294.957,294.05,116.638,114.376,140.819,280.251,2665.5908,4698764.18,1.21,3228.4,21647.0,78.6259
2022-07-01,101.223,98.0214,15237.1,15515.9,19050.186,223642.0,1382.0,1707.0,153072.0,3.5,34.6,41.0,11576.0,62.1,32.34,294.913,295.088,116.631,114.628,140.284,272.274,2697.8587,4722381.39,1.68,3258.7,21649.3,78.7204
2022-08-01,101.0963,98.0019,15319.8,15585.4,19115.806,224864.0,1532.0,1565.0,153362.0,3.6,34.5,40.9,10092.0,62.3,32.44,295.097,296.535,116.956,115.276,139.965,269.546,2723.4056,4752120.15,2.33,3305.9,21641.9,78.5438
2022-09-01,101.2918,97.9936,15330.5,15638.0,19158.931,223336.0,1481.0,1586.0,153582.0,3.5,34.6,41.0,10800.0,62.2,32.57,296.349,298.226,117.371,115.788,140.066,267.898,2747.9147,4778706.17,2.56,3131.4,21541.3,78.6087
2022-10-01,101.2529,98.239,15358.1,15614.3,19196.543,224381.0,1446.0,1583.0,153939.0,3.6,34.6,41.0,10447.0,62.2,32.7,298.007,299.399,117.919,116.204,140.74,265.061,2773.0009,4812477.06,3.08,3055.7,21464.1,78.4843
2022-11-01,100.9552,97.4555,15317.1,15618.5,19205.667,220712.0,1434.0,1424.0,154242.0,3.6,34.5,40.9,10632.0,62.1,32.82,298.786,300.325,118.224,116.539,140.785,263.157,2792.5376,4843070.13,3.78,3126.2,21409.5,78.1544
2022-12-01,99.7664,95.7545,15303.6,15662.6,19259.807,218103.0,1296.0,1398.0,154342.0,3.5,34.4,40.6,10902.0,62.3,32.94,298.832,301.394,118.384,116.952,139.78,257.897,2800.5079,4858438.6,4.1,3107.3,21293.2,77.1334
2023-01-01,100.505,97.4332,15501.5,15762.0,19295.401,226434.0,1358.0,1418.0,154776.0,3.5,34.6,41.1,10318.0,62.4,33.02,300.42,302.642,119.018,117.505,140.713,260.227,2814.1478,4873574.92,4.33,3029.9,21274.0,77.601
2023-02-01,100.6416,97.4821,15491.8,15806.5,19362.608,222973.0,1395.0,1605.0,155066.0,3.6,34.5,40.7,9857.0,62.5,33.15,301.45,304.123,119.369,117.929,140.956,258.669,2807.35,4885540.61,4.57,3021.8,21240.2,77.6078
2023-03-01,101.0205,96.8552,15494.0,15882.7,19448.229,220353.0,1366.0,1472.0,155134.0,3.5,34.4,40.6,9655.0,62.6,33.27,301.821,305.147,119.538,118.315,140.995,257.062,2797.0376,4909166.07,4.65,3258.4,20942.3,77.8036
2023-04-01,101.253,97.7738,15541.8,15925.7,19474.528,221398.0,1343.0,1482.0,155375.0,3.4,34.4,40.7,9966.0,62.6,33.43,302.845,306.534,119.951,118.734,141.303,256.908,2767.6207,4920124.19,4.83,3269.5,20758.4,77.888
2023-05-01,100.9286,97.5956,15535.2,15975.5,19532.638,222165.0,1609.0,1579.0,155655.0,3.6,34.4,40.7,9368.0,62.6,33.5,303.334,307.652,120.15,119.083,140.912,253.67,2764.3326,4925699.5,5.06,3235.6,20829.5,77.5496
2023-06-01,100.1196,96.9217,15584.1,16006.6,19553.713,222726.0,1420.0,1447.0,155880.0,3.6,34.4,40.7,9180.0,62.6,33.69,304.014,308.322,120.469,119.39,141.181,253.86,2752.8699,4948993.3,5.08,3265.6,20798.9,76.8467
2023-07-01,100.9067,97.3075,15658.4,16071.5,19596.868,222720.0,1464.0,1530.0,156043.0,3.5,34.3,40.7,8657.0,62.6,33.85,304.609,308.96,120.607,119.556,141.871,253.835,2752.8897,4959788.93,5.12,3178.7,20792.2,77.3773
2023-08-01,100.8393,97.2654,15668.6,16107.2,19622.827,223716.0,1321.0,1596.0,156261.0,3.7,34.4,40.8,9254.0,62.8,33.89,306.082,309.58,120.97,119.689,142.641,257.68,2757.5139,4946750.25,5.33,3228.0,20782.0,77.2588
2023-09-01,101.0211,97.3037,15688.7,16126.7,19628.768,224360.0,1369.0,1530.0,156417.0,3.7,34.4,40.7,9259.0,62.7,34.01,307.276,310.539,121.419,120.058,142.618,258.934,2761.2738,4955832.25,5.33,3239.6,20753.6,77.3375
2023-10-01,100.4689,96.786,15730.9,16186.9,19689.563,222995.0,1380.0,1524.0,156576.0,3.9,34.3,40.8,8580.0,62.6,34.08,307.696,311.457,121.484,120.241,142.258,255.192,2774.0428,4969073.22,5.33,3276.5,20737.5,76.859
2023-11-01,100.8639,97.2483,15786.9,16280.3,19785.645,222402.0,1522.0,1513.0,156703.0,3.7,34.4,40.5,8602.0,62.8,34.17,308.148,312.392,121.493,120.374,141.869,252.856,2767.8002,4993197.93,5.33,3403.5,20749.7,77.1081
2023-12-01,100.6031,97.2445,15851.3,16327.6,19847.006,222282.0,1504.0,1501.0,156857.0,3.8,34.4,40.3,8520.0,62.5,34.29,308.741,313.195,121.66,120.592,141.267,249.866,2764.9288,4988225.98,5.33,3492.0,20779.9,76.858
2024-01-01,99.2223,95.7457,15793.7,16326.0,19932.436,219716.0,1378.0,1548.0,157032.0,3.7,34.2,40.3,8378.0,62.5,34.47,309.698,314.319,122.23,121.217,142.186,251.306,2762.6228,5002475.58,5.33,3507.0,20835.5,75.7542
2024-02-01,100.285,96.9553,15863.1,16335.1,19963.623,220371.0,1555.0,1570.0,157238.0,3.9,34.4,40.6,8440.0,62.6,34.52,310.967,315.564,122.598,121.537,143.26,254.926,2767.0617,5015273.37,5.33,3567.7,20921.7,76.5157
2024-03-01,100.4575,97.0896,15916.3,16349.4,19992.037,220154.0,1297.0,1477.0,157466.0,3.9,34.4,40.6,8206.0,62.7,34.65,312.345,316.792,123.038,122.009,143.784,255.095,2749.6389,5014899.75,5.33,3543.1,20965.9,76.5964
2024-04-01,100.2434,96.564,15945.2,16366.3,20018.113,219665.0,1379.0,1456.0,157530.0,3.9,34.2,40.6,7529.0,62.6,34.76,313.023,317.649,123.341,122.304,144.563,256.978,2743.3657,5016165.95,5.33,3429.5,20955.5,76.3803
2024-05-01,100.863,97.1046,16019.2,16449.0,20111.997,221210.0,1329.0,1405.0,157608.0,3.9,34.3,40.8,7782.0,62.6,34.89,313.175,318.095,123.348,122.383,144.504,255.313,2754.7942,5024842.11,5.33,3376.1,21021.7,76.7961
2024-06-01,100.894,96.9264,16064.4,16456.4,20158.9,221199.0,1318.0,1459.0,157695.0,4.1,34.3,40.8,7416.0,62.6,35.01,313.044,318.39,123.539,122.677,145.321,255.914,2761.7317,5026364.81,5.33,3379.7,21070.7,76.7586
2024-07-01,99.9757,96.1663,16123.8,16473.6,20164.512,222865.0,1269.0,1448.0,157748.0,4.2,34.2,40.7,7426.0,62.7,35.08,313.569,318.94,123.736,122.911,145.264,257.321,2756.7035,5046177.04,5.33,3302.2,21098.8,75.9946
2024-08-01,100.4309,96.6244,16145.7,16494.5,20189.814,221943.0,1394.0,1492.0,157757.0,4.2,34.3,40.7,7520.0,62.7,35.22,314.062,319.75,123.889,123.128,145.589,255.463,2765.3486,5055767.39,5.33,3321.1,21191.9,76.2697
2024-09-01,99.8084,96.0864,16227.8,16500.8,20216.213,223382.0,1357.0,1421.0,157912.0,4.1,34.3,40.8,6943.0,62.7,35.34,314.732,320.732,124.164,123.466,145.671,252.682,2778.8287,5058345.12,5.13,3236.8,21275.5,75.7216
2024-10-01,99.4695,95.4449,16247.7,16531.5,20263.282,224404.0,1370.0,1435.0,157945.0,4.1,34.2,40.6,7379.0,62.5,35.46,315.631,321.731,124.494,123.832,146.291,253.081,2788.8245,5071588.43,4.83,3211.6,21336.7,75.3852
2024-11-01,99.2925,95.7246,16299.5,16590.1,20316.65,224894.0,1300.0,1512.0,158079.0,4.2,34.3,40.8,7566.0,62.4,35.6,316.528,322.657,124.637,123.962,145.994,253.211,2794.746,5065689.77,4.64,3256.8,21454.8,75.1681
2024-12-01,100.3273,96.1524,16415.5,16606.6,20338.298,225836.0,1494.0,1467.0,158316.0,4.1,34.3,40.9,7295.0,62.5,35.69,317.604,323.259,124.979,124.196,146.189,253.423,2771.9429,4947229.57,4.48,3240.4,21487.6,75.8651
2025-01-01,100.0647,95.7673,16316.5,16635.4,20388.396,222993.0,1353.0,1463.0,158268.0,4.0,34.1,40.7,7431.0,62.6,35.84,318.961,324.638,125.417,124.587,147.604,257.36,2669.2556,4955619.41,4.33,3255.6,21539.3,75.5781
2025-02-01,101.0993,96.9554,16297.0,16600.6,20413.875,222590.0,1491.0,1446.0,158310.0,4.2,34.2,41.0,7242.0,62.5,35.94,319.679,325.465,125.921,125.145,148.169,259.498,2672.4448,4957607.46,4.33,3261.2,21607.3,76.2685
2025-03-01,101.0404,97.3898,16423.9,16695.4,20547.128,226195.0,1346.0,1492.0,158377.0,4.2,34.2,41.1,6952.0,62.5,36.11,319.785,325.69,125.941,125.267,148.319,258.525,2672.4789,5021864.24,4.33,3408.3,21684.1,76.1318
2025-04-01,101.1279,97.3314,16446.9,16700.0,20658.839,225550.0,1400.0,1445.0,158485.0,4.2,34.3,40.9,7098.0,62.6,36.12,320.302,326.467,126.15,125.502,148.009,258.392,2660.0334,5038214.15,4.33,3355.0,21770.8,76.1048
2025-05-01,100.9655,97.2482,16423.9,16636.1,20514.16,222854.0,1289.0,1416.0,158498.0,4.3,34.2,41.0,7310.0,62.4,36.28,320.62,326.893,126.38,125.79,148.427,258.678,2673.2668,5048281.76,4.33,3263.0,21836.1,75.8894
2025-06-01,101.4785,97.5794,16466.3,16583.5,20494.762,223835.0,1379.0,1399.0,158478.0,4.1,34.2,41.0,7204.0,62.3,36.36,321.435,327.658,126.743,126.121,148.838,260.491,2680.0988,5043533.83,4.33,3356.0,21942.6,76.181
2025-07-01,101.894,98.0693,16547.5,16677.9,20596.762,225918.0,1432.0,1400.0,158542.0,4.3,34.2,41.1,7089.0,62.2,36.47,322.169,328.682,126.96,126.43,149.898,262.358,2668.2244,5055914.29,4.33,3340.3,22025.5,76.3997
2025-08-01,101.6247,98.084,16595.8,16699.7,20643.762,225814.0,1291.0,1347.0,158472.0,4.3,34.2,41.0,6919.0,62.3,36.62,323.291,329.7,127.293,126.714,149.466,262.11,2682.1466,5058589.78,4.33,3281.9,22092.6,76.1055
2025-09-01,101.668,98.0473,16614.3,16720.7,20670.742,225814.0,1319.0,1444.0,158548.0,4.4,34.2,41.0,7169.0,62.5,36.7,324.245,330.418,127.625,126.954,150.1,262.054,2693.1486,5071963.3,4.22,3068.1,22176.1,76.0461
2025-10-01,101.2195,97.2128,16649.3,16677.0,20618.545,,1273.0,1418.0,158408.0,,34.2,41.1,7170.0,,36.85,,,127.871,127.243,150.439,260.591,2694.8745,5079764.68,4.09,2944.9,22249.8,75.6194
2025-11-01,101.0344,97.1299,16665.7,16685.5,20621.089,226023.0,1319.0,1414.0,158449.0,4.5,34.3,41.3,6846.0,62.5,37.0,325.063,331.043,128.152,127.469,150.58,261.914,2703.5864,5083079.48,3.88,2879.4,22279.8,75.3901
2025-12-01,101.4941,96.9857,16680.7,16651.9,20597.318,225352.0,1378.0,1482.0,158432.0,4.4,34.2,41.1,6550.0,62.4,37.02,326.031,331.814,128.576,127.886,150.773,261.333,2711.3055,5098820.89,3.72,2941.7,22355.3,75.6422
2026-01-01,101.0388,97.0786,16648.5,16667.0,20624.705,224902.0,1385.0,1393.0,158592.0,4.3,34.3,41.4,7240.0,62.1,37.15,326.588,332.793,129.023,128.455,152.145,263.608,2738.3805,5103211.6,3.64,2967.9,22413.4,75.242
2026-02-01,101.9053,97.733,16684.6,16601.6,20532.547,226372.0,1346.0,1540.0,158436.0,4.4,34.3,41.6,6922.0,62.0,37.27,327.46,333.512,129.539,128.961,153.156,269.535,2785.5768,5110389.03,3.64,2956.6,22598.9,75.8142
2026-03-01,101.7543,98.0678,16730.1,16598.1,20505.57,228286.0,1522.0,1363.0,158650.0,4.3,34.2,41.5,6887.0,61.9,37.35,330.293,334.165,130.403,129.343,154.675,276.109,2823.5113,5131428.8,3.64,3016.1,22640.4,75.6332
2026-04-01,102.5198,98.7618,16763.5,16522.0,20440.51,228364.0,1414.0,1423.0,158798.0,4.3,34.3,41.6,7585.0,61.8,37.41,332.407,335.423,130.946,129.681,156.443,282.722,2859.6744,5151608.49,3.64,3018.1,22756.7,76.1369
2026-05-01,102.5099,98.8119,16825.5,16552.9,20483.483,229413.0,1182.0,1410.0,158861.0,4.3,34.3,41.6,7537.0,61.8,37.49,333.979,336.121,131.576,130.147,157.209,290.2,2888.4482,5153586.64,3.63,3078.8,23013.9,76.0642
2026-06-01,102.7868,99.1524,16900.0,16583.2,20539.266,231107.0,1439.0,1374.0,158892.0,4.2,34.3,41.7,7182.0,61.5,37.59,332.568,336.065,131.454,130.338,157.143,286.023,2905.3353,5168141.71,3.63,3018.8,23115.2,76.2029
2026-07-01,102.9939,99.314,16901.3,16614.7,20594.712,229697.0,1309.0,1433.0,158913.0,4.1,34.3,41.7,7271.0,61.4,37.65,332.813,336.789,131.659,130.658,157.155,285.181,2899.498,5186204.07,3.63,3051.5,23218.0,76.2878
2026-08-01,,,,,,231630.0,1275.0,1394.0,159075.0,4.1,34.4,41.7,,61.6,37.75,334.131,337.765,,,157.604,287.928,2944.9953,,3.63,,,
